date,Q1,Q2,Q3,Q4,Q5,Q5_minus_Q1
2012-04-27,0.001176478166137714,-0.008570362991428337,0.0010474656971432756,0.00024923752695362735,-0.011054842179075852,-0.012231320345213566
2012-04-30,0.003524351828542222,-0.0005459046958947389,0.003985601257798541,0.0020919115701343418,0.014197782893036404,0.010673431064494181
2012-05-01,-0.0015793978000634052,0.003415158324445433,-0.0018088051459888873,-0.00039732341289135944,-0.011390812483796243,-0.009811414683732837
2012-05-02,-0.004667876107764412,-0.0032397418381211796,-0.013638850774955092,-0.024779127789960963,-0.012386641352108185,-0.007718765244343773
2012-05-03,-0.01182614415138561,-0.016952792295900975,-0.020984597936074014,-0.02662914834582526,-0.013991424013076093,-0.0021652798616904837
2012-05-04,0.00159650969720784,0.0008865741438627839,0.004067922453273488,-0.005132390006319631,0.000897890439745086,-0.000698619257462754
2012-05-07,-0.004642409997671428,-0.006395085621316088,-0.003431949513785695,-0.00499919686933451,-0.007026872209881274,-0.0023844622122098456
2012-05-08,-0.01109557628687626,-0.009061866516910466,-0.01373110458637334,-0.0041565277730259646,-0.0050183557244308785,0.006077220562445381
2012-05-09,0.00023823955056522116,0.0016803097772909448,0.007767526368838336,-0.010543231508396889,-0.011177169711128875,-0.011415409261694097
2012-05-10,-0.0026431410360268576,0.0011918653624161334,0.0007776311578064169,-0.010942895866332713,-0.0030347194347868367,-0.0003915783987599791
2012-05-11,-0.004661478513647399,-0.00994568338632964,-0.010106293113328065,-0.01554645018508386,-0.010887208766831923,-0.006225730253184524
2012-05-14,-0.0010689552860994908,-0.0035952991538204747,-0.002590268120862074,-0.0066481170545470425,-0.002852173252144885,-0.0017832179660453944
2012-05-15,-0.0020561377065843787,-0.0052368286274033,-0.002188343857774185,-0.010998941875847624,-0.0052075123495743504,-0.003151374642989972
2012-05-16,-0.006607043852965844,-0.007996647640069654,-0.01554638857330648,-0.023881262923599055,-0.02250362783386235,-0.015896583980896505
2012-05-17,-0.011129194602956064,-0.0152669540126683,-0.0012102615686374113,-0.009649305490008342,-0.006336772510824096,0.004792422092131968
2012-05-18,0.0159877921615685,-0.0005832995150537257,0.010160986413594407,0.014175920963372723,0.020983929460295415,0.004996137298726916
2012-05-21,-0.00042692004093206987,0.0028314066408668182,-0.002260103122021579,-0.0011339589915676852,0.0031953958952622096,0.0036223159361942793
2012-05-22,0.010240758953730666,0.0006685083040760875,0.001814775785359774,0.0049245347872584385,0.011851396848215012,0.0016106378944843458
2012-05-23,-0.00957782352643952,-0.0022835057678663117,-0.0017405364991176508,0.0006729947732901697,0.005848545541337247,0.015426369067776766
2012-05-24,-0.0027336838439106937,-0.0035283872772267967,-0.006689315446815046,-0.001349406802184916,0.0037229709279313792,0.006456654771842073
2012-05-25,0.013031106402603533,0.008261796252785026,0.013698162281540686,0.011668606919819847,0.01285074534244166,-0.00018036106016187242
2012-05-29,-0.017508635740493834,-0.0189006778711042,-0.014400902170108872,-0.017839836318808554,-0.014896097231018512,0.0026125385094753224
2012-05-30,0.0011617450441375003,-0.01058658938630901,-0.0027033311719840813,-0.004271406427686209,0.0012038745773907066,4.2129533253206257e-05
2012-05-31,-0.02378698271292627,-0.02577760533359904,-0.027473994698739027,-0.02862974254676709,-0.028142203880377505,-0.004355221167451236
2012-06-01,-0.003539374545398741,-0.006900723590394342,0.0011302394952552586,0.004233691057113275,0.003597350644006914,0.007136725189405654
2012-06-04,0.002256048601634037,0.005175484796192997,0.012644618981554655,0.013766014388900728,0.009497863429101638,0.0072418148274676014
2012-06-05,0.02082975663629321,0.035906606228386685,0.02732687337432507,0.02791220301543913,0.024747612835702017,0.003917856199408806
2012-06-06,-0.008595199329457083,0.00029736089471452674,0.0011672812446583075,-0.007504048599881308,-0.0013431712754899184,0.007252028053967165
2012-06-07,0.005500071172813937,0.0022189961056690464,0.017930432022742568,0.011542346631753598,0.010481212808765494,0.004981141635951557
2012-06-08,-0.011171208360828596,-0.01751151923127243,-0.020391685816035048,-0.015687513155917265,-0.016671606979952534,-0.005500398619123938
2012-06-11,0.009943393138294917,0.01944329821709485,0.013633745238985837,0.013235334506494745,0.01063516581733932,0.0006917726790444025
2012-06-12,-0.009056339360982775,-0.0060240964651555925,-0.004252100042379057,-0.010605843697552386,-0.008811759902450655,0.00024457945853212024
2012-06-13,0.007911850958443427,0.008399262045515544,0.012023149031289673,0.009674682725934091,0.007061753495455037,-0.00085009746298839
2012-06-14,0.00552644061408568,0.01129208393689366,0.019550016367265326,0.023222077366869563,0.010299402265623625,0.004772961651537944
2012-06-15,-0.0005034462330908059,-0.005685928601038015,-0.0019254354245499014,0.0010853950815359447,0.00752171594490948,0.008025162178000285
2012-06-18,0.0055386357125737605,0.011720358846823532,0.012869764452128445,0.019978910163287945,0.014957666835359007,0.009419031122785247
2012-06-19,-0.002374054520760585,0.004924923033784123,-0.005244510417848446,0.004394322746490598,0.0007736329561205402,0.003147687476881125
2012-06-20,-0.0269137173180396,-0.02404482067047281,-0.02233485802991606,-0.02541087119686697,-0.018846337971572136,0.008067379346467462
2012-06-21,0.01774439366538659,0.011303511467400561,0.008630297919660856,0.0049432200770003435,0.00835375337191988,-0.00939064029346671
2012-06-22,-0.020058734212341008,-0.016746292548080723,-0.025607992439582547,-0.0194068823796676,-0.013826509087707306,0.006232225124633702
2012-06-25,0.009022918779794973,0.00039932247070485484,0.0069550046455273285,0.008050602654935669,0.0053766637373565355,-0.0036462550424384375
2012-06-26,0.009389423422701252,0.006459093738590072,0.012238564267894504,0.008932952685198458,0.008166284121380518,-0.0012231393013207338
2012-06-27,-0.007368786330794013,-0.001448705953327889,-0.00523373459588868,-0.0008863347802845256,-0.008172047342789613,-0.0008032610119955994
2012-06-28,0.022849320513810573,0.021905250315899204,0.023696180616070137,0.03837005619666567,0.040467687425980906,0.017618366912170332
2012-06-29,-0.00030633796637157137,-0.00040824140482300655,0.0028115424368186062,-0.0034213725458196896,0.0027366784998067105,0.0030430164661782817
2012-07-02,0.00479649339075916,0.0029835629507921737,0.010443695049629264,0.009335492067033902,0.01350082037816357,0.00870432698740441
2012-07-03,-0.006596341803197804,0.0031363144138877195,-0.0018140581342840356,-0.0016810889765530468,-0.007824054467594066,-0.0012277126643962626
2012-07-05,-0.009497620598612304,-0.013496172968343989,-0.01641456385000602,-0.007006592991284177,-0.014121566767776973,-0.004623946169164669
2012-07-06,0.004491324482136528,-0.007240082097646506,-0.007157086203974582,-0.0035707740447933124,-0.00854804800600666,-0.013039372488143188
2012-07-09,-0.0050846964534555505,-0.004921369152395582,-0.023112046761964853,-0.007743199135242229,-0.008306512101471476,-0.003221815648015925
2012-07-10,0.002563403101562161,-0.003982084392750907,0.0002965483566551328,-0.0034578123112866564,-0.00041785300952296156,-0.0029812561110851227
2012-07-11,0.0007477850306967114,-0.001221826944284854,-0.00451198675982229,-0.006992376119263732,-0.009442341537363697,-0.010190126568060408
2012-07-12,0.01169440177376667,0.01721018303700291,0.024284254005345667,0.019680504465547165,0.017738554223434667,0.006044152449667996
2012-07-13,-0.0030099980169329132,-0.001885935189032173,0.0003245176902508806,0.0005224066439049379,-0.012711022888385682,-0.009701024871452768
2012-07-16,0.010719953340987557,0.009401692847184506,0.003473068756290757,0.003047568153229174,0.0020566381762119556,-0.0086633151647756
2012-07-17,0.00394727786225308,-0.006391393080298358,0.0009790552925245481,0.01901281562663374,0.02110109659940538,0.0171538187371523
2012-07-18,-0.0014656460767349389,0.003828184271070545,0.0037445065184379895,0.006086694200797415,-0.004987356946320409,-0.0035217108695854704
2012-07-19,-0.014652047779650408,-0.008580431320496951,-0.013440344644063677,-0.011989051606766632,-0.022155548520291824,-0.007503500740641416
2012-07-20,-0.011851298228728645,-0.012152342179207576,-0.00904955739784473,-0.01239047194535845,-0.005235107792846694,0.006616190435881951
2012-07-23,-0.013580288847545289,-0.009164693940147772,-0.013300998183704511,-0.00617873237118689,-0.006568404179947374,0.007011884667597915
2012-07-24,0.0007484978613740485,-0.0034285665094203497,-0.027877524623494417,0.012114546754629262,0.010790893087565367,0.010042395226191318
2012-07-25,0.01890578385882027,0.01943479683141769,0.016869715930854772,0.01631095437728216,0.0021511239729619215,-0.01675465988585835
2012-07-26,0.020537931412922743,0.017901395708268895,0.02931431888684948,0.029175033793562233,0.024028642262621757,0.0034907108496990136
2012-07-27,-0.0029130095836482997,-0.004803263223644582,0.00025374255963942865,-0.00575510296966456,-0.0022681888796754366,0.000644820703972863
2012-07-30,-0.006320272924252314,-0.01383188248520073,-0.003177015979393966,0.00338002453587144,-0.005761406623841181,0.0005588663004111325
2012-07-31,-0.00540243958765469,-0.005300634170245022,-0.00539609295596508,-0.005911176213112834,-0.0036028747175680166,0.0017995648700866733
2012-08-01,-0.006943412586623565,-0.0052447777380018375,-0.011062417796443347,-0.012682689216596566,-0.009897755486102023,-0.0029543428994784574
2012-08-02,0.019570749711224647,0.01931815327978732,0.02841289689429348,0.023102150074731508,0.02622139713175553,0.0066506474205308835
2012-08-03,0.0024806306314870685,0.007561357986458084,0.0008705524915989774,0.010986225040281716,-0.0011660787275380002,-0.003646709359025069
2012-08-06,0.01574056763741274,0.01205342366793719,0.008779930387470762,-0.0029846340731072172,0.003342550998656457,-0.012398016638756284
2012-08-07,-0.001942283047049304,0.002809667781473868,-0.00196076982851032,0.0028625915726997685,0.012483408252037009,0.014425691299086312
2012-08-08,0.009210765252827479,0.002431881115910017,0.00023893343144425975,-0.0016725427620170263,-0.0002708758718523163,-0.009481641124679795
2012-08-09,-0.00036351553719925363,0.00035223693954213877,0.005809223946147,0.0006822908749756773,0.003331876903364994,0.003695392440564248
2012-08-10,0.00046378414783473004,-0.0031344326183841754,-0.00011600597631774197,-0.0013399209138000967,-0.0014044290816827786,-0.0018682132295175086
2012-08-13,-0.002900079234596996,0.003584047400120083,-0.0019028036680478848,0.0013509785882943048,0.002123349945972297,0.005023429180569293
2012-08-14,0.000423233333827359,0.006419685109143347,0.001503009978646694,0.006332563970252248,0.00935554892681657,0.008932315592989211
2012-08-15,0.009475726561866385,0.01055656421208503,0.009651294053355606,0.007114574485461855,0.005138888532178643,-0.004336838029687743
2012-08-16,0.003955438983061277,-0.0014585321656412464,0.0025583021661871935,0.0002957939971242163,-0.001713285061788228,-0.005668724044849504
2012-08-17,-0.006201375104391683,-0.0007204407067238572,0.0023834939919496045,0.00353334935921783,-0.0019178798397526454,0.004283495264639038
2012-08-20,-0.004336599075410335,0.0033472779766330453,0.0016585581747020257,-0.004165046758735191,-0.002515902617969257,0.0018206964574410782
2012-08-21,0.002288097020841379,-0.001051406518969733,0.005715808325459482,-0.002356919045347594,0.0036151919683981015,0.0013270949475567223
2012-08-22,-0.010179966357418555,-0.0071536587907444545,-0.00830537762206376,-0.008410460420474896,-0.004651889187240299,0.005528077170178256
2012-08-23,0.00445754967475118,0.0024500848752606274,0.007897084265745412,0.010282423566680377,0.008731357250029426,0.004273807575278246
2012-08-24,-0.00011106898607782245,8.065314087617459e-05,0.0009196233994967681,-0.004235857296024448,-0.0032044017676213787,-0.0030933327815435563
2012-08-27,3.3515937254017615e-05,-0.0038254846947415543,0.0017218312417916553,-0.0032400972775124327,-0.0015827193644234905,-0.0016162353016775082
2012-08-28,0.004677494913006718,0.002373156149537381,0.0005707071653225432,0.006591755526903864,0.00201409474714509,-0.002663400165861628
2012-08-29,-0.0013723708899039647,-0.007043674612457062,-0.008040205947721368,-0.005761423708938851,-0.017543262160543405,-0.01617089127063944
2012-08-30,0.005023662498537041,0.005812938227682441,0.003998765673971259,0.006752844212235043,0.0055122059978604645,0.000488543499323423
2012-08-31,0.003188261184979354,-0.0031843700393763275,-0.0005103993211785291,-0.002028703618625516,-0.018050199165864533,-0.021238460350843886
2012-09-04,0.002065706112833348,-0.004179508051086267,-0.001583531173880363,0.0030899187936181626,-0.003249471715243768,-0.005315177828077116
2012-09-05,0.025108788837715328,0.026167013028283392,0.020909272417112934,0.0230392335804551,0.02726034546399845,0.0021515566262831215
2012-09-06,0.009934642015811092,0.006960655048348053,0.0059095889154924496,0.0008639186212384353,-0.004633553304725246,-0.01456819532053634
2012-09-07,-0.010095911706286407,-0.005795390897234498,-0.007341631665694003,-0.002422647269673994,-0.009722132509601678,0.0003737791966847287
2012-09-10,0.016418140105634263,0.0017491087954626394,0.002995523980828437,0.00011606125930705425,0.011529531083617584,-0.004888609022016679
2012-09-11,0.006947488176352625,0.0027843542655157207,0.004304004458218497,0.006258269359684809,-0.0003121277103816378,-0.007259615886734263
2012-09-12,0.02577628688050167,0.012181190469478098,0.017127522783205305,0.017131073024228515,0.013909017592000417,-0.011867269288501254
2012-09-13,0.006654524335090593,0.009038486911184895,0.004897438267079291,0.006208106989292472,0.005283648556443599,-0.0013708757786469938
2012-09-14,-0.007745246243161728,-0.010353923443238077,-0.0035691935074355753,0.0013522913193319218,-0.0023493271737562993,0.005395919069405428
2012-09-17,-0.010053524909629075,-0.0010603902495694207,-0.0030454442860456954,0.0007563561705296928,-0.003150326130465275,0.0069031987791638
2012-09-18,0.0092995726745528,0.0011467589399443035,0.0034451975533686175,0.0027166343342726273,0.0019464949805547472,-0.007353077693998053
2012-09-19,-0.004065514655206042,0.0013863538259808906,0.0036237103675760608,-0.0019799662480602387,-0.003548611243874977,0.0005169034113310651
2012-09-20,0.0018300398321053285,-0.001871287260825616,-0.0010373279563221204,-0.002164229245673566,0.00418642489554556,0.0023563850634402313
2012-09-21,-0.00048314477038940366,-0.013530162456745775,-0.003252918104565905,-0.005965827550790703,-0.008721272233147958,-0.008238127462758555
2012-09-24,-0.0023859099623138036,-0.004150586061111383,-0.019084209145899745,-0.017095273965538726,-0.023607954023446676,-0.021222044061132872
2012-09-25,-0.0034564671307442613,-0.006097873588709124,-0.006511647974548363,-0.0006834315024734528,-0.003823764418879316,-0.0003672972881350548
2012-09-26,0.005927745413755255,0.01013869903993525,0.007056965662269698,0.016207986322537726,0.012465479163666771,0.006537733749911516
2012-09-27,0.00544040048840259,-0.004665873064407566,-0.005673483817778935,-0.007965531572745788,0.002376903719120049,-0.0030634967692825406
2012-09-28,0.0032195552368057636,0.0033321345298103376,0.004662292870954421,0.008120792987381687,0.000908224411894154,-0.00231133082491161
2012-10-01,0.0012438058846435303,0.003279018109774834,-0.0013896950012391995,0.0004009719622623642,-0.0009059346156458092,-0.0021497405002893393
2012-10-02,0.009111930520787527,0.010526217991455722,0.010414329378720421,0.0019049649249163526,0.002871614064686523,-0.006240316456101003
2012-10-03,0.013490822711574571,0.01018581283311305,0.012109734382906212,0.008676700074274613,0.012579382402100991,-0.0009114403094735799
2012-10-04,-0.002486974830222705,0.0015953527664323785,-0.004434862850513777,0.0044385851777710705,-0.0021686815428780927,0.0003182932873446124
2012-10-05,0.0066050311627255205,-0.0008807241407103872,0.0004138288814657276,-0.005536817795597848,-0.006115916059809523,-0.012720947222535042
2012-10-08,-0.015542050617326782,-0.011851274475947216,-0.011800312617381514,-0.005620521230648978,-0.011322344770269466,0.004219705847057316
2012-10-09,-0.0029834387152716368,-0.007159933663566642,-0.001348030973378178,-0.019453980178624486,-0.007462907846861466,-0.004479469131589829
2012-10-10,0.004792070997160132,0.005090335071613583,0.0004479967190467171,0.006451489912514219,-0.001948954438525019,-0.006741025435685151
2012-10-11,-0.011838047977981738,-0.015013510634013261,-0.003247112111506345,-0.0008586745453402656,-0.0022419834194297716,0.009596064558551966
2012-10-12,0.024216035881404554,0.007459253327664073,0.01446975208847624,0.01121903913126394,0.006263100734044824,-0.017952935147359732
2012-10-15,0.005693162803457528,0.013165530656623115,0.010926432034095079,0.009524907459821175,0.009594574542625878,0.0039014117391683503
2012-10-16,0.005527546650266335,0.00017386526531835145,0.0051497011847384975,0.011310464941359278,0.004747756134874914,-0.0007797905153914212
2012-10-17,0.002415822945092189,-0.005397973285484192,-0.010294911373179982,-0.015757412819910742,-0.009873165139965268,-0.012288988085057458
2012-10-18,-0.017437521823475813,-0.01641906622013295,-0.020680611162016915,-0.017004378212854342,-0.028462553786226686,-0.011025031962750873
2012-10-19,0.001974843035955434,0.00013723722690062168,0.004165707864047385,-0.00011054531312505444,-0.006488112595596307,-0.008462955631551741
2012-10-22,-0.013663299186678092,-0.01331516733482605,-0.014276802385618691,-0.008900742628895874,0.0015190682141104639,0.015182367400788556
2012-10-23,0.0006000034114730503,-0.012850888164127605,0.011994957541372576,0.0001202969205638449,-0.004725043813394225,-0.005325047224867275
2012-10-24,-0.0020409801403904718,0.004683338137928594,0.00451533330044398,0.006092721364343745,0.00016954114693168432,0.002210521287322156
2012-10-25,-0.00494142686876991,0.00017859790259027174,0.0039656912082640435,0.0103444267139999,0.004855322607893564,0.009796749476663473
2012-10-26,-0.007479977121384904,0.014420196151458842,0.0021104865765873226,0.0025342745656996126,0.004135306757075585,0.011615283878460489
2012-10-31,0.011375307808129132,0.01728467337716675,0.015184151009023117,0.017590124413888762,0.009718989815975677,-0.0016563179921534558
2012-11-01,-0.01353255964493917,-0.007705380509465653,-0.0015448626508260065,-0.009111976874896765,-0.00670055169299526,0.006832007951943909
2012-11-02,-0.0010241202453066256,0.007524932724236211,0.006026154437867204,-0.005599851039017778,0.0030128771188846605,0.004036997364191286
2012-11-05,0.005575428373949087,0.012212288661760917,0.011152831715415834,0.005261146651328319,0.008574462637257007,0.00299903426330792
2012-11-06,-0.04213242875407733,-0.02723541686518326,-0.022311760611166853,-0.018984845749375156,-0.01977101796983085,0.02236141078424648
2012-11-07,-0.0069657560864830265,-0.007658694267754373,-0.013419648353644165,-0.01327555507298348,-0.01635106884464892,-0.009385312758165894
2012-11-08,-0.0017101749437010334,-0.0003610999262376291,0.002276758897618081,0.0016838308937912826,0.0037215562230134116,0.005431731166714445
2012-11-09,0.0006639794413220774,-0.0007271165664921476,0.0016604060262818466,0.0016484905252481252,0.006227243906050362,0.0055632644647282846
2012-11-12,-0.004322625015166929,-0.002091220484319889,0.006144536010569424,-0.005333206802425316,-0.00923635916251574,-0.004913734147348811
2012-11-13,-0.020546574556488242,-0.013673060172866458,-0.015988713520045116,0.0033258883239474456,-0.0134983815613809,0.007048192995107342
2012-11-14,0.0006916255580603862,0.001299038218790871,-0.005374525914533257,-0.005224490086980882,0.0008830274065245835,0.00019140184846419734
2012-11-15,0.008343204945186835,0.002730459053520107,0.0043637758699873515,0.01012495722621074,0.00043382893872517814,-0.007909376006461657
2012-11-16,0.017369508936247644,0.014512512852187087,0.01671665483817151,0.025613088118621265,0.0166399865505338,-0.0007295223857138426
2012-11-19,0.0021553063331674308,0.005676787769994784,0.0038677459252656086,-0.0006193035496637079,0.000490413576601223,-0.0016648927565662078
2012-11-20,0.01799489566739486,0.005533361947496695,0.001114047684949282,0.008030704401229116,-0.0010714562905302372,-0.019066351957925096
2012-11-21,0.010574982069585218,0.00912626566704744,0.011802522963629537,0.013692103085022111,0.01831481726645523,0.007739835196870012
2012-11-23,0.0033507059912025123,0.0038141439548119993,-0.004620834962231079,-0.0035557302795828694,-0.0024188057218874626,-0.005769511713089975
2012-11-26,-0.0037512013275813327,-0.0032662986584108935,-0.005505131690710851,-0.00018908820705242356,-0.007998278455598718,-0.004247077128017385
2012-11-27,0.008852222470781743,0.006134739172039616,0.008965182442634268,0.01577064667480388,0.012736063638405048,0.003883841167623305
2012-11-28,0.004500988286681194,0.0016909912767348878,0.008098184300777777,0.0055772281850658524,0.008061126288967758,0.003560138002286564
2012-11-29,0.009169234504291005,0.008479455403840708,0.003585434403446197,-0.000393511577876704,-0.0013131809102896797,-0.010482415414580684
2012-11-30,0.003280926574172005,-0.004993134722157411,-0.0066093758716779805,-0.011195559868417826,-0.004261115233604928,-0.007542041807776933
2012-12-03,-0.0014287047576731185,-0.0007320104749469869,-0.0018125888796127975,-0.0008145248692862817,0.013082343497639815,0.014511048255312933
2012-12-04,0.0033652967761438335,0.004331326590658491,0.001101385349521533,0.0007061266824496592,0.013809446987672346,0.010444150211528513
2012-12-05,0.0029712883999788936,0.003705025833884756,0.0021578448171409082,0.005567790081900737,0.004160300704446529,0.0011890123044676357
2012-12-06,0.011206727248951664,0.002212872096926277,6.685004811068929e-05,0.006207943455295284,-0.0004886202526238725,-0.011695347501575536
2012-12-07,-0.0004343663194643632,-0.0027833068616367252,0.0027073092491281757,0.005422002012570715,0.0011513679329859694,0.0015857342524503327
2012-12-10,0.0020860709800907262,0.009380768972003883,0.008089170171524962,0.013884220383010593,0.008162759141942578,0.006076688161851852
2012-12-11,-0.0010577728332462992,0.0010686522735657733,-0.0004316484042220514,0.005219210586634026,-0.0015526683610233905,-0.0004948955277770913
2012-12-12,-0.0058304605984073055,-0.002872533725457782,-0.0010475358372962983,-0.0024544926853607985,-0.00528090438413128,0.0005495562142760254
2012-12-13,0.0007130754930370323,-0.0047046211901972555,0.006005649698221061,-0.0010625018502319005,-0.01775394317390914,-0.01846701866694617
2012-12-14,0.013825814664965562,0.011419749831029646,0.014972216058178533,0.01160534807401673,0.01568293205696558,0.0018571173920000194
2012-12-17,0.012581559857784938,0.010753860194487142,0.011021442133376658,0.010859247374674641,0.012216431028441476,-0.00036512882934346125
2012-12-18,-0.00020210046653917283,-0.0026102590483906172,-0.006599219995010885,-0.010996143768591472,-0.010433776827186525,-0.010231676360647353
2012-12-19,0.0084055504307904,0.0027886232169782033,0.0039843442252009975,0.0034434777834393194,0.0008003081586724469,-0.007605242272117952
2012-12-20,-0.010185659869981581,-0.01062023305809211,-0.008594801774270888,-0.004636743330636184,-0.01161296749554135,-0.001427307625559768
2012-12-21,-0.0035917471768974383,-0.005511939541701138,-0.0029364728405134044,-0.0010660339175572852,-0.0024842904261821565,0.0011074567507152818
2012-12-24,-0.008530967550745363,-0.0011568325670341163,-0.00978650822163223,-0.0018665987440964482,-0.004752139408551792,0.003778828142193571
2012-12-26,-0.004735887387479999,-0.0014680122014949393,-0.0035524608394502553,-0.000716925077315711,-0.002733590114786244,0.002002297272693755
2012-12-27,-0.007593182347374359,-0.010588284048406171,-0.010406281231821968,-0.014044832353447112,-0.00952754263305391,-0.0019343602856795507
2012-12-28,0.020549945264276212,0.021247917321114883,0.014473455831551662,0.016963980093305353,0.013284590584304446,-0.007265354679971766
2012-12-31,0.02706513393355044,0.03303595998638002,0.02379893178638206,0.026280529859269607,0.026949966439571194,-0.00011516749397924575
2013-01-02,-0.0036276930421122395,0.002950165880775557,0.003489029599712956,-0.006148657239919508,-0.0023405504285508583,0.0012871426135613812
2013-01-03,0.0063280606962739456,0.0059193161801151415,0.0015640717289492345,0.016169130687651346,0.005776637093603265,-0.0005514236026706804
2013-01-04,-0.00019754788018681393,6.671975755417892e-05,0.004543636563225539,-0.0007719772552617132,-0.004761439144613499,-0.004563891264426685
2013-01-07,-0.004586862522822453,-0.00240434162044918,-0.003688600988945567,-0.0024035134623120458,-0.0029951576238595235,0.001591704898962929
2013-01-08,0.00973602896726459,0.005656533862962776,0.004126178463015074,-0.0017780286376012922,0.004121798933187526,-0.0056142300340770645
2013-01-09,0.002093142664947435,0.01314663273393879,0.005324260880939602,0.007899385631167466,0.007505952444814034,0.0054128097798665994
2013-01-10,0.001950721906523863,-0.0017788100860303801,0.008521368386153949,0.003347730066424426,-0.0018210172851660378,-0.0037717391916899006
2013-01-11,-0.0030272848452790203,0.0022381793374181337,0.0005222452635669228,0.0011690919167137825,-0.004733675113475622,-0.0017063902681966015
2013-01-14,-0.0006782339351085495,-0.0026785280604205374,0.002651245444375927,0.003520680919463781,-0.002676394333190513,-0.0019981603980819634
2013-01-15,-0.0007432578931298142,-0.005974930167833003,0.0013847084273793553,0.0003654976132329901,0.0009632704863965613,0.0017065283795263755
2013-01-16,0.008149132821583853,0.005686777296884482,0.0021766274743099554,0.006908989973891966,0.00112033300036658,-0.007028799821217273
2013-01-17,0.002275811694536155,-0.002683553582200826,0.01399862840517584,0.0037229483491597382,-0.006078651650696554,-0.00835446334523271
2013-01-18,0.00592949603513974,0.003035597817443969,0.0008831666573884567,0.0010013507633008568,0.005585760404813789,-0.00034373563032595155
2013-01-22,-0.00172196516429663,-0.0003857063661625748,0.0030038051719416758,-0.0020736140952626212,0.02630521285783649,0.02802717802213312
2013-01-23,0.0030864904583827795,0.03652653408293423,0.0042827244383113585,0.003991313819606423,0.007907705196186355,0.004821214737803575
2013-01-24,0.023036733631871826,0.00915984958460978,0.008691603198636622,0.0032278510467311896,0.00043131469999435623,-0.02260541893187747
2013-01-25,-0.005637910106394435,-0.002121602586360938,-0.0027758983570787764,0.0008366453540372798,0.004469431247552125,0.01010734135394656
2013-01-28,-0.003984562666516232,0.0010665178560505307,-0.0006038034236003686,0.00854526565865229,0.008925808546124014,0.012910371212640246
2013-01-29,-0.003241481364746754,-0.008124915528106014,-0.0033045225503654406,-0.001695268693228491,0.005456734984288269,0.008698216349035023
2013-01-30,-0.00233867069547955,-0.00024363457963590962,-0.004127796017888796,-0.002680424667704995,0.0038028077350146126,0.006141478430494163
2013-01-31,0.012600551855833345,0.011318432294711167,0.004131812908425625,0.009573691411427466,0.013283313158025977,0.0006827613021926325
2013-02-01,-0.017603439439597288,-0.028475628696854494,-0.010335174628983835,-0.006500216961516614,-0.016770697202085592,0.0008327422375116952
2013-02-04,0.016597899802425653,0.011947823112763123,0.014972657082803764,0.01376053490937168,0.001461905467047997,-0.015135994335377656
2013-02-05,-0.003088103345042762,0.0021769724326061723,0.008221140390553439,-0.001949784462887283,-0.0018062262603491864,0.0012818770846935758
2013-02-06,-0.002952788977122626,0.00023663925718527822,-0.006131508491600679,-6.642632045815722e-05,-0.00833507674281404,-0.005382287765691414
2013-02-07,0.0006607541519108769,0.0042826157531735244,0.008542690293812539,0.006385715492525345,0.002527468179315806,0.0018667140274049288
2013-02-08,-0.004027669187395154,-0.004974226917518221,0.0035769166176761956,-0.0016865858062917849,0.00448096567833739,0.008508634865732544
2013-02-11,-0.006004710552878483,0.00504814504449389,0.005066375687722902,0.0005664137084463005,0.004481685934586021,0.010486396487464505
2013-02-12,-0.0018158522309086817,0.0042206321203780315,0.004105608516870374,0.005643671989248056,-0.0005926550283095966,0.0012231972025990852
2013-02-13,0.0019516331470294955,0.0008264092035014881,0.0072764691849608095,0.0006881239383851212,0.004060206470607441,0.0021085733235779456
2013-02-14,-0.003524403148286812,-0.00454150516965296,-0.00023925519794477658,-0.00013295600811313868,0.002115154846013789,0.005639557994300601
2013-02-15,0.0070639865182213395,0.016253588096975434,0.01384692952425819,0.008795023840506866,0.0036931594804032962,-0.0033708270378180433
2013-02-19,-0.014413165344403067,-0.016519765606605806,-0.013653315691518763,-0.016383077338897944,-0.009291562348999116,0.005121602995403951
2013-02-20,-0.0028388284403490197,-0.012634404459391336,-0.006708169164723843,-0.012876274447933067,-0.010295534781139926,-0.007456706340790906
2013-02-21,0.006088249728225464,0.010991572105933278,0.0027529483172805346,0.013046247854086169,0.011337933045628423,0.005249683317402959
2013-02-22,-0.005940315315462981,-0.017926921480843083,-0.010376193558576708,-0.0219040587632528,-0.031857718920584234,-0.025917403605121254
2013-02-25,0.0022801603661863406,0.004966691375556664,0.003589628049930993,0.003971283688604987,0.01228754576847182,0.01000738540228548
2013-02-26,0.010963759233587833,0.010171048580606657,0.014387142103400108,0.010644909834255289,0.022132766578001915,0.011169007344414082
2013-02-27,-0.001025936459764429,0.0006193990003858895,0.00010537469552623913,-0.0042695925272762,-0.0006854531074469983,0.0003404833523174308
2013-02-28,0.0036398329250597727,0.0021724197122883647,0.0013664591631974755,0.009769970978132658,-0.0004626574350135249,-0.004102490360073298
2013-03-01,0.009315888686475446,-0.00023247421270420344,0.005674339084743807,0.0012086531761123954,0.007109397039521337,-0.002206491646954109
2013-03-04,0.009624251933383319,0.00527602317540673,0.011919371757682363,0.013442117589496838,0.01179744211992173,0.0021731901865384116
2013-03-05,-0.0033148116350380694,0.004980344531144332,0.004386084898027831,0.008422341378783749,0.0007434204835340852,0.004058232118572155
2013-03-06,0.0021097748029903496,0.0028577866339558277,0.003480646369971341,0.0023870311147643044,0.008971369489917669,0.006861594686927319
2013-03-07,0.004653858924589249,-0.0019048953400137459,0.002933674502405015,0.00454697150190615,0.003823160965919603,-0.0008306979586696463
2013-03-08,0.004273214359871763,0.0021221216666600486,-0.0006654614634729272,0.003562631250710546,0.0033626558238303516,-0.000910558536041411
2013-03-11,-0.0026751149784254302,-0.004071782114577993,-0.0036177768838091206,-0.0025002517816860915,0.00043983517775005867,0.003114950156175489
2013-03-12,0.003061545828771026,0.0017373365808618813,0.005943850035572196,0.0008183522296282941,0.00016206762394136432,-0.0028994782048296615
2013-03-13,0.002323377832935236,-0.0017340727107876374,0.00031138238720938014,0.0016841087269293341,0.006095560841296444,0.0037721830083612077
2013-03-14,-0.007852573607396725,-0.0037320507312789907,-0.009494755602065964,-0.005424124828511967,0.0028418947950650587,0.010694468402461783
2013-03-15,-0.0014543210208185003,-0.009530141409533155,-0.006261567731265116,-0.00510687605669159,-0.0060014015131740536,-0.004547080492355553
2013-03-18,-0.0005239194803783937,-0.004807569753011376,0.0005104812290641969,-0.005720437550590274,-0.002155907176281724,-0.0016319876959033303
2013-03-19,0.005846882024514567,0.011515402555493836,0.004908320123351339,0.009931460330922215,0.00640342285865807,0.0005565408341435029
2013-03-20,-0.007427200585040995,-0.019374118847869527,-0.011162780352104306,-0.007438071280823022,-0.010092881311460656,-0.0026656807264196607
2013-03-21,0.007825319269837613,0.0011744152279545728,0.00779237218971135,0.003952747425647196,0.006952329242091715,-0.0008729900277458982
2013-03-22,-0.0021309263682107848,-2.4647819703838002e-05,-0.0050353636953682,-0.003970766796818559,-0.005623253165681774,-0.003492326797470989
2013-03-25,0.010792402355146705,0.01173658407874636,0.006656582163809421,0.012682154045233018,0.006873794022260538,-0.003918608332886167
2013-03-26,0.00314140074434488,-0.0013179236721456932,0.0010083101288465457,-0.0021686337059852344,0.005473223490690871,0.002331822746345991
2013-03-27,0.006411958147392322,0.007866132701376849,0.0032692174850499243,0.00033943645319133297,0.002215852304646826,-0.004196105842745496
2013-03-28,-0.003959278838411666,-0.0074464030308407534,-0.006097322189519805,-0.010640619635873783,-0.005304701577929671,-0.0013454227395180056
2013-04-01,0.015900969722770948,0.00639757951028902,0.007598889917324802,0.0057722529631833,-0.00042017466596195875,-0.016321144388732906
2013-04-02,-0.00639809737244786,-0.005617433972927998,-0.011867115200790002,-0.01924416283553927,-0.014727438905444534,-0.008329341532996675
2013-04-03,0.00475602102136304,0.006065347903175045,0.001945741573967219,0.006815176258355415,0.00136786920178531,-0.0033881518195777297
2013-04-04,-0.007702082928911576,-0.0041009061923236055,-0.006737751899933997,-0.008270127671533156,-0.002540097405682362,0.005161985523229214
2013-04-05,0.002362044879080526,0.009000950735152724,0.009540561016018745,0.00241069322714661,0.021911166709633702,0.019549121830553177
2013-04-08,5.4828072902912695e-05,6.0729091057687426e-05,0.006115134290673429,0.00747204716179658,0.005355094906756919,0.005300266833854006
2013-04-09,0.010913156621282165,0.011744082740982953,0.018010447834304655,0.016209572964197873,0.011824565871996706,0.0009114092507145413
2013-04-10,-0.0065802553924144075,0.0002213858568110849,0.004627201109894019,0.004447957379554568,0.006557839097393148,0.013138094489807555
2013-04-11,-1.1805240488185457e-05,-0.0008757248988379484,-0.002277365292573319,-0.005546639559124178,0.000817524132381342,0.0008293293728695275
2013-04-12,-0.020186090776194106,-0.016527638706612467,-0.020434843918006297,-0.017068521139675864,-0.024051155250599587,-0.0038650644744054816
2013-04-15,0.008908119069653449,0.016390440800696515,0.01816395182340689,0.012403143986107756,0.01749166139954448,0.00858354232989103
2013-04-16,-0.009646902526701591,-0.013169186266232402,-0.014885197788407845,-0.022073555772590882,-0.018255570225880823,-0.008608667699179232
2013-04-17,-0.014739710337711561,-0.010947858710714931,-0.015545215560060966,-0.006443869955900161,-0.007851072904550272,0.006888637433161289
2013-04-18,0.009883007194739632,0.009612780092516215,0.0149286977099095,0.0032399680614921935,0.007701071508056911,-0.0021819356866827205
2013-04-19,0.005471113087306794,-0.0011661254591610714,0.0023917135789531586,0.010081813406343143,0.006847932224168718,0.0013768191368619233
2013-04-22,0.005016418210356773,0.009566281505342078,0.03570152576306925,0.01987087912515769,0.014948860715462309,0.009932442505105537
2013-04-23,-0.011947483503108432,-0.0064840839701175825,0.004363846813925076,0.0031007152823535277,0.005499565023533215,0.017447048526641647
2013-04-24,-0.005555441914467835,0.007327671556100246,0.006505669430769889,0.0037700595652392366,0.0032382983418290157,0.008793740256296851
2013-04-25,-0.008908970012018525,-0.0014564100691236148,0.0024357388236122546,-0.0028604088281245386,0.0016636163004467796,0.010572586312465306
2013-04-26,0.011176784959219773,0.008538932725744741,0.004518116696450048,0.004227436278393925,0.0034836143109529425,-0.007693170648266831
2013-04-29,0.009085461321125898,0.010487331856865201,-0.001326390531802779,0.0007672418559302674,-0.0020312091892091266,-0.011116670510335025
2013-04-30,0.00337575650941786,-0.012533392489004569,-0.01026913987785114,-0.005336698422288022,-0.009748464946313207,-0.013124221455731066
2013-05-01,0.013359176856045008,0.010839195147038605,0.008132136988798399,0.013825911262861257,0.01301371577740138,-0.0003454610786436281
2013-05-02,0.01278946167965036,0.010549787113699227,0.006430329212050412,0.011506995782442964,0.013604462417522344,0.0008150007378719838
2013-05-03,0.00379230960510295,0.00232055126252072,-0.0014285808056580863,-0.001532765437748318,0.010566442556725786,0.006774132951622836
2013-05-06,-0.0036977860292305544,0.0010870361625771375,-0.0005926916730073728,0.0024933086985437503,0.0032998453984252165,0.006997631427655771
2013-05-07,0.018219292526345042,0.006026935455719395,0.0074515773383742375,0.003340506956199041,0.00476846234357563,-0.013450830182769411
2013-05-08,-0.0027187491190997946,-0.0031241219618550085,-0.002981001520438853,-0.00038608107044182385,0.0017391529793706617,0.004457902098470456
2013-05-09,0.0076790380107877535,0.006789245859648563,0.00871035269163708,0.00894196388822741,0.0034124855106042575,-0.004266552500183496
2013-05-10,0.00042885935014792543,0.00033389113587314336,0.00429890300871848,0.003999884183082625,-0.0005327414575802547,-0.0009616008077281801
2013-05-13,0.013268202521041106,0.011804765967527331,0.011548356998208687,0.012951687329236915,0.0085983369986103,-0.004669865522430806
2013-05-14,0.013218739606504104,0.00925027402372447,0.010276599887639714,0.006914469324473138,0.004391383274733751,-0.008827356331770352
2013-05-15,-0.018639569352307296,-0.008663497505011697,-0.007645434752934055,0.008600353015676099,-0.00211018572420425,0.016529383628103047
2013-05-16,0.018776046414044557,0.008987489074113009,0.00690435407933343,0.013945538304432037,0.009996886534947569,-0.008779159879096988
2013-05-17,8.580763109466982e-05,-0.005020023452497924,-0.0025582823559177513,-0.003245553491624531,-0.0017236764974617013,-0.0018094841285563712
2013-05-20,0.001315647341276971,0.004450555010937163,0.0016162638307766653,0.0011136948124005007,0.008025394494967752,0.006709747153690782
2013-05-21,-0.00867781807478869,-0.012988124318073002,-0.005910601994309883,-0.011882965711579142,-0.004969427635907098,0.0037083904388815914
2013-05-22,-0.004111029610745764,-0.005416311922751549,-0.004982941913103389,-0.0021780248235796053,-0.006804325946945355,-0.002693296336199591
2013-05-23,0.002941829056682854,-0.0028262828586947397,0.0010665526508892298,-0.004993463385914121,0.0036497465591687206,0.0007079175024858665
2013-05-24,0.009781900141877842,0.007331388419602336,0.008984582056713297,0.0029382488136350583,0.0030345921487036744,-0.006747307993174168
2013-05-28,-0.005362270973798111,-0.009665873111369294,-0.006544727326880606,-0.005954021073542681,-0.005834826704358686,-0.0004725557305605751
2013-05-29,0.00821509954715427,0.010404872603592564,0.014870710098369632,0.0028710525608102388,0.014690903606554085,0.006475804059399815
2013-05-30,-0.01194516715810181,-0.00848423745405732,-0.019044909318356486,-0.009988841493950374,-0.013536724361821939,-0.001591557203720128
2013-05-31,-0.002581361864758003,0.006274438458354981,0.0016623320401905172,0.008015276792066327,0.004578896034866331,0.007160257899624334
2013-06-03,-0.006177591897146439,0.0002889948919515883,-0.006988887726538018,-0.004271892386725218,-0.009516918239084515,-0.003339326341938076
2013-06-04,-0.01630695511240029,-0.015539408920437958,-0.012945370844270531,-0.015029234265551372,-0.014322867886448376,0.0019840872259519124
2013-06-05,-0.0033987621738425177,0.005997798017881961,0.006063291988029651,0.00719268732358117,0.012785540704121967,0.016184302877964483
2013-06-06,0.019078304332036434,0.00803052242272071,0.010902378117174183,0.016762471233761355,0.01671648591882622,-0.002361818413210214
2013-06-07,0.0014042460750313568,0.00244152118738431,0.003569618864300761,0.0012154224074857334,0.004018780896116181,0.0026145348210848242
2013-06-10,-0.021761423882240328,-0.011460163416859858,-0.017257776075133346,-0.00860190368317415,-0.008986340105359114,0.012775083776881213
2013-06-11,-0.012709422251306557,-0.00996101820033135,-0.004005505019959899,-0.006514542567536308,-0.010915097476931002,0.001794324774375555
2013-06-12,0.014741149944536448,0.00837113956798089,0.01138857048625903,0.01618766640174163,0.01891516673832614,0.004174016793789693
2013-06-13,-0.010065697619511949,-0.007955596349270577,-0.0019733689581177606,-0.005739565411035263,-0.006944140095560647,0.003121557523951302
2013-06-14,0.013024088845208004,0.007724345244448727,0.011094590398717952,0.016560819989857388,0.010026681115331115,-0.0029974077298768886
2013-06-17,0.009228262385350627,0.007986892635861631,0.0070310618158647585,0.006849103618414243,0.007050155432676575,-0.0021781069526740525
2013-06-18,-0.00839995903079016,-0.010531135913511703,-0.010331119184044436,-0.0024477527703456793,-0.014925886714668912,-0.006525927683878751
2013-06-19,-0.021005271843845597,-0.025900955804753455,-0.023122788514411675,-0.02801332348460266,-0.030682140819241487,-0.00967686897539589
2013-06-20,-0.0022095093323358126,0.00811964296840958,0.003900402148982074,-0.006018363590526909,0.009955490127992139,0.012164999460327952
2013-06-21,-0.014044463456502043,-0.012771017810724095,-0.015898187583986034,-0.0062557469400634,-0.01009734799251787,0.003947115463984173
2013-06-24,0.00828047503880298,0.008813623996303565,0.008246218915903002,0.0030109359278259417,0.01633684167981452,0.008056366641011538
2013-06-25,0.006532516838265856,0.00831895877367772,0.010562096616702942,0.012909336165713058,0.006865751574118883,0.0003332347358530269
2013-06-26,-0.0004563210416578034,0.007077615034418294,0.008985732578960747,0.009952455020083484,0.0034296448991702143,0.003885965940828018
2013-06-27,-0.011307513380684142,-0.004474044961707513,-0.00486276521171064,-0.015020017605354718,-0.0036179053970982755,0.007689607983585867
2013-06-28,0.0010749005460590432,0.009543473870857699,0.0007309139834530187,0.011582568363588518,0.010636275959083097,0.009561375413024053
2013-07-01,-0.00628573052932897,0.0009740274593625254,0.0017223091504684706,-0.002322105130418373,-0.0012933962591673565,0.004992334270161614
2013-07-02,0.0014233497163534058,0.004288754152320251,0.0018870509690241954,0.001869877846780521,-0.0007556215108628251,-0.002178971227216231
2013-07-03,0.008343100077483845,0.008536802825512457,0.013212496937820983,0.007080042713637003,0.016687008626910214,0.00834390854942637
2013-07-05,-0.0016625237129562099,0.010522012377796142,0.0017939005136503705,0.009867701740729307,0.007822097461479448,0.009484621174435659
2013-07-08,0.010901293625404106,0.005320627023016411,0.008805886827307086,0.008758228523770917,0.011631093683974691,0.0007298000585705851
2013-07-09,-0.003731140465248706,-0.00035210742149703876,-0.0010547748976765358,0.003726768781662548,0.005981948166110751,0.009713088631359456
2013-07-10,0.012502414891218793,0.014706191531846602,0.01588880539426383,0.005623476878336986,0.025048175445413823,0.01254576055419503
2013-07-11,0.005037298503289789,0.002879276966409716,0.00550609793056972,0.009142468662171943,0.005101191392389371,6.389288909958157e-05
2013-07-12,0.0021337275735041515,0.004590141057208896,0.005106204410985926,0.00044246589704435293,-0.0027171289099000686,-0.00485085648340422
2013-07-15,-0.0043233706955413285,0.00023157197273003803,-0.004807879030629725,-0.00017318427761902065,-0.006174465599293843,-0.0018510949037525148
2013-07-16,0.000917491780761337,0.0097995824214813,0.000437110965711196,0.0012962139241245007,0.0025905535386371082,0.0016730617578757712
2013-07-17,0.003919622439512704,0.006059504412591699,-0.0038501158884487684,0.000854532838799249,0.01277470983507012,0.008855087395557414
2013-07-18,0.0006723838189741204,-0.013339191264630356,0.009673255842003759,-0.007774930619992915,0.004028107115633661,0.0033557232966595404
2013-07-19,0.0036200405599430053,0.003925030103062277,0.0012258200740715153,-0.0014474178194077924,0.003950821220164024,0.00033078066022101905
2013-07-22,-0.0026309109468363734,0.005837002725310769,-0.0047681682949042405,-0.0029035349771708075,-0.004511917476276462,-0.0018810065294400883
2013-07-23,-0.0068885986359356385,-0.001926777424258974,-0.009908798700793541,0.002930155338118212,0.0007793036193822322,0.007667902255317871
2013-07-24,0.0034384070494561715,0.005434824975379471,0.026916112504593682,0.0133447700721126,0.002411285602889823,-0.0010271214465663483
2013-07-25,0.00024722581207266004,0.0006122077008451687,-0.0017088761036850864,0.0014276184870478438,0.003522826357705111,0.0032756005456324507
2013-07-26,0.0022666047262590696,-0.004545435413171095,-0.0048372971520357685,-0.007607892043625397,-0.0019212987881975674,-0.004187903514456637
2013-07-29,0.009641224398844728,0.0011567180086884288,0.0022067531582925628,0.0014856311844308467,0.005444590849737363,-0.0041966335491073654
2013-07-30,-0.002970135048836886,-0.00836969088141255,0.000711915465754398,4.968296866164623e-05,0.002129425967698673,0.005099561016535558
2013-07-31,0.016245635757658295,0.011734846621878292,0.013271258950813335,0.012380039152941702,0.010979023241399977,-0.005266612516258318
2013-08-01,0.005505598635736519,0.004402197230818239,-0.00203235204743456,-0.00033626722470193605,0.002263471716920762,-0.0032421269188157575
2013-08-02,0.001902477944605996,0.0007051151691348067,-0.0023025734289016664,0.002573389933700765,-0.0019282911059422703,-0.0038307690505482665
2013-08-05,-0.004079513686968528,-0.007042863344368389,-0.008866943526102256,-0.006984048931063946,-0.003949774415312701,0.00012973927165582655
2013-08-06,-0.006997933730166439,-0.005811845806872229,-0.0015879058423887704,-0.0031763699350409458,0.00603360689827559,0.013031540628442029
2013-08-07,-0.0027053446897523092,0.0014758166567036435,0.005655561123947184,0.0072170724619322725,0.0006380580807134551,0.003343402770465764
2013-08-08,-0.0074374754511377095,-0.0013903646134658444,-0.006077401320365572,-0.005231245052670331,-0.0014614923946210333,0.005975983056516676
2013-08-09,0.0005396231165186504,-0.00045863961799893496,-2.1465635266082474e-05,0.0006000022133775928,-0.0032913037299822203,-0.003830926846500871
2013-08-12,0.0018508524512310998,0.010224457046322766,-0.0019021366984114606,0.003283198690892275,0.005899571528794101,0.004048719077563
2013-08-13,-0.006916805122921111,-0.005551138066501471,-0.00539112167825373,-0.0020311745029877094,-0.007412443341751928,-0.0004956382188308177
2013-08-14,-0.0172101440177029,-0.02042141515779159,-0.015031289420440663,-0.018263915359428617,-0.013308711223080739,0.0039014327946221596
2013-08-15,-0.001466580237908377,0.000560641592094946,4.363139180660891e-05,0.0008834113829220613,-0.00332360764041989,-0.001857027402511513
2013-08-16,-0.009438094200565062,-0.008035211903216422,-0.004038275739218733,-0.002169247668099561,0.00033543157752318197,0.009773525778088245
2013-08-19,0.008630005689700048,0.004668057896683286,0.0006797808739315014,0.002214370625996542,0.00048201312278794983,-0.008147992566912099
2013-08-20,-0.0054034054044317156,-0.00711264917397314,-0.0003122807007392869,-0.0025266254251494757,-0.006542302594396854,-0.001138897189965138
2013-08-21,0.009523342316285344,0.0061539650126989365,0.005391655516401139,0.010438991476857007,0.005006828537995634,-0.00451651377828971
2013-08-22,0.015378583553841396,0.0013722259286672034,0.0020737812197625825,-0.0014581023759528632,0.003998165254167463,-0.011380418299673933
2013-08-23,-0.0021946232267945785,0.007009729526779762,-0.0059482894294288656,-0.003490839158566039,-0.0006551035232260416,0.0015395197035685368
2013-08-26,-0.025988542226641487,-0.022098615129486944,-0.018208918375320904,-0.0150870821200766,-0.014995971723746438,0.010992570502895049
2013-08-27,0.010921445019760511,0.0058609090762595465,0.0028401674051822035,-0.0010378551459457098,0.0039406459938678305,-0.0069807990258926806
2013-08-28,0.003912659766083515,0.0003663602633009355,0.006250388165798393,0.005411079132832652,0.0008694338628845056,-0.0030432259031990096
2013-08-29,0.007051418793808106,-0.0031095799162623172,-0.0048560263299613935,-0.0024564729376948535,-0.0065116728843849,-0.013563091678193006
2013-08-30,0.006470970945144183,0.003680380074754841,0.007959280877957931,0.0073481022626018635,0.007790811504237727,0.001319840559093544
2013-09-03,0.0031811767066004413,0.007094263381481269,0.006932083371797004,0.010966815791621686,0.00964043971724221,0.006459263010641769
2013-09-04,0.00206659473154569,0.003017162251659433,0.0011423796531800702,-0.0010057127458585335,0.006739565142541248,0.004672970410995558
2013-09-05,0.0017342672824928406,-0.0008597836861912623,-0.001365292004517371,0.00048065313106090415,0.002436435291602834,0.0007021680091099936
2013-09-06,0.010838739321295577,0.011951925943200515,0.012274294659927465,0.009350206548317553,0.01117520857380061,0.0003364692525050332
2013-09-09,0.015381036111723279,0.009818088432363935,0.01712276899258668,0.010944288941084313,0.00931652849136102,-0.006064507620362258
2013-09-10,-0.0006003491948524453,0.004330616175916924,0.006477358614063844,-0.0007103078781246275,0.001842869995679519,0.0024432191905319643
2013-09-11,-0.005903073762536215,-0.0036664992889027916,-0.007451460177093671,-0.0028163574302030427,0.002198361104308,0.008101434866844216
2013-09-12,0.005477681341594365,-0.000506452056220319,-0.0016890943935047088,0.0038415298291701538,0.003433189257609459,-0.0020444920839849056
2013-09-13,0.007550383265111216,0.002436848931101554,0.008087404147751432,0.004178163435719751,0.004144090824653624,-0.0034062924404575923
2013-09-16,0.005693388234388785,0.00872508453537022,0.00033757375517936563,0.007746286904947453,0.013797527928694386,0.0081041396943056
2013-09-17,0.00997258108313368,0.011180425006444606,0.015244912359003316,0.007761237543877397,0.020042228048926247,0.010069646965792567
2013-09-18,-0.00431897919558063,0.0019451490769544666,0.0007621484534276246,0.005462503864054458,-0.008898814957527113,-0.0045798357619464825
2013-09-19,-0.0006351170400158646,-0.003550986484110563,-0.007683179114648708,-0.0029176352562056973,-0.004434051454348054,-0.003798934414332189
2013-09-20,-0.007612576261659387,-0.009238493666095304,-0.007330208960916284,-0.0076126019884600995,-0.00963667947625423,-0.002024103214594842
2013-09-23,0.000671776275982483,-0.0029619664554398463,-0.006381759936460707,-0.0026534809022183414,-0.002708037480266512,-0.0033798137562489946
2013-09-24,-0.004132372603676726,-0.004216427710965853,0.0013513949300193561,-0.004992818638151497,0.0022552683922827275,0.006387640995959454
2013-09-25,0.0031284347382272482,0.006124315303919892,0.004315443958566434,0.0007468976583029585,-0.0024458848592091797,-0.005574319597436428
2013-09-26,-0.0012642057740161361,-0.005832796976390131,-0.004480568307113774,-0.005285949810243273,-0.007846749001090359,-0.006582543227074223
2013-09-27,-0.007628187126565234,-0.0061919938426686525,-0.005367860710574679,-0.008305358377325999,-0.0043414575757360074,0.0032867295508292264
2013-09-30,0.017332363721618903,0.006295497771997549,0.007600739643713228,0.005728762673195198,0.006547910284955982,-0.01078445343666292
2013-10-01,0.0014201156892459156,-0.0017274294035063199,0.0011753878772252202,-0.002054017803847874,-0.002524278666109192,-0.003944394355355108
2013-10-02,-0.009455553789826631,-0.011892010165951839,-0.006840652938599557,-0.008885746915904224,-0.011544426204209191,-0.00208887241438256
2013-10-03,0.006513053056910157,0.0030989106719684577,0.012010909780700263,0.006117123297866611,0.0024588721209780283,-0.004054180935932128
2013-10-04,-0.013293885532280326,-0.01554634360693774,-0.007071790438482573,-0.009265603218084695,-0.00698374059161011,0.0063101449406702155
2013-10-07,-0.019326288698324444,-0.01668764146835473,-0.013839557824466886,-0.015257675950778548,-0.004602191187694093,0.01472409751063035
2013-10-08,0.0036774484035586807,-0.0033415026455311135,0.004405997561077124,-0.00778128498428311,-0.0012582769281593298,-0.004935725331718011
2013-10-09,0.024647248537900478,0.02547852414409939,0.024529104896059018,0.023559396051814542,0.0256737934437282,0.0010265449058277226
2013-10-10,0.007702816101735399,0.004660147649414137,0.006772725386459244,0.006371779745321282,0.007653960473139343,-4.885562859605584e-05
2013-10-11,0.001879632802080622,0.004614380777481553,0.005863989448248818,0.00486292308355678,0.015192339798247556,0.013312706996166934
2013-10-14,-0.005551267691328643,-0.002673692138047057,-0.009087941825883095,-0.0061980000252443435,-0.00490948009914437,0.0006417875921842734
2013-10-15,0.015326315610802244,0.01740529814575258,0.012287246120119532,0.016301747352059838,0.017734347795107897,0.0024080321843056533
2013-10-16,0.009802612384776777,0.010174940712354818,0.00796492390596013,0.005178701425803045,0.0037908216452380516,-0.006011790739538725
2013-10-17,0.0032602986566510504,-0.006782948799719202,0.022135868118424617,-0.0005153855531369267,0.001658112632408415,-0.0016021860242426355
2013-10-18,0.0001261410234338456,0.008620069494558857,-0.002759821505083959,-0.002840057812168417,0.0015859708235362758,0.0014598298001024302
2013-10-21,-0.0027401332559575443,-0.0032794216356898274,0.00459964776251216,0.0017883885677176248,-0.0020411306644540494,0.0006990025915034948
2013-10-22,-0.007295184974264113,-0.006583801732510575,-0.006010659543121144,-0.007910576534875435,-0.004604039587513131,0.0026911453867509818
2013-10-23,0.004330166824163628,0.005298538907079287,0.009474465853863667,0.002318127599837294,0.005115675548161313,0.0007855087239976855
2013-10-24,0.006651316207751823,-0.0009751320020192523,0.002306265334767521,0.005565908047336088,0.013588613021076468,0.006937296813324645
2013-10-25,-0.0031462168392151655,0.005745678136816301,-0.0004246053153728169,-0.0063017598600495165,-0.00291374558980525,0.00023247124940991562
2013-10-28,0.004432006289237689,0.003799128170506516,0.010128434552735288,0.0094518611072397,0.00468914438875645,0.0002571380995187609
2013-10-29,-0.006535379307229405,-0.005199162288329839,-0.008971753375556802,-0.005933259122915258,-0.006890383228798857,-0.00035500392156945226
2013-10-30,-0.0017368468423662354,-0.003831092627518906,-0.003613827809581549,-0.0037534884389773594,-0.00197071118824762,-0.0002338643458813848
2013-10-31,0.0024961293590719637,0.0028657574961464816,0.004233247013689212,0.002834243323956709,0.01132216999227742,0.008826040633205457
2013-11-01,0.0001579469660845212,0.004299140512123778,0.000282091088159675,0.0028515864360753153,-0.0018622830130314294,-0.0020202299791159508
2013-11-04,-0.0013699291910262534,-0.0024562954852556107,0.002365525383650835,2.1460042928189704e-05,0.0019698972262814363,0.00333982641730769
2013-11-05,0.00928032895820472,0.004267327116118269,0.0028649873326273,0.007951108011863817,0.006490987612468346,-0.0027893413457363734
2013-11-06,-0.011202548856925443,-0.011192295941198683,-0.017990481435726735,-0.015963714339574366,-0.014722801208730419,-0.0035202523518049755
2013-11-07,0.006665277428257022,0.015087336778559345,0.023564508842607967,0.014094137912617589,0.018209708385886425,0.011544430957629404
2013-11-08,0.0005887374808209445,0.0015580672588529465,0.003063823085434525,0.004605718886744348,0.00043540041225020865,-0.0001533370685707358
2013-11-11,0.0013105552550984,-0.005897374473326588,-0.0025277996640253875,-0.0008667353775092979,0.0032839480771330474,0.0019733928220346474
2013-11-12,0.010381749485036784,0.006243704139682904,0.011911606503710148,0.008951742993348855,0.014112336689688232,0.0037305872046514473
2013-11-13,-0.009416368859184687,0.007350332921717673,0.004976674695680005,0.004170204197989214,0.006276997781519666,0.01569336664070435
2013-11-14,0.006472502150379778,6.858132054408106e-05,0.0071548584094803915,0.003678920002366326,0.008149770748726604,0.001677268598346826
2013-11-15,-0.0035307900285919793,-0.00828062437385053,-0.0089494522588618,-0.0015013558998542176,0.001438697917837195,0.0049694879464291745
2013-11-18,0.0010681489043596003,-0.0034372857841870274,-0.0011103819810548755,-0.0027116960614343875,-0.005074548231123266,-0.006142697135482867
2013-11-19,-0.003042911769545764,-0.004574161670211074,-0.0037016624354795245,-0.00972597807249712,-0.00015567593462549877,0.0028872358349202655
2013-11-20,0.009854260355112231,0.00636296597019812,0.011296923213360344,0.007912036232248176,0.006302372662686029,-0.0035518876924262024
2013-11-21,0.004278668558226051,0.0023431892555440537,0.006011741142993188,0.005029862167932409,0.0005078874633444808,-0.00377078109488157
2013-11-22,0.005210609620654338,0.0001232681022233284,-0.0009284176815697931,0.0006966658357776434,0.00204125368174467,-0.0031693559389096683
2013-11-25,-0.002574957963130786,0.0002471388453981427,0.003213068700862287,0.005844632706087871,0.0022706761301406362,0.004845634093271422
2013-11-26,0.005210347720490871,0.0038386963019319876,0.00447326524232351,0.0055803364385651364,0.0008672434559234942,-0.004343104264567376
2013-11-27,0.004418047531922464,0.0004287548045268208,0.001139160000674766,-0.0016540358896721785,-0.0021388181933285734,-0.0065568657252510374
2013-11-29,-0.002264428605013802,-0.002089589254727897,-0.0005521410285166728,-0.004175888872554279,-0.003022864637723799,-0.000758436032709997
2013-12-02,-0.004297622928520961,-0.005667414272567606,-0.009211944505690762,0.0020309754435794748,0.0008285355808211548,0.005126158509342116
2013-12-03,-0.0013988775644222407,0.0018193155604614986,-0.0021000029658714394,-0.0003442579721843475,-0.0006616242817239493,0.0007372532826982914
2013-12-04,-0.005868023406032263,-0.003942945589551339,0.00022033189554432342,-0.006617749059752398,-0.005022402542480808,0.0008456208635514552
2013-12-05,0.006918102658101566,0.0068363607457880725,0.014928759982510132,0.011850298863891651,0.0142393286552412,0.0073212259971396345
2013-12-06,0.002205903367572337,0.0047486294897108984,-0.002591035239563044,-0.0012756291646654704,-0.0001542064998818371,-0.002360109867454174
2013-12-09,-0.0023254411251819596,-0.002922558358789762,-0.0011168885836840502,-0.0017252787369282264,0.0036703352161623014,0.005995776341344261
2013-12-10,-0.015037442408380796,-0.007047673299623825,-0.009029535175449289,-0.011579165408635206,-0.0032233794703706575,0.011814062938010138
2013-12-11,-0.0030581588858199617,-0.003147419327390899,-0.004852114714460331,-0.009680006958314868,-0.003605167056604963,-0.0005470081707850015
2013-12-12,0.0017607541659735771,0.006587537310923419,-0.00039840345084519725,0.009944360697151999,-0.0022066887569541227,-0.003967442922927699
2013-12-13,0.00244908308589844,0.0064580497382011,0.011466326086708067,0.0026337706927592854,0.00806951273273535,0.00562042964683691
2013-12-16,0.0016255928353338446,0.004400934154504377,-0.0038186266271133195,-0.0006467747178668382,-0.0047816812336538336,-0.006407274068987678
2013-12-17,0.015921009754190817,0.023298947564795024,0.018626507199744124,0.015879032762717647,0.01942747569819494,0.0035064659440041217
2013-12-18,-0.005964246990397171,-2.873784254995293e-05,-0.0012246381917201954,0.004677165353307089,-0.004184460548839008,0.0017797864415581626
2013-12-19,0.0024609334281335826,0.006053903236586422,0.011065133218495593,0.005238209586045484,0.006116023139282567,0.0036550897111489846
2013-12-20,0.009403068491164202,0.005398231587745228,0.009306736262893045,0.010302378711282478,0.0008595280716129583,-0.008543540419551243
2013-12-23,0.001668034098142024,0.0036256526896340513,0.0021461321231360463,0.0019274672664129743,0.000383986117280144,-0.00128404798086188
2013-12-24,0.007380258047854404,0.004914078835921365,0.002547119627083294,0.003588983801746437,0.006401109328807631,-0.0009791487190467735
2013-12-26,0.0018737717175170033,-0.003268441768179575,0.000674627267809158,-0.0025090618211991876,-0.0008100165437287532,-0.0026837882612457563
2013-12-27,0.002727347846036854,0.00035369465107314423,0.00047784879012564564,0.0003435733069974023,-0.0038891564265838064,-0.006616504272620661
2013-12-30,0.004870283046329127,0.00472485999415122,0.004661426033279703,0.0033905347795276765,0.005250132420530229,0.0003798493742011022
2013-12-31,-0.009298768159246507,-0.006523236758896744,-0.00968401469360145,-0.006752839475976924,-0.0006971488068141296,0.008601619352432378
2014-01-02,0.0007622436567619739,0.0005790678597586641,0.0014272488754708656,0.0044459437981149265,-0.0012955261312404876,-0.0020577697880024616
2014-01-03,0.00821900533419263,-0.004253896269399404,-0.00412465607376773,-0.0070006730237406,-0.0008964894601032891,-0.009115494794295919
2014-01-06,-0.003984259190006489,0.012818551420857527,0.012518209508386512,0.0018097540733174266,0.003070217628829308,0.007054476818835797
2014-01-07,0.0028376339628491064,0.002030576415434726,0.0016279297338080644,0.0021128577653598767,-0.003053763166660728,-0.005891397129509835
2014-01-08,-0.00321078938120426,-0.0009103167698257031,-0.0010592327983293681,-0.0005362351163268664,0.0027280712838285925,0.005938860665032852
2014-01-09,0.0010791117938722782,-0.0003557913523677847,0.002121631834012494,-0.0015536119954738137,0.0008879674745645328,-0.00019114431930774547
2014-01-10,-0.013075096522186492,-0.014173520349145452,-0.007718851206196786,-0.012201648046644286,-0.013136234972049498,-6.113844986300673e-05
2014-01-13,0.00955422865869927,0.014323381489963783,0.013873249150445854,0.015591428375272099,0.009237376174043632,-0.00031685248465563795
2014-01-14,0.017051605379530467,0.005418400171130222,0.004637994838927273,0.013655859275068205,0.005417217357079829,-0.011634388022450638
2014-01-15,-0.001987708928878984,-0.0018406772137958937,-0.0027199968585033263,-0.005889001883442069,0.0007491890741114559,0.00273689800299044
2014-01-16,-0.006199796348647679,-0.0005501946912698785,0.0007788368985839012,-0.005948632998073711,0.0033526034708529105,0.009552399819500589
2014-01-17,-0.0013551744797597244,0.005072290071421781,0.00044672201145115056,0.0013541223816799675,0.0005549603484619303,0.0019101348282216546
2014-01-21,0.006906756189248231,-0.0005727792121968611,-0.006654274275993721,-0.005927312554272035,-0.0018632104310892684,-0.008769966620337499
2014-01-22,-0.015892366972961557,-0.013280962703344713,0.008454725858757273,-0.0069429558949539285,-0.009198751234288538,0.006693615738673019
2014-01-23,-0.025250426759393395,-0.02446041375786978,-0.021649043757381727,-0.015125850866639678,-0.02134313704492321,0.003907289714470186
2014-01-24,-0.005107719988518245,-0.005086349582126293,-0.0034987863608202164,-0.008201761776354477,-0.002388895083727727,0.002718824904790518
2014-01-27,-0.001732644183805021,0.008687769939716716,0.014728121613304524,0.009437738375159243,0.016575572607507017,0.01830821679131204
2014-01-28,-0.009468066814874287,-0.014552476783522107,-0.009707276860160596,-0.017128985970041023,-0.010836577334258468,-0.0013685105193841814
2014-01-29,0.013600590913708077,0.012230309937728967,0.014666949907907078,0.027615452745169078,0.012830737924276725,-0.0007698529894313525
2014-01-30,-0.009006434899741188,-0.0051148379258056376,-0.005680230659469076,-0.013227279658591629,-0.005965981866005577,0.0030404530337356118
2014-01-31,-0.026983660855063783,-0.020728150991933814,-0.024265455054981566,-0.024047623691461073,-0.016867988592559592,0.010115672262504191
2014-02-03,0.013676352709880324,0.0025817117923449652,0.006833988504718958,0.006473653230688825,0.0013620127502400824,-0.012314339959640241
2014-02-04,0.0021246114197426167,-8.229840817097766e-06,-0.0036413526889711558,-0.0008993181046796139,0.0004377403742094277,-0.0016868710455331891
2014-02-05,0.00956150322638304,0.01225709298140203,0.0189302917381445,0.011060375462678306,0.01618171161254034,0.0066202083861572995
2014-02-06,0.01189472617555809,0.016222197204545052,0.016591791606843542,0.009728802772046175,0.015833031500253482,0.003938305324695392
2014-02-07,0.003604781620249198,0.0008077755751192516,0.002718453990245795,0.004934007337945023,-0.000596919723597178,-0.004201701343846376
2014-02-10,0.008824407786093513,0.013355310875540339,0.00862466113189363,0.014172788292609062,0.014367660022304541,0.005543252236211028
2014-02-11,3.337461328796198e-05,0.004192436453109338,0.0025486444692099488,0.004689474344545075,-0.0038887952817292957,-0.003922169895017258
2014-02-12,0.010081657173512216,0.004230924165138794,0.004592933379090202,0.005196198116315842,0.008568354212278972,-0.0015133029612332434
2014-02-13,0.005061209198934347,-0.0010672169684648014,0.00476895428201185,0.005374352544894767,0.0036877855560769946,-0.0013734236428573523
2014-02-14,-0.000284387210508219,-0.0005240286548828799,-0.0009104369988103156,0.0046109292958362415,-0.0021720898189556024,-0.0018877026084473834
2014-02-18,-0.0004450651915905435,-0.005941944636800356,-0.00568015040900779,-0.0063597773469490585,-0.013365940112609942,-0.012920874921019398
2014-02-19,0.010460872426246538,0.0012370051266183736,0.004275992779689608,0.006819750983082051,0.005812752815520084,-0.004648119610726454
2014-02-20,-0.005098664243126305,0.0007785226209684693,-0.0014581404295548662,-0.0028182623104583415,-0.0009882583247293076,0.0041104059183969975
2014-02-21,0.00936706278476751,0.0047259026423572496,0.009621793058933636,0.007242356207316014,0.008556226057936777,-0.0008108367268307333
2014-02-24,-0.007668475712041012,-0.0017694824049122703,0.0017738066239553652,0.003393784050155335,-0.0006368040929982221,0.00703167161904279
2014-02-25,0.0058959079597996735,0.005150762783746199,0.0017603108271676215,-0.0003560489452097082,-0.0006429471475542404,-0.006538855107353914
2014-02-26,0.0020986035435049065,0.004829352710869528,0.006825431984114783,0.00630323197761744,0.008653201548364575,0.006554598004859668
2014-02-27,-0.004705824333783126,0.0014028442510504613,0.0020949979130042372,0.0030961629864440622,-6.858504690850919e-05,0.0046372392868746165
2014-02-28,-0.006382927808133787,-0.0073684901846709505,-0.010345192449794694,-0.012078886658719501,-0.01155497420076691,-0.005172046392633122
2014-03-03,0.014837541115441843,0.014472876323888561,0.016391025730334775,0.01832718612724944,0.02140631775115487,0.006568776635713026
2014-03-04,0.0017398765510113212,0.002794894993524466,-0.00014762587996598465,0.005536421294208238,0.003749183697474445,0.002009307146463124
2014-03-05,0.004070602380213473,0.0002751102994237198,-0.0002619765344546443,0.0005043053533014708,0.0008751030433871044,-0.003195499336826369
2014-03-06,0.004472757383057258,-0.0035628185005663004,-0.00406046305587876,0.006976162850624001,-0.0015683833379126154,-0.006041140720969873
2014-03-07,-0.0026928043559817485,-0.002850865903079114,0.0023204574336944117,-0.0027681215044124572,0.003907520178497248,0.006600324534478996
2014-03-10,-0.009115379534042534,-0.003315039152585375,-0.002300187796999098,-0.0010015992738413248,-0.0006975167652077841,0.00841786276883475
2014-03-11,0.003020523680535581,0.00046564458482809543,0.000368130810211742,0.005015861165426428,0.0019099314956100844,-0.0011105921849254964
2014-03-12,-0.015753812302574798,-0.015616710967155733,-0.008327586034146383,-0.015080943489644815,-0.018542326147097686,-0.0027885138445228885
2014-03-13,-0.00366863747358902,-0.008514867713028795,-0.005521513917356347,-0.005358029298998734,-0.005875656030004328,-0.0022070185564153078
2014-03-14,0.007374123876246674,0.010824863431318676,0.005844672172929566,0.014740165718039733,0.011923022399998595,0.004548898523751921
2014-03-17,0.009586189110545384,0.007450940945621409,0.012216183923598734,0.006241893599489001,0.005065454387131951,-0.004520734723413433
2014-03-18,-0.007124571025959514,-0.0005390752948311595,-0.000544744164982447,-0.0007581023346107552,-0.006683723178586754,0.0004408478473727599
2014-03-19,0.017928491846737848,0.008155588235143296,-0.0011724973198964594,0.004107501436200811,0.004781224610540891,-0.013147267236196957
2014-03-20,-0.002520937260153966,-0.012671495004304312,-0.0045501084281611036,-0.0053727813474755744,-0.0034914170216298057,-0.0009704797614758396
2014-03-21,-0.005127392862638203,-0.001867614005677576,-0.004935646087250123,-0.011891759937500756,-0.010146334148312907,-0.005018941285674704
2014-03-24,-0.00097999496211868,0.00859277434961352,-0.0003694467980960625,0.0012259030591107555,0.0031012440706054134,0.004081239032724093
2014-03-25,-0.004051732307693556,-0.005237667437044025,-0.008102334343262785,-0.011038581773046851,-0.010525828992207309,-0.0064740966845137525
2014-03-26,-0.006630454553974974,-0.004008490515773766,-0.008269809778514936,0.0017464851241692169,-0.005539797199103691,0.0010906573548712826
2014-03-27,0.005938662561503616,0.0042950137562089985,0.0027461495269943794,-0.0009520098859225334,0.0006152801334275204,-0.005323382428076096
2014-03-28,0.0070079759601894605,0.006657677363355941,0.013671161126651487,0.009167419712576442,0.005529323715257761,-0.0014786522449316995
2014-03-31,0.006524107123864619,0.005155188067279215,0.008752824465454268,0.004617962402835707,0.01787661220319592,0.011352505079331299
2014-04-01,0.002184233826067894,0.0011317073136740906,0.0013821499763291168,-0.00022850970194442376,0.0031402427056384076,0.0009560088795705136
2014-04-02,-0.004469114427334819,-0.0033914230373029873,-0.014185698729902597,-0.006374900946194339,-0.003144782087920639,0.00132433233941418
2014-04-03,-0.016997025763803596,-0.008180342093038806,-0.01533266393557845,-0.02449577735916645,-0.01830149614148292,-0.0013044703776793239
2014-04-04,-0.012848704614280938,-0.011404753060963491,-0.0013515436621607702,-0.016547853454235095,-0.009065347431438487,0.0037833571828424506
2014-04-07,0.006065391999645797,-0.0010381511609707794,0.010114446358201624,0.005329854175077498,0.00460054527012409,-0.0014648467295217075
2014-04-08,0.0030492800380307107,0.011295899982578472,0.018406451681960312,0.023244584626186636,0.020779136114401763,0.01772985607637105
2014-04-09,-0.010753087075889057,-0.02702862364600268,-0.025555751731441322,-0.03369546195525206,-0.030805971451709303,-0.020052884375820246
2014-04-10,-0.010360800531674718,-0.0037783622907981208,-0.01665930244831897,-0.01287750712419634,-0.01720706211648145,-0.006846261584806734
2014-04-11,0.007921163094734163,0.010207283921592814,0.01540042624148531,0.010325108727310739,0.011111260061443884,0.003190096966709721
2014-04-14,0.006127751926574032,0.010022545232565594,0.00908602297141089,0.0073639005860629105,0.010041682324250368,0.003913930397676336
2014-04-15,0.005450277490019628,0.017403716805687575,0.011561882850771166,0.007864880376638095,0.007549456450165482,0.0020991789601458536
2014-04-16,0.00639599525279525,0.0015885936056659444,0.0016754204357666835,0.0008386520338770964,0.005975880045933191,-0.00042011520686205915
2014-04-17,0.0005361900126636066,0.002410857257098542,0.0029889063598401043,0.00879994976552687,0.015503955619762356,0.014967765607098749
2014-04-21,0.0048949882487621,0.01056010930637018,0.006158476189087525,0.006633197058179041,0.010562885878063543,0.005667897629301443
2014-04-22,-0.006389388973201404,-0.00942871971263779,-0.006989150549973411,-0.004369438352776101,8.330278361426969e-05,0.0064726917568156735
2014-04-23,-0.0012962838939341802,0.005263524799042152,0.004038694263184972,-0.0006620861690632251,-0.0006452834424263365,0.0006510004515078437
2014-04-24,-0.028780400016929553,-0.011516047513570226,-0.011062003671393827,-0.017459826686916778,-0.009229802266310294,0.019550597750619257
2014-04-25,0.002296363306262894,0.0036208703049260826,0.0004865429798250664,-0.007565394411046733,-0.00822538513685589,-0.010521748443118784
2014-04-28,-0.0013667758887615732,0.0014685381693051113,0.009361503629379176,0.00853715316238709,0.015777014761606468,0.01714379065036804
2014-04-29,0.002276238720780299,0.00040422387397893723,-0.000753099179856187,0.009277087796015281,0.006419696140430309,0.00414345741965001
2014-04-30,-0.0027008187429521046,-0.0017740622268029415,0.0028216354472536897,0.007706459289044354,0.006868816288568569,0.009569635031520673
2014-05-01,-0.004919325393688801,-0.005250467620861077,-0.0047392656998686,-0.0006302236501284697,0.0019563144788193876,0.006875639872508188
2014-05-02,0.009406003063348656,-0.002471669663380838,-0.003964281047929142,-0.0014001911103780796,0.0019038400056632266,-0.007502163057685429
2014-05-05,-0.017954088261641167,-0.01332065336064322,-0.011353301054015563,-0.008356200783961387,-0.011281679989884063,0.006672408271757104
2014-05-06,-0.002563985698681326,0.007111180095378045,0.003706144831025426,0.004897446778089676,0.007719952841830568,0.010283938540511895
2014-05-07,0.00041210360572431216,-0.0003426164671270548,-0.0002060362081536482,-0.0007589318234093922,0.005411518354133249,0.004999414748408937
2014-05-08,0.0020396330225356694,0.002896618341852164,-0.0028800675179986857,0.0029039806752407136,0.007242257784144579,0.00520262476160891
2014-05-09,0.007412356045359026,0.007024143382711623,0.008041152902107862,0.022758370881486877,0.021029318992416824,0.013616962947057798
2014-05-12,-0.0007453567682593754,-0.0020772975277367433,0.004588897436685479,-0.0018903997690039366,0.00017479944302797312,0.0009201562112873485
2014-05-13,-0.004538226446873605,-0.0067471200869931745,-0.004543617511546494,-0.007128623082572649,-0.0025555208917588668,0.0019827055551147384
2014-05-14,-0.014521430435356331,-0.011830555293478906,-0.011237653141794557,-0.010646743569045181,-0.006476006071531692,0.00804542436382464
2014-05-15,0.004783820695869701,0.00719504880804217,0.00840401458093204,0.006589826777165075,-0.0006693833094803536,-0.005453204005350054
2014-05-16,0.007967715991559876,0.009520761058778337,0.005642386645687503,0.0045863435131063505,0.0031810351228343083,-0.004786680868725568
2014-05-19,-0.009566774563836367,-0.00462583832333423,-0.00528673436485263,-0.008582435338108697,-0.004552562180680964,0.005014212383155403
2014-05-20,0.006451076530593891,0.008281370332609306,0.009361739376114554,0.009960880770243064,0.009585959174281544,0.003134882643687653
2014-05-21,0.003421571603514728,0.005136699348096696,0.0006920491293759045,0.009168192049797375,0.002832297948176454,-0.0005892736553382741
2014-05-22,0.008540903185658099,0.006587920742600506,0.0026554240070135295,0.0037157169396820457,0.0046805062551459106,-0.0038603969305121884
2014-05-23,0.009128014581229893,0.008441418457245298,0.006392993247547596,0.005550721127968439,0.0038020252009269397,-0.005325989380302953
2014-05-27,-0.004412457873589515,-0.0014243079277667548,-0.0031844773260746085,-0.0034189203704823702,-0.0013963311299092563,0.0030161267436802585
2014-05-28,0.00927889591863853,0.002197814094268058,0.007206748912164163,0.004591061276278019,0.0054633480592298,-0.0038155478594087307
2014-05-29,-0.0030033508125070106,-0.00048483342267406914,0.0016812639432550402,0.0035764490053548314,0.00020158394279686797,0.0032049347553038785
2014-05-30,0.0013081978410946272,-0.0014494212074773638,-0.0010542691103138102,0.00011181200955958647,0.003029950438342166,0.0017217525972475388
2014-06-02,-0.00031921589699762665,-0.0011756681234381117,0.0003192524154349563,-0.000941234753582898,-0.004305680116013499,-0.003986464219015873
2014-06-03,0.00501941034312956,-0.00037549298676419206,0.0020571924183758862,-0.00012187926115444502,0.00442848137524079,-0.0005909289678887701
2014-06-04,0.0035537118799626177,0.006406071968346028,0.010530979638422644,0.00836533406535912,0.014045835038206268,0.01049212315824365
2014-06-05,0.0027346695377479247,0.004302331709105089,0.008491415143385517,0.004565315224086985,0.006884761859023059,0.004150092321275134
2014-06-06,0.0025986080634743058,0.006996232616231291,-0.0006976910035631056,-0.0028315955614975795,-0.0003529770248981823,-0.002951585088372488
2014-06-09,0.0008558958626867508,9.443621771698663e-05,0.005366806838173066,0.00253577154023481,0.008390805172688953,0.007534909310002202
2014-06-10,-0.002787190852199417,-0.006200379853357463,-0.001294274492806813,-0.00030272037224398084,-0.0029507107458741633,-0.00016351989367474618
2014-06-11,-0.00790644900504912,-0.007856200021242099,-0.007139444479261991,-0.011907034034908536,-0.0054440269212045036,0.0024624220838446167
2014-06-12,0.0018466940483747641,0.003012458434623011,0.0006272986061028995,-0.0016406156392231197,0.0017835201982445148,-6.317385013024932e-05
2014-06-13,0.003268310879214553,-2.3362732150766786e-05,-0.004883400622669498,0.0009504580080920922,0.0011125580947171422,-0.002155752784497411
2014-06-16,0.010534567964692255,0.0064368873726443395,0.006156176850450235,0.0017462701419360127,0.00427921879387867,-0.006255349170813585
2014-06-17,0.0016360852904235834,0.011824491686373617,0.012688534907373938,0.007132009530145911,0.005684792064510802,0.004048706774087219
2014-06-18,0.0008486076150773236,-0.002618685870142623,-0.004205349942024905,0.0009766302123689562,7.810960275642654e-05,-0.0007704980123208971
2014-06-19,-0.002011331383673376,0.00560741595546026,-0.005502790764947219,-0.00018496991730531097,-0.0023590818499593436,-0.0003477504662859677
2014-06-20,0.00011980952480947771,-0.0028768180620841076,0.00042048263600513724,0.0029432155189658693,0.0008843261985769568,0.0007645166737674791
2014-06-23,-0.005206340282862432,-0.007864168487590362,-0.00577562665773762,-0.0019569423161037826,-0.011103841045693508,-0.005897500762831076
2014-06-24,0.006608464703700856,0.0043755942046580735,0.0029626544444486093,0.008006618580406832,0.003871256021271685,-0.002737208682429171
2014-06-25,-0.0001885411549181648,-0.0027000777378939135,-0.0029417308782750617,-0.004852622729327227,-7.798574416143512e-05,0.00011055541075672968
2014-06-26,0.0010955586332234036,6.487681795283028e-05,-0.0009433577227952906,0.00023812777467970835,0.00662310458083093,0.005527545947607526
2014-06-27,-0.0021933554699463675,0.00373268952826622,-0.00025411710506842986,0.0013289114212975516,0.0018458285482722547,0.004039184018218622
2014-06-30,0.007995592709061916,0.015473989215280226,0.009566682592983622,0.010841606024036544,0.005335767355764243,-0.0026598253532976734
2014-07-01,0.007178227415691807,7.398485941607635e-05,0.00011676082587472881,0.0021052230563890716,0.0010119224182193799,-0.006166304997472427
2014-07-02,0.0032465135413555003,0.004953993244971744,0.012820547406600125,0.0046322295019360915,0.0055923457930235785,0.0023458322516680783
2014-07-03,-0.003022983342926289,-0.005860098114008216,-0.007434112717365671,-0.007659733196041107,-0.003941084904549985,-0.0009181015616236965
2014-07-07,-0.0073943544539475155,-0.008826219640008437,-0.010242953171127089,-0.014216068613109856,-0.010982795171459614,-0.0035884407175120984
2014-07-08,0.007975939993206694,0.0018704872285381646,0.003849971869211777,0.002497855473362942,0.006247462774399115,-0.0017284772188075788
2014-07-09,-0.004181260520634333,-0.004713739288455676,-0.002956728654433927,-0.0054980129736253765,-0.0051542896650542125,-0.0009730291444198791
2014-07-10,0.0003922823387113361,-0.0025200286210303015,0.011608680718485642,0.006442682843009773,0.0017555916414542017,0.0013633093027428655
2014-07-11,0.005017885314661819,0.01531729001893225,0.0060547285428768525,0.0055673921113321145,0.01097648499515973,0.005958599680497912
2014-07-14,-0.0019264181860325857,0.0008725714458271971,-0.00462197434169398,0.00020702731807505925,-0.0012750638247651103,0.0006513543612674754
2014-07-15,0.0071675143985438505,0.0048656537832789445,9.484314034972075e-05,0.003193070217281613,0.0020780765046270354,-0.005089437893916815
2014-07-16,-0.011087118085933845,-0.009667530013345981,-0.008099986765739841,-0.010314426401012145,-0.014961049273897164,-0.003873931187963319
2014-07-17,-0.009160978554191146,0.010369941367333746,0.012725149197339514,0.011672245902067325,0.015249217697126016,0.024410196251317164
2014-07-18,0.0001765230181180244,0.002173380185240115,-0.0004281609722765811,-0.005863123051176577,-0.0026672138637846344,-0.002843736881902659
2014-07-21,0.005860643029374346,0.0024175130024815085,-0.00026550906637130557,0.004760527020921545,-0.001079009708928591,-0.006939652738302937
2014-07-22,0.0022872842960086513,0.0024022880848277193,-0.000173779899391846,0.0009254889698182445,-0.005517088335535114,-0.007804372631543766
2014-07-23,0.00027217299266344417,-0.002604779070186314,-0.0012919487475143265,0.004234071785939863,-0.004505640154361434,-0.004777813147024878
2014-07-24,-0.0015415472655441298,-0.005033890466958712,-0.009516347490343347,-0.015617865818791954,-0.0042338792607880095,-0.0026923319952438796
2014-07-25,-0.0014863137541746506,-0.0006325105931538455,0.0008095145741298437,0.00011499130994316876,-0.0007886039773967957,0.000697709776777855
2014-07-28,-0.0040456348547561975,-0.005077199503952012,9.213732826718335e-06,-0.003862596316077638,-0.005748920046613948,-0.0017032851918577507
2014-07-29,0.009482742093392626,0.005535040886910381,0.00669535824615799,-0.002206983160809595,0.0005785846685085972,-0.008904157424884028
2014-07-30,-0.02395010641096339,-0.02037026612450311,-0.017251812120480815,-0.020006391787042287,-0.02128878867282934,0.0026613177381340503
2014-07-31,-0.01049979128103068,-0.006778122986424629,0.00021342627539964188,-0.0004914749495579685,-0.001920748244239101,0.008579043036791578
2014-08-01,0.009402649552036369,0.007648905295183672,0.0049466737175392185,0.005965448729987099,0.008576601822635577,-0.0008260477294007914
2014-08-04,-0.007720832622353724,-0.004311203614246073,-0.008228999872567023,-0.008864982228438067,-0.00915036663371176,-0.0014295340113580366
2014-08-05,0.00519220078943885,0.004514790912526911,-0.00022826856938097385,0.0030152443631807245,0.004740950451930448,-0.00045125033750840256
2014-08-06,-0.0038279982752882245,-0.0040652090429539435,-0.005987063869547926,-0.0026362883893678913,-0.00422685656183266,-0.0003988582865444351
2014-08-07,0.010223062738895505,0.010400883915099291,0.018914688532260394,0.011034936114159778,0.013501104255602758,0.0032780415167072523
2014-08-08,0.00566954621572725,0.002141219313999909,0.002519701722909551,0.00319733883554989,0.0029065153531373624,-0.002763030862589888
2014-08-11,-0.003170714393037455,-0.0023440374952914842,-0.0037066326996609833,-0.002031702911849642,-0.001937408319823708,0.001233306073213747
2014-08-12,0.00425590833547117,0.006408310458731625,0.008653819972059029,0.0065947456642994505,0.010930491604978564,0.006674583269507394
2014-08-13,0.006586616238537168,0.003330173627070043,0.002217753204381756,0.006262672138791514,0.00416933914190587,-0.0024172770966312982
2014-08-14,0.0015191863168191877,0.0028162514532501072,-0.0038249157608252872,-0.0029187555463324965,-0.002673899722243034,-0.004193086039062222
2014-08-15,0.00655650338385948,0.009492496576899101,0.009994980880211623,0.012020221562899835,0.012124811706258454,0.005568308322398974
2014-08-18,0.007101301328024367,0.0044105000188439545,0.010268258146731513,0.0030803827305513785,0.006095888039527231,-0.001005413288497136
2014-08-19,0.0034817312664976673,0.0013339813985922988,0.0012514771375721878,0.004954348940719067,0.0028445320415771747,-0.0006371992249204926
2014-08-20,0.0024000231848637864,0.002021984672189636,0.003709404716226339,0.009453581542783173,0.0028565719159817206,0.0004565487311179342
2014-08-21,-0.002053845611107685,0.0005755241214992157,0.006868970062135993,-0.0008530697652737396,-0.002374632761325446,-0.00032078715021776087
2014-08-22,0.0010981672453603043,0.007413922179301946,0.006373272550645947,0.0027996321016612756,0.004954355428938939,0.0038561881835786345
2014-08-25,0.004211568884730998,4.6187598429803246e-05,0.002635809874889039,0.0023975850757293137,0.004734876250062592,0.0005233073653315937
2014-08-26,-0.004864213944629247,0.001597067776811112,-0.0005481130159404546,-0.001672538083122388,-0.0005928130162904721,0.0042714009283387755
2014-08-27,-0.005174233793770644,-0.0029104190985647536,0.00028386278189984626,-0.0018095334158484521,-0.0018988488870428366,0.0032753849067278075
2014-08-28,0.005795969330816298,0.0005383555476364821,0.009346808169411936,0.006426106331381321,-7.283808988973739e-05,-0.005868807420706035
2014-08-29,0.0032405202925843814,-0.0010904868930724065,0.000384752756631479,0.0018432505586455927,0.0043139167765778195,0.001073396483993438
2014-09-02,-0.0038209317945776646,0.002466622303043409,0.0011722071808668356,0.0022394411599507167,0.002848758978444432,0.006669690773022097
2014-09-03,0.0027114669527738,0.0018871772280876665,0.0038509621069028775,-0.0012722421889196367,0.003297599599795953,0.0005861326470221529
2014-09-04,0.007187826571353928,0.006116062175011183,0.0011530725172749113,0.003651761624327632,0.0069161694166122835,-0.00027165715474164465
2014-09-05,0.0018735932671130717,-0.001373593668419204,-0.002013068447901978,-0.000877351664859527,-0.0023614299336159215,-0.004235023200728993
2014-09-08,-0.007790822141035414,-0.008045797729300563,-0.008842653436826687,-0.0039545708939227155,-0.00793460348937619,-0.00014378134834077717
2014-09-09,0.00201610545113553,0.003795040853624665,0.008081094522442989,0.0050022091741430685,0.006771183273937042,0.004755077822801513
2014-09-10,0.0017883804202303178,-0.00022321519944513702,-0.0011135371980285137,0.0025923826111536874,-0.0001430219259614729,-0.0019314023461917908
2014-09-11,-0.00014558505584824077,-0.007763020019140898,-0.0038648347094427217,-0.002773849686537233,-0.008366819634670808,-0.008221234578822567
2014-09-12,-0.0020902769933488275,-0.008989449470343825,-0.0019962204158236684,-0.0004081093738537711,-0.0041005147496698926,-0.002010237756321065
2014-09-15,0.0039625363460305315,0.003496194360923499,0.01206802332298713,0.006468880493841223,0.004320640419946476,0.00035810407391594426
2014-09-16,0.004225489038889618,0.004582428457890852,0.0034413583327890683,-0.001637369602771477,-0.004079661750886576,-0.008305150789776193
2014-09-17,0.010823680349036791,0.00762053703407779,0.005795773885078126,0.008251944389605326,0.008117331810818551,-0.00270634853821824
2014-09-18,-0.004160276902363402,-0.004082865197913221,-0.0013140607107470447,0.0008026835060416348,-0.0006873114865086017,0.0034729654158548004
2014-09-19,-0.0053019801432555354,-0.007002093372464646,-0.008819282288443253,-0.009300905246642798,-0.010117956994702682,-0.004815976851447147
2014-09-22,-0.005566363758551529,-0.005363682443360584,-0.004979450617327496,-0.004481557215047139,-0.006127528970586516,-0.0005611652120349865
2014-09-23,0.00735052206250848,0.005573246579072322,0.011552291146075344,0.011302253747455426,0.010201607439186477,0.0028510853766779967
2014-09-24,-0.016777694475727654,-0.016766300923170562,-0.022197534659126706,-0.01681924470705698,-0.01670546560648284,7.222886924481559e-05
2014-09-25,0.00649429507326954,0.004696725482413788,0.008200788492809096,0.014321466223694679,0.007456553963479972,0.000962258890210432
2014-09-26,0.00023737916132618997,-0.0024674353319716126,-0.002891972856390523,-0.001995516551605914,-0.004210830588240277,-0.004448209749566467
2014-09-29,-0.0006875764582733757,-0.0002957511940731239,-0.004003694426312487,-0.001158984673877972,-0.005968348968373472,-0.005280772510100096
2014-09-30,-0.013264664246613244,-0.014143447123064723,-0.013263286282518928,-0.013105641758617781,-0.011712319476366329,0.0015523447702469155
2014-10-01,-0.001145969683148651,-0.0010166657224057296,0.004240227086802795,0.0006409095758343364,0.0010489918425413691,0.00219496152569002
2014-10-02,0.012867835465657474,0.012894505555784619,0.013954878342381438,0.015449450075436678,0.007573575014074208,-0.005294260451583266
2014-10-03,-0.0019680105083459297,0.00020148077964418087,-0.0027481818180239205,-0.0015259494915630055,-0.0023013218468489914,-0.0003333113385030617
2014-10-06,-0.015042825194737108,-0.015516670411949807,-0.01869580830953329,-0.01949209018957284,-0.01638144558277873,-0.0013386203880416218
2014-10-07,0.01664731547548339,0.0181346998106356,0.021264642706348445,0.020045382222661078,0.01819091653900482,0.0015436010635214298
2014-10-08,-0.01444859984707938,-0.016872619923025613,-0.02181127596777227,-0.03223904773200388,-0.02570838142904125,-0.01125978158196187
2014-10-09,-0.0020986517492097346,-0.010633655802928388,-0.019002875157391973,-0.019910922958562737,-0.03733927921549216,-0.035240627466282426
2014-10-10,-0.014787324986567919,-0.01633472634180485,-0.014440929493122067,-0.014367219566602696,-0.015330806838728261,-0.0005434818521603425
2014-10-13,-0.0053378939370768985,0.002500415425241842,0.005537835097382438,0.002989663528566955,0.002724474914696484,0.008062368851773383
2014-10-14,-0.016631389118787067,-0.015376188532212653,-0.006369093827584771,-0.004023668983850393,0.002273072697436074,0.018904461816223142
2014-10-15,-0.00526989906714489,-0.008076837793153869,-0.01632057470116549,0.00324091953417206,0.0013082527869335947,0.006578151854078485
2014-10-16,0.016784152297197985,0.015629562049103807,0.01778145136050078,0.011188474292602345,0.018685466248996908,0.0019013139517989226
2014-10-17,0.0034936036337506193,0.006425286607629565,-0.00019300190906442748,0.014925205736872126,0.014314846415484372,0.010821242781733752
2014-10-20,0.031017675682313218,0.022462195219957515,0.02096836139758298,0.020204865486324497,0.011359789041156088,-0.01965788664115713
2014-10-21,-0.012824417272002942,-0.012525212271832542,-0.006919079320792876,-0.007710079789460822,-0.0028134970001517322,0.01001092027185121
2014-10-22,0.014821996283223338,0.011026775754025086,0.01754967545035757,0.01702480889069762,0.012695366746463876,-0.002126629536759461
2014-10-23,0.005873105930103173,0.009379816634964223,0.010958365342718834,0.008708642602972405,-0.002952813240587249,-0.008825919170690422
2014-10-24,4.3263751362498934e-05,-0.00030710250450094456,-0.0022610500188245952,-0.0018786237531914884,-0.001544054878474832,-0.0015873186298373308
2014-10-27,0.013917014097459001,0.013441830627643814,0.013067805143727806,0.013182803869141701,0.01264241040958749,-0.0012746036878715106
2014-10-28,0.001033056445691838,-0.0025229837493706774,-0.005809610036723578,0.001057216048184384,0.0035431501360129736,0.002510093690321136
2014-10-29,0.00530008659205311,0.003927620211396576,0.01479749456661752,0.003786796342725285,0.01268785454482777,0.0073877679527746595
2014-10-30,0.009430562425672372,0.015161599485014787,0.010760414855498234,0.02566443248092427,0.013815751194499204,0.004385188768826832
2014-10-31,-0.0026494595179918368,0.0005298703451111942,0.0005192226816264523,-0.000987057772398292,-3.436390730805483e-05,0.0026150956106837818
2014-11-03,0.0006017436451969726,-0.0009230536225543262,0.0047023889752068615,-0.0020939307703564227,0.003408880496264988,0.002807136851068015
2014-11-04,0.00905700346635504,0.006092355587269604,-0.0035328832902606798,0.003823209651779358,0.004684846000400278,-0.004372157465954762
2014-11-05,0.0005945733316701229,0.0023863041447515277,0.004592916230770594,0.004653749663106865,0.0009881546529206808,0.0003935813212505579
2014-11-06,-0.002013055403930841,0.001226039637739751,-0.0014861419854355295,-0.0023073981390920096,0.00038753272250070526,0.0024005881264315466
2014-11-07,0.004015226684094408,0.0009527719866102013,0.00394829197756229,0.006094066702425705,0.011299225794296708,0.0072839991102023
2014-11-10,-0.00174720481251055,-0.0016229340221850298,-0.0015588700846549952,-0.0015267966175852355,0.0028687658049676877,0.0046159706174782374
2014-11-11,-0.0004044071967478913,0.0012782335056617522,0.00042549605304773583,-0.0009322082823196576,-0.00020125776567303522,0.00020314943107485606
2014-11-12,0.007111660620528726,0.0026662964913018007,-0.0021031350778703993,0.0030777375776527617,-0.00298749918084974,-0.010099159801378467
2014-11-13,0.0014176802785913823,0.0027854836253922042,-0.0032136492270511074,0.0034841154149543806,-0.000456609604546887,-0.0018742898831382694
2014-11-14,0.001829689171213833,0.0006000870822849058,-0.005643102483948536,-0.0025800387668157843,0.0013373889199683076,-0.0004923002512455255
2014-11-17,0.007284851674132553,0.009716289541911161,0.0010320885576495353,0.007031977478118723,0.001315857266858389,-0.005968994407274164
2014-11-18,-0.003818208495424469,0.007069071165624485,-0.007496841313107605,-0.005012966814697861,0.001808380186861791,0.00562658868228626
2014-11-19,0.002808848493030358,0.0013509304943933654,0.0010538763576426024,0.00011312444574100855,0.0001566534729054325,-0.0026521950201249256
2014-11-20,0.0056851514895755574,0.014927831965574156,0.007074737079526083,0.0051915807270189185,0.0013961380950559543,-0.004289013394519603
2014-11-21,0.004258982725089988,0.00029161755203699347,0.002053539079638955,0.0035936888970782067,0.0013311580853468952,-0.0029278246397430926
2014-11-24,-0.0009472486861578533,-0.0011604436112850225,0.005903319715494548,0.0005860340591715696,-0.0020720950730348407,-0.0011248463868769874
2014-11-25,-0.0001381389728245419,0.0046949346655125405,0.008374988267246952,0.007140048997233561,0.0013541569442547363,0.0014922959170792782
2014-11-26,-0.004323245804032238,0.007081886026472861,0.00819146183865892,0.008451407801830502,-0.009047004129216774,-0.004723758325184535
2014-11-28,-0.008137603104263934,-0.007011163699016565,-0.01506189577754199,-0.005480701513512631,-0.0025600442334352326,0.005577558870828702
2014-12-01,0.005840935341062936,0.008373150566872978,0.003788708622615844,0.007349167887903641,0.014508444356592886,0.00866750901552995
2014-12-02,6.17772258163618e-05,-0.002310111282650895,0.004321254820758136,0.011359249284040206,0.005107069450208923,0.005045292224392561
2014-12-03,0.007825195472582347,-0.0007624377298759089,-0.0009182982301914278,0.0012431107439915602,-0.003043288612225781,-0.010868484084808127
2014-12-04,0.008659373133931414,0.005367109893178623,0.006377635776093215,-0.003791271873444413,-0.0031044388048929172,-0.011763811938824332
2014-12-05,4.8805015741726354e-05,-0.0041377767371494345,-0.004143337133757141,-0.014423672883922333,-0.01047662243530476,-0.010525427451046487
2014-12-08,-0.001339872859186919,-0.002762896246739188,0.00032593935329530146,0.0027266200575965403,-0.0015586767784129707,-0.00021880391922605167
2014-12-09,-0.02103405216453077,-0.014218183044517718,-0.016839136616709893,-0.01623578786775709,-0.01824093385757144,0.00279311830695933
2014-12-10,0.005760216083946157,0.002981513322092888,0.0061038295952638875,0.001898981819184542,0.0028974208097968025,-0.0028627952741493543
2014-12-11,-0.01975180924388603,-0.01925139646198477,-0.019760435199927085,-0.014820381362888546,-0.004149836675832075,0.015601972568053957
2014-12-12,-0.007926494684324225,-0.009278314278394406,-0.007175433944225718,-0.004593321831429309,-0.003669539289306678,0.004256955395017547
2014-12-15,-0.016109181657098494,-0.013994726132521795,-0.013223823179950366,-0.0042831087205774335,-0.008536105602872546,0.007573076054225948
2014-12-16,0.02078002699670467,0.02188653591724312,0.024244051676640944,0.026289206377653508,0.0221027551236354,0.0013227281269307285
2014-12-17,0.0218126268652326,0.03522559451123821,0.018365883287101113,0.02505772114195869,0.026509440409833118,0.0046968135446005185
2014-12-18,0.0028359183958060253,0.0054923854167303835,0.00229867505185295,0.005125255283808428,0.0009362888926129686,-0.0018996295031930566
2014-12-19,-0.0010045812607577531,0.009452112931386637,0.003537331200504934,0.006534647533298366,0.010571688623946108,0.01157626988470386
2014-12-22,0.0063660770722377856,0.003776505970901545,-0.000668369702136129,-0.0071095192836311384,-0.0005367125464839084,-0.006902789618721694
2014-12-23,-0.002398594222170758,-0.0019899108016561582,-0.0004174721013599725,0.000308531469956963,0.007685633824577565,0.010084228046748323
2014-12-24,0.0007986019160186597,-0.00026107449737767797,0.003013222957871364,0.002100536492701566,0.0038650789359426342,0.0030664770199239745
2014-12-26,-0.0012516065185890213,-0.00204827760497861,0.00248582579762775,-0.0018298205125830025,-0.001158492369335451,9.311414925357027e-05
2014-12-29,-0.0022703884682920505,-0.005490491610481807,-0.003106559931892472,-0.007976113187515255,-0.002514721993579783,-0.00024433352528773237
2014-12-30,-0.005713639087143329,-0.010330711517218327,-0.011060982038363965,-0.007241820500522256,-0.011669079731507048,-0.005955440644363719
2014-12-31,-5.998863149381251e-06,0.002418839851375254,-0.000831951022909383,-0.0006672513318516704,-0.0008499660433447742,-0.0008439671801953929
2015-01-02,-0.02183405510470534,-0.019632065635089502,-0.021568476938520896,-0.015546123793374955,-0.013048438075393099,0.008785617029312241
2015-01-05,-0.00692618728020189,-0.01903249078676732,-0.012561699848715635,-0.005969210367962219,-0.008858368460583865,-0.0019321811803819748
2015-01-06,0.012362366137097503,0.013347514627047585,0.01505866921135537,0.013898748163213015,0.010099751325403838,-0.002262614811693665
2015-01-07,0.018226838305476178,0.014313644248974623,0.020772067981150343,0.015987996370658196,0.01919126625008898,0.0009644279446128015
2015-01-08,-0.007451127472794516,-0.01425412801734859,-0.004307663200283885,-0.007387228347180997,-0.017367541031278345,-0.009916413558483828
2015-01-09,-0.009007807213879216,-0.002882253139605606,-0.007701139037698835,-0.010654849456356096,-0.009821391612883701,-0.0008135843990044848
2015-01-12,-0.00031532492530736975,-0.0061444875647377,0.0003255029424258149,-0.0007795347362252514,0.0031173672183244404,0.00343269214363181
2015-01-13,-0.007797199891942996,-0.004498625441494197,-0.00818846622942072,-0.0032127467386110498,-0.01716630890234533,-0.009369109010402332
2015-01-14,-0.014765082889022873,-0.009627422393197771,-0.009224424853269186,-0.010133063152254517,-0.01968757677288393,-0.0049224938838610555
2015-01-15,0.016124618476933694,0.01954731878185919,0.0032907509653022026,0.013060405113922636,0.010696943086528266,-0.005427675390405428
2015-01-16,0.005807467972510483,0.0008199256993212001,-0.0009711350011425534,0.0023143028872934955,-0.004383622807051957,-0.010191090779562439
2015-01-20,0.026008137289042266,0.0015741283631266923,0.0042068065535123215,0.000479368044024131,0.012223141623168532,-0.013784995665873734
2015-01-21,0.01932727756784285,0.015014005759127291,0.016255275563362613,0.014142317940638537,0.019892742479710335,0.0005654649118674859
2015-01-22,-0.001132119486529881,-0.0062466205862521055,0.00045850461614735936,-0.011173112059389034,5.950461436396992e-05,0.001191624100893851
2015-01-23,-0.002904578126706703,0.0023102043664896877,0.002992721080061533,0.007504706045826415,0.002545671522483239,0.005450249649189942
2015-01-26,-0.009169827628764459,-0.014235468201922485,-0.02778963092578769,-0.015230535458090545,-0.01417549877290264,-0.00500567114413818
2015-01-27,-0.017631825676574696,-0.017213191650597183,-0.010014246832468465,-0.014907176994221427,-0.013126618195612127,0.004505207480962569
2015-01-28,0.012008850682340522,0.0027988005723550537,0.016606163787405204,0.013927420989037053,0.00833761558339231,-0.0036712350989482126
2015-01-29,-0.022163766470682456,-0.000345361034522651,-0.019547999962209094,-0.011896732163222956,-0.011501830620408725,0.01066193585027373
2015-01-30,0.011137253489234033,0.006844240787981315,0.01579164231387168,0.013551289178600223,0.01979065600096517,0.008653402511731136
2015-02-02,0.016982311303157648,0.01862322509029496,0.023357076431773406,0.010455536054972226,0.014587576911823242,-0.0023947343913344066
2015-02-03,0.002142667603720527,-0.0006179449127139414,-0.007249902188234625,-0.001787632669594108,-0.010104663146532678,-0.012247330750253206
2015-02-04,0.026785099386984357,0.00961968682820118,0.009388744273465633,0.01272970741151309,0.01148667667572224,-0.015298422711262118
2015-02-05,-0.006318972347609508,0.001345194966133423,-0.0020116966555530635,-0.0015462059312826514,-0.008430952727161711,-0.0021119803795522033
2015-02-06,-0.006584095773994447,-0.000660824818397776,-0.00485680782832949,-0.005056167492272623,-0.009457653698191348,-0.002873557924196901
2015-02-09,0.010166759080732312,0.0056940886156801596,0.011582862292495565,0.019401619544669436,0.015921319227011767,0.005754560146279454
2015-02-10,0.0025665775767706456,0.003690655888818073,-0.002284400668138442,0.0005419407073139815,0.0018547072128050734,-0.0007118703639655722
2015-02-11,0.016997011260106797,0.009348483984131484,0.00796767352740817,0.022199994711966497,0.007635000362857081,-0.009362010897249716
2015-02-12,-0.003300504402881088,0.007283750102743403,0.008783325194209591,0.0034984986462378463,0.0021242577777576543,0.005424762180638742
2015-02-13,0.0031321850777621617,0.00034513831668403494,-0.0013231746942650169,0.001652144682546719,0.005416684110524261,0.0022844990327620996
2015-02-17,0.00152928414833009,5.856315590403449e-05,-0.001758600372169561,-0.002199142091718176,-0.0027608854209514645,-0.004290169569281554
2015-02-18,0.0010445956884857165,0.00431820444504627,0.0008432601182333688,-0.00585773000757499,-0.005800777502056709,-0.006845373190542426
2015-02-19,0.010098990746304392,0.01298027051885391,0.005395552215473776,0.009473184001106683,0.006011385285175053,-0.004087605461129339
2015-02-20,-0.004529634260431392,0.0024324070163993404,-0.0035039385041774505,-0.0022992677745186764,-0.0036798426024091556,0.0008497916580222364
2015-02-23,0.0003854654642348132,0.001007615869442402,0.0085019616989915,0.005768611615605756,0.008094872567253653,0.00770940710301884
2015-02-24,0.0024470579570188833,-0.0019085004993150245,0.00645295939078735,0.003032838864137355,-0.0017174748295668008,-0.004164532786585684
2015-02-25,0.001203999791238608,0.016920856612094904,0.002935672408097512,-0.001099612281638951,0.00947593721034159,0.008271937419102982
2015-02-26,-0.00606143742372719,-0.005031338282765229,-0.008536031842738045,-0.001054002359912154,-0.0050868361708199415,0.0009746012529072484
2015-02-27,0.008043382288456802,0.007113237173343112,0.010761898061282194,0.01405270980511989,0.006624563496162572,-0.0014188187922942299
2015-03-02,-0.0063319742574662885,-0.010141104291283221,-0.0073450307940062355,-0.007321570334163485,-0.006061379241009457,0.00027059501645683177
2015-03-03,-0.0058103357937152825,-0.003921285762632831,-0.006510119756981725,-0.002831437928753222,-0.005661228777418559,0.0001491070162967234
2015-03-04,0.0034652952343098955,0.006220716396629977,-0.0027578022271278037,0.0033861273446364583,0.004074951679929595,0.0006096564456196992
2015-03-05,-0.017041421516715515,-0.012273845521991511,-0.016250965815590112,-0.010877705297398621,-0.014883363468965039,0.0021580580477504763
2015-03-06,0.0013141950687658222,0.005222049531093065,0.008151611007367188,0.00752108167877581,0.0022888195229076704,0.0009746244541418481
2015-03-09,-0.019210622208508176,-0.01847333650263866,-0.02114344054010848,-0.01666590354150018,-0.013652126299477796,0.005558495909030381
2015-03-10,0.0015011932729800837,-0.0016166127307152612,-0.004435541286607303,-0.002290477076635966,-0.0029354741974219056,-0.004436667470401989
2015-03-11,0.012481757016005035,0.015599468221908053,0.014776155760314259,0.0147473287409424,0.011619993099784409,-0.0008617639162206269
2015-03-12,-0.008333643619577901,-0.008654803797720278,-0.005552837204421157,-0.009861274577881773,-0.0023502151803593274,0.005983428439218574
2015-03-13,0.01612587625714441,0.019198593958932843,0.016096295919987715,0.014744269106309993,0.006623449821784322,-0.00950242643536009
2015-03-16,-0.002797290664385177,-0.004950157059126814,-0.0013232151570489292,-0.0030611530985267697,-0.00216499909000093,0.0006322915743842473
2015-03-17,0.00822253648644875,0.008590492638249903,0.00036588029631525745,0.015816153296984225,0.011695452509773607,0.003472916023324857
2015-03-18,0.0009834923117380324,0.00011406319390023789,-0.007108543175549586,-0.006621312756813935,-0.0033412313070564138,-0.004324723618794446
2015-03-19,0.003648095024723652,0.010227129714849303,0.009474359244369568,0.01380335333170013,0.010061741334333685,0.006413646309610032
2015-03-20,-0.004086376142463,-0.0006949172224949618,-0.0014837562806505277,-0.003527740820134162,-0.0026043839062369844,0.0014819922362260154
2015-03-23,-0.00825692184872866,-0.006102986264783006,-0.00031263965781974656,-0.006159034729679514,-0.006117093321940237,0.0021398285267884235
2015-03-24,-0.01616893498178813,-0.025673516288516406,-0.019093974456431562,-0.017265802567437327,-0.020298641151957786,-0.0041297061701696565
2015-03-25,-0.007056808124939073,-0.0018159940705410938,-0.0030319361023271817,0.005738385852177308,-0.000823382139547324,0.006233425985391749
2015-03-26,-0.0017124771869129417,-0.0006842923477012542,0.001871869271429527,0.004237805787693394,0.009700374395678345,0.011412851582591288
2015-03-27,0.011577767631005164,0.011956491414058879,0.012864104857298175,0.010620004159418795,0.013379028153467431,0.0018012605224622669
2015-03-30,-0.010192659939106608,-0.0093474076850944,-0.012548813871862796,-0.007653087007940029,-0.006983298567065754,0.003209361372040854
2015-03-31,-0.005585039276424864,-0.004488791911649026,-0.007012158766435084,-0.002912341078841041,-0.002129071795178972,0.003455967481245892
2015-04-01,0.00038767701832995714,0.0016893013055296557,0.005458388068254771,0.004689827603080887,-0.0024627734601745054,-0.0028504504785044626
2015-04-02,0.004435248952996129,0.0034114302648863616,0.010064938445950966,0.006972459794419805,0.006063787241913721,0.0016285382889175918
2015-04-06,-0.003297982785963349,-0.0008844579987609902,-0.0017033993291043826,0.000492425646894512,0.0035126346556285546,0.006810617441591903
2015-04-07,-0.0003455528094655436,0.009257423969656708,0.0025097538579009317,0.003395478383327111,0.00606520977690761,0.0064107625863731536
2015-04-08,0.003315541310350356,0.0075701213873840215,0.0068832101839381155,0.0013000146921883005,0.005313619547298154,0.001998078236947798
2015-04-09,0.017329329131666703,0.0017403121770374285,0.002249456610138867,0.0074658769973707795,0.004488843564155476,-0.012840485567511228
2015-04-10,-0.0028162703929602182,-0.0033473975169063695,-0.003028135832983703,-0.002282431362304038,-0.00516738043217454,-0.002351110039214322
2015-04-13,0.001340145744035226,-0.0003280883880780516,0.001898239094437093,-0.00024837384384023274,0.0022061368324097,0.0008659910883744737
2015-04-14,0.0059711767193811995,-0.002280266690736421,0.008614205262711793,0.006497507601481323,0.003883912477412532,-0.0020872642419686675
2015-04-15,0.015503820003779301,0.001745954857580101,0.002767165799615967,0.0015473482485815148,-0.0008592903947440167,-0.01636311039852332
2015-04-16,-0.01825704730651554,-0.020263396732135053,-0.014412840277973061,-0.016737944786565272,-0.01199407607965829,0.006262971226857251
2015-04-17,0.00814071437920324,0.010319759729819055,0.009517271464656928,0.005397977778893126,0.00998141290421659,0.0018406985250133505
2015-04-20,-0.004682719759080456,0.0008464179600866983,-1.6140150715548973e-05,-0.0014761456112972748,-0.003298673512143058,0.001384046246937398
2015-04-21,0.004127287856560557,0.006171509373771289,0.011639065415121774,0.007521543807314168,0.007010124915203764,0.0028828370586432067
2015-04-22,-0.0018500672569827681,-0.0034706013373302035,-0.00396218573790712,-0.0004199896721628793,0.0038124483131250276,0.005662515570107796
2015-04-23,0.01858366855966569,0.011137848438582176,-0.0010567997603845968,-0.007604405041770057,-0.0032331994438983156,-0.021816868003564006
2015-04-24,-0.007885899373935546,-0.004017083024548784,-0.004085067191794611,-0.0022774635361990205,-0.0008254879929308068,0.007060411381004739
2015-04-27,-0.00015926307440858878,0.005492648067808703,0.005158235886855833,0.003620057419025513,0.0014806676447230772,0.001639930719131666
2015-04-28,-0.004893385270479511,-0.004049877415473535,0.004604986876701023,0.0060140806318248145,-0.0052509385544737275,-0.0003575532839942162
2015-04-29,-0.012841138108972994,-0.008396848002796364,-0.008774737379995345,-0.008450359180476564,-0.010453838290560402,0.002387299818412592
2015-04-30,0.0035498539034438,0.012649288572227958,0.006030800510991874,0.010142636756305501,0.020325556972447246,0.016775703069003445
2015-05-01,0.005077522458899475,0.0026206869609837423,0.002753431015119945,-0.0008836462745332674,0.00617490121384402,0.0010973787549445448
2015-05-04,-0.00795220941877448,-0.008004657401982052,-0.0100828117965733,-0.009742175890381167,-0.010916546563180252,-0.0029643371444057712
2015-05-05,-0.002095277503024795,-0.003518867105885437,0.0004434238255698886,-0.004510907204742032,-0.005297583853738352,-0.0032023063507135574
2015-05-06,0.003970989287288373,0.005684011612617401,0.009819423493637847,0.007862701380284188,0.0073391820836484324,0.0033681927963600594
2015-05-07,0.01383252119495242,-0.0011457404389018655,0.015283327040575922,0.015395372838005761,0.013542354706815285,-0.00029016648813713457
2015-05-08,-0.0032610795207196784,0.0014809143642895094,-0.0019141294007248288,-0.004792297840814907,-0.0038074855101887352,-0.0005464059894690568
2015-05-11,-0.0037900499564299307,-0.005858139486937697,-0.003659308802072714,-0.0022860113171817463,-0.000165351247251766,0.0036246987091781645
2015-05-12,-0.0005628296190994031,0.0013976644315182862,0.002975485723939586,0.0056265191527767764,0.00033582694332116023,0.0008986565624205633
2015-05-13,0.01190506700462739,0.010509724914833507,0.01060422660990994,0.015506292650132359,0.011026491257878057,-0.0008785757467493337
2015-05-14,0.004663974115982006,-0.005511302526231698,-0.0017241067380290743,-0.00095014342915406,0.0051560880277907615,0.0004921139118087559
2015-05-15,0.0014372626986408066,0.004682130536056606,0.004182531655321053,0.0022006211124999454,0.0033277677843220775,0.001890505085681271
2015-05-18,-0.004193670204835587,-0.004923513456794581,0.000155075093097512,0.00401994619178615,0.0006423821129500684,0.004836052317785655
2015-05-19,-0.00048219279371044534,-0.0022977957891457844,-0.0011254223286408572,-0.0034579110590927777,-0.0018456229402456614,-0.001363430146535216
2015-05-20,0.0011715905482852507,-0.0004990597424114118,-0.0006561659382080198,0.0030729157859679225,0.0019420707940948634,0.0007704802458096127
2015-05-21,-0.00300158552723353,0.000570288584505907,0.00012585976215929718,-0.0033100499461292234,-0.001975489084299431,0.001026096442934099
2015-05-22,-0.011686526431859435,-0.011498879180663658,-0.01073365846903609,-0.008508003973632782,-0.007308911320645817,0.004377615111213618
2015-05-26,0.015498653408553808,0.01084576706177327,0.009646805381308642,0.017007303106669213,0.011321745048941933,-0.004176908359611875
2015-05-27,0.001871214831709511,-0.004611390068340837,-0.0009114385812949988,-0.0012927127303030473,-0.0022060196314906745,-0.0040772344632001856
2015-05-28,0.0018130329778696997,-0.00917359740746455,-0.010142289486451683,-0.003567823994372721,-0.004707997235331174,-0.006521030213200874
2015-05-29,0.0017784278138671672,-0.0015816234312431953,0.002390672759825285,0.004673636840921436,0.0016689163865893364,-0.00010951142727783081
2015-06-01,-0.008560996046342261,-0.001194169479992524,0.0034484138201950508,0.00037830547907039545,0.0011675949751271842,0.009728591021469446
2015-06-02,0.00014491377145484652,0.010356806874551627,0.0038578924656553883,0.0030142353895574515,0.0025845839540744263,0.0024396701826195797
2015-06-03,-0.009152993828098643,-0.008336585407283081,-0.0024680556153775512,-0.008007141433671993,-0.009604738404114044,-0.00045174457601540076
2015-06-04,0.00571540578681069,0.0016337746914391715,0.0034401468843989424,-0.002401649627258429,-0.005172384814841269,-0.010887790601651959
2015-06-05,-0.007862187397843456,-0.00719464473388477,-0.00906896495779167,-0.007412317663214152,-0.005378545461437756,0.0024836419364056995
2015-06-08,0.001333776355820815,0.00278944617726653,0.004663882276743581,0.0036532829418869928,-0.00041315373168525625,-0.0017469300875060712
2015-06-09,0.01604650891652417,0.013236326782626984,0.011914197524101,0.011478659505066591,0.013105742770646156,-0.0029407661458780137
2015-06-10,0.003001347739592286,0.002838929667230661,-0.0005055757833023367,0.0013336895809178185,0.003076171982553466,7.482424296118007e-05
2015-06-11,-0.006662303137944692,-0.00710524102267257,-0.007118788172024826,-0.010642452397227553,-0.006808487960947495,-0.00014618482300280365
2015-06-12,-0.007120299633492977,-0.007612594094959712,-0.005554285709278217,-0.005715292815229933,9.221503217359262e-05,0.007212514665666569
2015-06-15,0.009630069575747325,0.004927205268437674,0.0062994223890994626,0.0048115013819275635,0.006618747918702017,-0.003011321657045308
2015-06-16,-0.0036969160274969103,0.0021711410012024367,0.0038828833878603586,0.003593909444889698,0.0034958295361370182,0.007192745563633928
2015-06-17,0.005422958654330634,0.012754030546885254,0.013738346175243988,0.007870151294442195,0.0112384635110109,0.005815504856680265
2015-06-18,-0.0026404116589807125,-0.0030579494518432004,-0.0016051569181291137,-0.006789008200898772,-0.00963268644424219,-0.006992274785261477
2015-06-19,0.005404128752528414,0.002237605308849844,0.009285367228894203,0.010868401491256586,0.009985542477034547,0.004581413724506133
2015-06-22,0.0014793864700495597,0.0007213148765565558,0.0010911085993583814,0.0018482476968465834,0.0008463826301052136,-0.0006330038399443461
2015-06-23,-0.0042094277922094196,-0.009846187438430031,-0.007853679993320395,-0.011853283282360872,-0.006040560906470293,-0.0018311331142608737
2015-06-24,-0.003309192213739709,-0.004534281048654554,-0.005854521491533826,0.0021272196807235466,-0.0042150014314557786,-0.0009058092177160696
2015-06-25,-0.004966053199495157,-0.0018209638380189408,0.00039137782650250363,-0.0029969748737661227,0.0008812232756264971,0.005847276475121654
2015-06-26,-0.02567160887595683,-0.02226362201598726,-0.019463990425892676,-0.0244260562290306,-0.023105949783942082,0.002565659092014748
2015-06-29,0.0026396733289924647,-0.0017238372355895093,0.0013056465447261023,0.004070525551686732,0.0028427400578298623,0.00020306672883739756
2015-06-30,0.010279346986861837,0.008074313938397549,0.0089351941524897,0.009121380448416294,0.004343015996224342,-0.005936330990637495
2015-07-01,-0.0012475647019945524,-0.001598686382740111,-0.0002982624268107803,-0.001362943900379765,0.005429722258639924,0.006677286960634477
2015-07-02,0.00039525681615993903,-0.0057091705065660855,-0.004339778670591277,-0.004175524848740719,-0.007185354272531319,-0.0075806110886912585
2015-07-06,0.0045782750092539515,-0.01188883853555427,0.005498092890811579,-0.0003733764057597511,0.006160652550346557,0.0015823775410926059
2015-07-07,-0.010618687992583276,-0.014447742505727857,-0.019652795028385295,-0.01492950974908378,-0.021517059048424214,-0.010898371055840938
2015-07-08,0.0006767417049699965,0.004096279889802645,0.005602038957278533,-0.002689750913548583,0.001219870633348752,0.0005431289283787555
2015-07-09,0.011002326256169637,0.015310216179699677,0.01341292675906347,0.014688724363656269,0.015047137008871902,0.0040448107527022645
2015-07-10,0.014409127946024069,0.010717823529252702,0.01268674068689385,0.01579582252357752,0.008501770612168436,-0.005907357333855633
2015-07-13,0.005432861089232155,0.004514391012222141,0.003431341189389736,0.010068572695743062,0.011055628311410593,0.005622767222178438
2015-07-14,-0.0034614411284355053,0.0040379886591137785,0.00112395386329458,-0.005549081032761893,-0.005305212039068053,-0.0018437709106325475
2015-07-15,0.01708784787854889,0.02038885996035822,0.008152189675923682,0.0044931767413073365,0.006137855947262083,-0.010949991931286807
2015-07-16,0.016565482957149713,0.00359011960566884,-0.0008757068924935219,-0.006349976673146263,-0.0016987032402667412,-0.018264186197416453
2015-07-17,0.00024127031696216105,0.0045600445250762785,-0.0010395600757793,0.0023892678928782995,-0.000729733001607269,-0.0009710033185694301
2015-07-20,-0.0025281837948948225,0.0010532458286924506,-0.0025897686161921673,-0.0041804512517467085,-0.007825166206789825,-0.005296982411895002
2015-07-21,-0.006602234669317708,-0.0011255172413209501,-0.0029220140130569393,0.002995929533665198,-0.0005681904215514399,0.006034044247766268
2015-07-22,-0.009635876829534207,-0.007889144416668603,-0.0046414527432108495,0.00012663996684435518,-0.007642902655101647,0.00199297417443256
2015-07-23,0.002825511724333163,-0.01452415488094061,-0.004082319545723467,-0.015115201252187904,-0.009938804683979651,-0.012764316408312815
2015-07-24,-0.014246853866216436,-0.009606967734633053,-0.004111223603443281,-0.007244222451800975,-0.007545597677254268,0.006701256188962168
2015-07-27,0.010413290419612541,0.011812067072319254,0.009919710180739616,0.025091433110452366,0.01078513688107947,0.00037184646146692923
2015-07-28,0.005957497526271482,0.0028211786290083807,0.019142575202558798,0.006327631771660802,0.009078157179963475,0.0031206596536919925
2015-07-29,0.002602213114708374,-0.003632260833833134,-0.002988681411216143,0.007775390887414501,0.0026247218087712687,2.2508694062894907e-05
2015-07-30,-0.0016137596793473264,0.0019625387725153987,-0.006202690843675263,-0.0011574279993733284,-0.008535617484488467,-0.006921857805141141
2015-07-31,0.009690764380749051,0.0002725056109040724,-0.0009756444478742577,-0.003777824996459134,-0.006732016277169861,-0.01642278065791891
2015-08-03,-0.002367184834511904,0.006323664723834799,-0.0006458919870818702,-0.0035728528225307367,-0.0054446286709187944,-0.0030774438364068904
2015-08-04,0.009275912739496638,0.006640596442131108,0.010331007541537419,0.008341122276191947,0.003778993647872353,-0.005496919091624286
2015-08-05,-0.005250365575867733,-0.015695023367971607,-0.008469553166394406,-0.006077927565266139,-0.0043348575417176405,0.0009155080341500922
2015-08-06,0.007781400728183308,-0.003557622733069243,-0.002215939867173289,0.003067107975663319,-0.0031789668117774062,-0.010960367539960714
2015-08-07,0.010090397071875035,0.00041245196604202674,0.012078634141459887,0.012956415514547247,0.014693143348320836,0.004602746276445802
2015-08-10,-0.011449499782396132,-0.01743614820232108,-0.009602254621930883,-0.0009860858315312582,-0.009707430020563668,0.001742069761832464
2015-08-11,0.0017037901903268148,0.003127431034830541,-0.003911781711121121,-0.005320852372205176,0.003112981638968182,0.0014091914486413673
2015-08-12,-0.007080833764435346,0.0013009795454612338,0.002904086962771868,0.0044360365738912114,-0.005413551066532097,0.001667282697903249
2015-08-13,0.008701811589599272,0.001978079416138712,0.001489067966817592,0.0052447789324474355,0.008265051766014197,-0.00043675982358507524
2015-08-14,0.0029084537759662466,0.001133963028797924,0.004619555511210449,0.010582207818688594,-0.0004363368688620528,-0.0033447906448282995
2015-08-17,0.0014639061699641242,-0.009056238620424517,-0.0005680748492213117,-0.005827354393182183,-0.0038424825456882306,-0.005306388715652355
2015-08-18,-0.004923490039408607,-0.00854203548831739,-0.00580428259590039,-0.00999451065389948,-0.011073618583441237,-0.00615012854403263
2015-08-19,-0.02160013008585181,-0.027719353580773865,-0.02513829353136805,-0.025118359943648073,-0.02052770147860623,0.0010724286072455805
2015-08-20,-0.02985646306257953,-0.040379074124477374,-0.026731471326708868,-0.027099972435037988,-0.03679133184234083,-0.006934868779761301
2015-08-21,-0.03902544251176404,-0.03754968770855044,-0.03674353879054887,-0.03662560298451961,-0.05493557899111151,-0.01591013647934747
2015-08-24,-0.01770035239512372,-0.020517774993077442,-0.012842279378984255,-0.014726622530348954,-0.003933878458155971,0.013766473936967751
2015-08-25,0.045654439223338714,0.044702043563685435,0.04894400963891139,0.03785322227841577,0.0463178187418863,0.0006633795185475855
2015-08-26,0.03172620958722687,0.02630099206705676,0.026210013562435085,0.021523809687002494,0.02204662031034248,-0.00967958927688439
2015-08-27,0.0032767952459583525,0.0045251632862632896,0.0021661526936109566,-0.003393034147147722,0.0006555707205155969,-0.0026212245254427554
2015-08-28,-0.010376438751164497,-0.010393171909969568,-0.010630841372270872,-0.008061304648189115,-0.007355040616347797,0.0030213981348167
2015-08-31,-0.04108157726906586,-0.036453462792999394,-0.03188106277737289,-0.02663985512513174,-0.026328186356125972,0.014753390912939889
2015-09-01,0.02229115444744397,0.020482235395993274,0.018908986553092123,0.01729446551658609,0.014335176997768961,-0.00795597744967501
2015-09-02,-0.006961162164879653,0.0025958398147019946,0.006061140234906959,-0.004352568023813596,0.0029642623259405255,0.009925424490820178
2015-09-03,-0.01688221411318249,-0.011969423097795018,-0.0178101710781964,-0.01801407085856662,-0.017542479132456112,-0.000660265019273621
2015-09-04,0.02332398344506916,0.032480093410163426,0.03226720882292537,0.029747300196240944,0.01864676900062645,-0.004677214444442711
2015-09-08,-0.015660472658191416,-0.017525904048546103,-0.012469101551333295,-0.01626428867657683,-0.011016848494158894,0.004643624164032523
2015-09-09,0.006202068913359271,0.0060338055559430726,0.005121824081057514,0.00668768748267119,0.0032363883232560233,-0.0029656805901032476
2015-09-10,0.005666463648589725,0.012090175612402965,0.0061228284239981615,0.007792583962454591,0.00045119715399420944,-0.005215266494595516
2015-09-11,-0.014090248303896635,-0.0065666683930367675,-0.003220050551170572,-0.006227889967590794,-0.0031902958178660957,0.01089995248603054
2015-09-14,0.013441659238196246,0.015341820602400524,0.015937458063816367,0.01646856332428288,0.015167258864431155,0.001725599626234909
2015-09-15,0.004812803774241858,0.012281725876072213,0.011866446309988699,0.010105562646468646,0.004990189246992171,0.00017738547275031324
2015-09-16,-0.0021806210254526116,0.0030581371706054905,0.0008928673440430246,-0.006996020357317357,-0.004906357883208134,-0.0027257368577555227
2015-09-17,-0.015391631579668497,-0.01602792838364613,-0.01033598242156707,-0.012342578224174217,-0.022575078791425986,-0.007183447211757489
2015-09-18,0.004612234672897386,0.005591470516710384,0.0035444825303712737,0.0016258384933673486,0.00902372605867483,0.004411491385777444
2015-09-21,-0.008667375320039129,-0.010727621904556095,-0.01797874758169953,-0.013583168713589888,-0.014112101829229461,-0.005444726509190333
2015-09-22,0.0015550818048739035,0.001136932431446469,-0.0005340491379330348,-0.005376370210418114,-0.0017306222371545777,-0.003285704042028481
2015-09-23,-0.005656734882459246,0.0025875420908268556,-0.006303118932109131,3.781242546136987e-05,-0.012221141384579215,-0.006564406502119969
2015-09-24,0.0030350946128522628,0.0005063243654208516,-0.0004608412058790368,0.005305041444752567,-0.007998229645381527,-0.011033324258233789
2015-09-25,-0.021062531313986645,-0.020152710606256063,-0.02423772659088199,-0.0319036506073991,-0.028367855407167398,-0.007305324093180753
2015-09-28,0.004771856990874968,0.0011512536986303945,-0.0022846622228438807,-0.00017847279518454773,0.006440539612476248,0.0016686826216012803
2015-09-29,0.0173684065981758,0.02122293306963292,0.02474275548316627,0.01694213536158633,0.026899497287151554,0.009531090688975754
2015-09-30,-0.007262273280728537,0.000907810171915413,0.0025987025473068305,0.004693075521822587,0.012979021753584596,0.020241295034313135
2015-10-01,0.01250246294985603,0.007079760403684954,0.013308908560163302,0.014937750819140927,0.014234080433166107,0.0017316174833100773
2015-10-02,0.020541292543457823,0.015376591960590203,0.022543126415318592,0.020674413858901584,0.018925182408997755,-0.0016161101344600685
2015-10-05,0.007043259955557335,-0.010362670581015133,-0.0028654559899737196,-0.010983680568462217,-0.0034762556321614067,-0.010519515587718742
2015-10-06,0.008104197554094805,0.0028260963696949528,0.008017148435069621,0.0107293722384311,0.010556108924419971,0.0024519113703251657
2015-10-07,0.008730842768388059,0.016368326723124715,0.008844837250313053,0.005813358734275553,0.002237685863060146,-0.006493156905327913
2015-10-08,-0.0015040107017589399,0.0032472083513289786,-0.0022459237538372647,0.0005890572815519301,0.010217524790773447,0.011721535492532386
2015-10-09,-0.002103717204545108,-0.0021780207094658556,0.006609680009820351,0.00018677628158193517,-0.001219994184438733,0.000883723020106375
2015-10-12,-0.011222656994580138,-0.0012764852613867616,-0.005456973396583131,-0.0025794468826482175,-0.00900092470517525,0.0022217322894048878
2015-10-13,-0.006230429882795219,-0.010598062257318597,-0.0005797319452712224,0.0010925583609192157,-4.899426638564908e-05,0.00618143561640957
2015-10-14,0.008866890671528238,0.002381363511739831,0.01850332318019201,0.0261511884256165,0.015277204875982841,0.006410314204454603
2015-10-15,0.008116667319262305,0.006595959133652729,0.0018974782354244436,0.00634213993074203,0.0008971346195628449,-0.0072195326996994606
2015-10-16,-0.0077568271668156715,0.0015370831624150316,-0.002866986290148743,0.004157558652143201,0.0031226969864161735,0.010879524153231845
2015-10-19,-0.007901850294978929,-0.004611185431962994,-0.004955807699311032,0.0015939538021089827,0.003422276653085954,0.011324126948064882
2015-10-20,-0.004826513035366753,-0.008134690429757285,-0.0020936913869859185,-0.006127276839457563,-0.009311593342424106,-0.004485080307057353
2015-10-21,0.02135329525841425,0.016468805163824696,0.019539217749077742,0.006570231661811654,0.029473170307667895,0.008119875049253645
2015-10-22,0.005727814959709932,0.012335313423518745,0.022107420561830883,0.01759896151214906,0.024200701718600247,0.018472886758890316
2015-10-23,-0.002550496137111702,-0.003277055322112332,-0.0017810472324713445,0.0014497991533767407,0.0030686248339813816,0.005619120971093084
2015-10-26,-0.00631151763514356,0.00034151229417841435,-0.0016748972206382829,-0.0067560264058992405,0.0028601161553222453,0.009171633790465806
2015-10-27,0.009017850113123949,0.012325509665644774,0.015640015983480915,0.01912659918494025,0.020601697894850425,0.011583847781726477
2015-10-28,-0.00494180835505047,-0.002374311254727013,-0.008521153516137747,-0.003918362111820195,0.003082603825708563,0.008024412180759033
2015-10-29,0.001963548384968461,-0.006806207189335267,-0.006973716330388768,-0.004809403537817003,0.0020878175824340373,0.0001242691974655762
2015-10-30,0.01630633595026565,0.010356852884228685,0.01627931395708785,0.004706333760337911,0.01191768901787652,-0.004388646932389129
2015-11-02,0.007589290713051922,0.0022189445579830604,0.003222351303149995,0.0005299515904421792,0.011489785357885463,0.0039004946448335416
2015-11-03,-0.0010119102174711014,-0.0011581847452607707,0.0036617675609859957,8.062623820245251e-05,-0.0048250090350008155,-0.003813098817529714
2015-11-04,-0.006717406055120456,0.003619565762214061,-0.013306924033940038,0.003651937702167074,0.0029379317411300397,0.009655337796250496
2015-11-05,0.002168562545483388,0.007184508258615707,0.017110178824359244,0.022607920246878244,0.0005785438235895168,-0.001590018721893871
2015-11-06,-0.010196257085515881,-0.011293463630457957,-0.013685949794240915,-0.013457821268114123,-0.00917739721423233,0.001018859871283551
2015-11-09,0.004732756790426606,-0.0023163992684620215,-0.0015866021999343283,-0.0007443145733629474,0.004360027779102027,-0.00037272901132457976
2015-11-10,0.002233616335141797,-0.0009198456130972921,-0.008043657627870172,0.0006757133895233247,0.0005343423286345405,-0.0016992740065072565
2015-11-11,-0.01759385835648881,-0.013173154027001944,-0.01311156191438737,-0.007444049712296031,-0.019543080213329976,-0.001949221856841165
2015-11-12,-0.015740951411264515,-0.015964311272206776,-0.018871317357110517,-0.011673556581409682,-0.009584503771536778,0.006156447639727737
2015-11-13,0.013521261333449063,0.014239716621435883,0.015539688113554283,0.015171182505042879,0.0247682345413075,0.011246973207858436
2015-11-16,0.00047607269612605086,0.006099999905364783,-0.002951258686328351,0.004633640491846313,0.0035325068946078565,0.0030564341984818054
2015-11-17,0.017239890407342306,0.0041294604111363434,0.013654370571881702,0.026260308084819405,0.017079326163121866,-0.00016056424422044094
2015-11-18,-0.002481973636035739,-0.003139607704027081,0.0012969023075624752,-0.0007460025286901373,0.005655875258210807,0.008137848894246546
2015-11-19,0.004153661634770578,0.0072237402417587694,0.0009728831840513874,0.008177370714250686,0.007685293735360854,0.0035316321005902764
2015-11-20,0.0038709476347065785,-0.0008933855667102141,-0.0006405594935594228,-0.005906107004431194,-0.0024656562409842266,-0.006336603875690805
2015-11-23,0.0029909356388115984,-0.0032585485458031193,0.0018143451164383429,0.002298927175830323,0.0021246739702225127,-0.0008662616685890857
2015-11-24,0.0020721184935879266,-0.00014672152256670624,-0.0022393858631306386,-0.0028420122132516547,0.0023729501089047034,0.0003008316153167768
2015-11-25,-0.0025073088393739893,0.0037077696870314258,0.0008948515069483354,8.16747074070312e-05,0.0028509957815253673,0.005358304620899357
2015-11-27,-0.006937084584732789,-0.0012867870829806672,-0.007964098721066182,-0.0015821994312536281,-0.004696831017145031,0.0022402535675877574
2015-11-30,0.0061914003554149775,0.011887515491513867,0.010659031598870328,0.012072896037259051,0.01812888831621511,0.01193748796080013
2015-12-01,-0.012704996955456248,-0.0031032948287936014,-0.00369978241812583,-0.007891417765450503,-0.00881682981444044,0.003888167141015808
2015-12-02,-0.00533094933819106,-0.015030843362361445,-0.01632225082763943,-0.011141937362746102,-0.009630386931428769,-0.004299437593237709
2015-12-03,0.025696582388046063,0.026293122183489115,0.02319178322081823,0.02241133025405593,0.022895018253304443,-0.00280156413474162
2015-12-04,-0.002043663756745495,-0.014967658775691972,-0.007461687404413142,-0.005530369122796941,-0.009207642115827674,-0.007163978359082179
2015-12-07,-0.0013667244889111973,-0.011016980349276484,-0.008682123515925677,0.0014410812576532983,-0.0065402054403935535,-0.005173480951482356
2015-12-08,-0.01664369492319573,-0.01187588466490308,-0.013991969322739361,-0.013418486535817642,-0.004550055217879068,0.01209363970531666
2015-12-09,0.008506990082002775,0.003089521314225352,0.003545193306654404,0.0024439110627746063,0.0034617137399060027,-0.005045276342096772
2015-12-10,-0.018257575860481455,-0.020568023708519966,-0.02033520657211042,-0.01919844866422187,-0.025583861946367602,-0.007326286085886147
2015-12-11,0.005288532438371085,0.013046279855306564,0.009625002299817609,0.008232373777878088,0.004162332034283,-0.001126200404088085
2015-12-14,0.015654457893005392,0.007713624559885723,0.0072324911800536575,0.015529013419684979,0.018013634315051576,0.0023591764220461837
2015-12-15,0.01203580961970313,0.015076519772245622,0.021812432678168438,0.015044140444307219,0.021991108870350783,0.009955299250647653
2015-12-16,-0.014354134262270623,-0.015023657546284052,-0.016153979853657928,-0.015897251295455127,-0.018043158774765488,-0.003689024512494865
2015-12-17,-0.026825368788595184,-0.023013601213962863,-0.018853547556357243,-0.01801806093651679,-0.015477818176464275,0.01134755061213091
2015-12-18,0.005552889234955028,0.011158304710272859,0.01008265365944736,0.010735747620545999,0.013588589895094172,0.008035700660139145
2015-12-21,0.01588649385821932,0.009412204392965173,0.006023381523869165,0.01358620920350372,0.008022522114638952,-0.007863971743580368
2015-12-22,0.014895308907609728,0.005478090298206906,0.008276558522873834,0.017820637704033436,0.012398097541309893,-0.002497211366299835
2015-12-23,6.088070126808454e-06,-0.002822120581035392,-0.0009743243722297624,-0.0012892526607139354,-0.0011905183798688657,-0.0011966064499956742
2015-12-24,0.0012883725738560448,-0.0018153540185650407,-0.004156925442286086,-0.0002893427174681218,0.0019005709099802703,0.0006121983361242255
2015-12-28,0.011761237611881503,0.012199660602526974,0.010238930820627523,0.012554096361451971,0.012605213912232594,0.000843976300351091
2015-12-29,-0.0033810576081367504,-0.005098528810039249,-0.006215091650424909,-0.00869319102696876,-0.007652610742898159,-0.004271553134761408
2015-12-30,-0.014221193737222327,-0.007693098102665741,-0.011889137004025807,-0.012236175007430738,-0.011277295927513486,0.0029438978097088408
2015-12-31,-0.028419133337477274,-0.016715459096580676,-0.015934064600232556,-0.016088231830132194,-0.012821959323929322,0.015597174013547953
2016-01-04,0.00476219327926769,-0.00316031012866409,-0.0008534308436979998,0.0001725422434461832,-0.0028150374126245546,-0.007577230691892245
2016-01-05,-0.015341617643976702,-0.010687580164610345,-0.010225135393970564,-0.011344828688946018,-0.011978467551652605,0.003363150092324097
2016-01-06,-0.016153848127213665,-0.029546178765718946,-0.02957648127881172,-0.03194211632650851,-0.03494423314690907,-0.018790385019695408
2016-01-07,-0.014349557551509694,-0.012141083662968233,-0.013919054477783566,-0.01879416401861659,-0.013063612325755458,0.0012859452257542366
2016-01-08,0.00111398326959542,0.0031725294312887286,0.0011440844676920193,0.007834417405221528,0.013801087741836093,0.012687104472240673
2016-01-11,0.007846642700918005,0.006807881140903948,0.010550681741313461,0.013296128835242737,0.00880055826452597,0.0009539155636079655
2016-01-12,-0.027924924978394917,-0.026435069946319157,-0.029188427775817406,-0.03174032958582819,-0.03035053978672788,-0.0024256148083329626
2016-01-13,0.019568707029914423,0.016655575434019233,0.01503883345596323,0.011065881308907222,0.01682759177099835,-0.0027411152589160714
2016-01-14,-0.022752049670163043,-0.01818153762092305,-0.0279280515434685,-0.023081972715647957,-0.03296730031318902,-0.010215250643025978
2016-01-15,-0.0029181243379397537,0.005116373450695289,-0.0009097094709264342,0.006954536502617492,-0.0002320731967814682,0.0026860511411582856
2016-01-19,-0.009646240780018512,-0.009918592989269425,-0.0077961537235149755,-0.01448877370576419,-0.02110014118643294,-0.01145390040641443
2016-01-20,0.0003029750858284053,0.003864323685481663,0.002267719943733204,0.002334250795259818,0.014616580670634528,0.014313605584806122
2016-01-21,0.010531830013226962,0.017463770161948756,0.01299073000597012,0.015155805800861743,0.02914876565919171,0.018616935645964748
2016-01-22,-0.008502693095192882,-0.010387941903324083,-0.010775931300424202,-0.017246766986361472,-0.01819278928196605,-0.009690096186773167
2016-01-25,0.008104314397302127,0.007058770814874482,0.0036607666129685134,0.01619074121335181,0.01721868147475538,0.009114367077453254
2016-01-26,-0.014971757950874142,-0.0073598068644008755,-0.01032853624588521,-0.0059565817461890045,-0.014875176224810615,9.658172606352711e-05
2016-01-27,-0.0010445757309528237,-0.0029469135807071003,0.014974222916325686,0.010531464247318812,-0.011042958537419933,-0.00999838280646711
2016-01-28,0.012596348040879456,0.028828254851424595,0.039108058539422785,0.021553569635042413,0.04043110610853482,0.027834758067655365
2016-01-29,0.001953515109298698,-0.0030184094462985312,-0.000851162868892108,-0.004822987458957273,0.003799893283129618,0.0018463781738309202
2016-02-01,-0.018750925280304476,-0.02848214624278097,-0.02267336457619762,-0.03578207001807847,-0.025913235141772295,-0.007162309861467819
2016-02-02,-0.012386434317929063,0.003040660284673158,0.004034726771487307,0.006772249022227572,0.011785109495753409,0.024171543813682472
2016-02-03,-0.0006851020903662408,0.003622052532579567,0.006123834720384402,0.006082364383406091,0.019370730752202116,0.020055832842568358
2016-02-04,-0.01960714982641345,-0.03520916243000303,-0.03327022857901517,-0.02322866119665793,-0.02701653347604972,-0.00740938364963627
2016-02-05,-0.010952604411181632,-0.0074226251899306315,-0.020286267599385233,-0.009475190074038232,-0.03790899057935944,-0.026956386168177807
2016-02-08,-0.002529457832529136,-0.004851307025820095,0.0004609490887184986,0.0038832329628853634,0.007725568776595915,0.010255026609125051
2016-02-09,-0.007012487834130598,-0.002610654652134825,-0.0044290101046258745,0.0088140994348468,0.0067412849905990726,0.013753772824729671
2016-02-10,-0.014186306229357747,-0.004059240800530495,-0.01631254905732037,-0.010192522413736471,-0.01716358625209883,-0.002977280022741082
2016-02-11,0.01572814947411254,0.01299337223697311,0.016341851069704427,0.02333707383621324,0.04571473054177799,0.02998658106766545
2016-02-12,0.012916305516623173,0.012483715274279494,0.021775176209135404,0.016755611364314617,0.027010521291773504,0.014094215775150331
2016-02-16,0.029188573203670853,0.020244431072631186,0.01754297988229412,0.016566685831538197,0.024211649218937658,-0.0049769239847331954
2016-02-17,-0.0028901906123739106,-0.013581101107853055,-0.007785709640772509,-0.010656084815576283,-0.004951601583913168,-0.002061410971539257
2016-02-18,0.006892753443751731,0.0014139165015207623,0.0022307704784027328,0.0026465310415406673,-0.0021680218789049133,-0.009060775322656645
2016-02-19,0.023310148397302898,0.020772332286481298,0.00825060724624821,0.01274191380082057,0.016068486364814727,-0.007241662032488171
2016-02-22,-0.008124921661699069,-0.015252358711104752,-0.018490094101361976,-0.015684795912227524,-0.013112337505902938,-0.0049874158442038685
2016-02-23,0.0073604292988225465,0.0028676683773669496,0.007190027019402756,0.004936755636282852,0.0009076572066965549,-0.006452772092125992
2016-02-24,0.012188197681456691,0.01220608665573093,0.022958683893490917,0.014798467097142564,0.013214989435441592,0.0010267917539849014
2016-02-25,-0.005171676339279585,-0.003103229434048382,-0.004414527903396259,0.0018695598667221591,0.00751442123564654,0.012686097574926124
2016-02-26,-0.01011594375532474,-0.009279420121011062,-0.002847743214569465,-0.008751711670119322,-0.011969688126936339,-0.0018537443716115983
2016-02-29,0.02299726748454848,0.03409478599890037,0.029384933967551284,0.03132733834880226,0.027805298698261826,0.0048080312137133464
2016-03-01,0.008483108207942746,0.005995023120520781,0.002819226599809843,0.001550270294346534,0.006914832885453248,-0.0015682753224894978
2016-03-02,0.012483791615359351,0.003288914623384065,-0.0012320381165095262,0.0003556259109657067,-0.0004543102385144215,-0.012938101853873772
2016-03-03,0.0029318839361826333,0.01170111031347385,0.003141446944891979,-0.0033429184246858146,0.003930027514346601,0.0009981435781639676
2016-03-04,0.004558849888866001,-0.008691794748031422,0.004017780815560146,0.0013729801288597354,-0.006993337965327651,-0.011552187854193652
2016-03-07,-0.023303481284704906,-0.011606027739259662,-0.008080858751902642,-0.00820089226178793,0.00028628166847816106,0.023589762953183067
2016-03-08,0.002696889201874808,0.002492810459610717,0.007899756025032678,0.00816979736200607,0.0012122144388402756,-0.0014846747630345325
2016-03-09,0.0013644610834904537,-0.0017518695822950736,-0.002172355551548688,-0.0006356992395046945,0.000731599243418668,-0.0006328618400717857
2016-03-10,0.011617664886975044,0.02083990636076132,0.011950325790331551,0.019456765249720277,0.03494909412832716,0.02333142924135212
2016-03-11,-0.001491890115922223,0.007225465809079934,-0.0013516828097046684,0.0009601660983992288,-0.002340781985426266,-0.0008488918695040428
2016-03-14,-0.008755151162267816,0.0007101522501103963,-0.006269905806369891,-0.0005027707342903142,-0.0028625237573153494,0.005892627404952467
2016-03-15,0.005396742057680315,0.0061477194579913855,0.002390565106294584,0.011145728608915283,0.002824679642925254,-0.002572062414755061
2016-03-16,0.007355819502631022,0.0074820363436624345,0.005204324371436897,0.015066730872860156,-0.00023110146093533457,-0.0075869209635663565
2016-03-17,0.012770630711936248,0.0016006869793665723,0.012141228608333221,0.005224139716867771,0.016386798563095262,0.003616167851159015
2016-03-18,-0.004639163998839002,-0.0019633754051861076,0.0005768418315434398,0.0017405391692666417,0.00048410300146735087,0.005123267000306353
2016-03-21,-0.0023571194999628896,-0.0006565141047411571,-0.001422203503954178,0.00010377304915929476,0.005747458480806078,0.008104577980768968
2016-03-22,-0.009146384267223329,-0.003483237788425597,-0.006271589058957583,-0.004002467630649209,-0.002232195847045004,0.006914188420178324
2016-03-23,-0.0017573272353097803,-0.0010220065445519454,0.0012872931560894418,0.001702178913917074,0.008360531873299649,0.010117859108609429
2016-03-24,0.0002511298177463872,-0.0014175971612480631,0.0006185465188085826,-0.0017454927537382647,0.003042231295774911,0.0027911014780285237
2016-03-28,0.010195330961508708,0.013677395385488001,0.011508042247607564,0.007715731672873205,0.005910919909494971,-0.004284411052013737
2016-03-29,0.0024358189809192353,0.0021511914911544914,0.008075729651854924,0.009854021140871805,0.005012528329903021,0.002576709348983786
2016-03-30,-0.003942630587724172,-0.0013751822077550436,-0.0012405964109345135,-0.0019661132408539173,-0.001053814578037482,0.0028888160096866905
2016-03-31,0.008759735907649623,0.008311532527870091,0.00919653649360096,0.012993915820884184,0.009505841101422042,0.0007461051937724186
2016-04-01,-0.00021665703134083892,-0.004889792132062976,-0.005032288561378928,-0.004989634287498712,-0.006024583533625061,-0.005807926502284222
2016-04-04,-0.009743722347592331,-0.004721271282160311,-0.008913320817333226,-0.012960390211594341,-0.012532446408670139,-0.002788724061077807
2016-04-05,0.01552226579460001,0.012258475240721323,0.006293257743807146,0.007772264080724245,0.011582593026741505,-0.003939672767858504
2016-04-06,-0.007935420671662507,-0.010459046183889164,-0.010368890500390027,-0.028169088248478625,-0.016551280470897323,-0.008615859799234815
2016-04-07,-0.001753925577466342,0.0011086178114941391,0.002373747345198163,0.007974890102535237,0.004273245790507041,0.006027171367973383
2016-04-08,-0.0018079996855278947,-0.00418028150783043,-0.0007501361441300646,0.0009241101012646746,0.00352190606769176,0.005329905753219654
2016-04-11,0.008783594833063912,0.008816848670372423,0.014624848980810045,0.00811130198885628,0.013159272402987577,0.004375677569923665
2016-04-12,0.01117576550119762,0.015503881289041422,0.010664639102417762,0.030569598459754332,0.01079843675961013,-0.00037732874158749076
2016-04-13,0.006782964034661387,0.006739308967143931,0.001154458411546877,-0.0028659268520417223,0.0007238529816452233,-0.006059111053016164
2016-04-14,-0.005804386738445066,-0.0014113969559824912,-0.002953977772693084,-0.0011793951980839546,0.003804986625055673,0.009609373363500739
2016-04-15,0.0023233234846802508,0.007191279579476384,0.01036653179248721,0.004666889376063655,0.008377969094434157,0.006054645609753906
2016-04-18,0.005299835668395736,0.001830777149270102,-0.00795450114340176,0.0010798132266353956,-0.0035959120999373927,-0.008895747768333129
2016-04-19,0.011111732046397437,0.0074080063463352495,0.0010518189592804595,0.0023402799155918365,0.0018910102381746064,-0.00922072180822283
2016-04-20,-0.0023173934472101474,-0.00421184645534346,0.00014241363738410896,-0.0026488911434307317,-0.011409190527604463,-0.009091797080394315
2016-04-21,0.0013636169052459346,0.0007331800868171312,-0.012398937386920394,0.05187917311176279,0.0021700947130305235,0.0008064778077845889
2016-04-22,-0.016362929183124687,-0.0046835541953458735,-0.002392859149149995,0.005081980571969203,-0.0020123658910277454,0.014350563292096942
2016-04-25,0.007148485101628211,0.006931194189962031,-0.0011150728919512409,-9.004230318852003e-05,-0.003851130341954212,-0.010999615443582422
2016-04-26,0.0035328856783913174,0.007847228668254536,0.0011300982448179454,-0.0005694137560076973,-0.004754602528309848,-0.008287488206701166
2016-04-27,-0.01566013529985567,-0.01513250811172292,-0.00700128931001367,-0.015718241935833467,-0.003824029877582258,0.011836105422273412
2016-04-28,-0.009498429264896358,-0.007290852796511848,-0.008189871500295686,-0.0037630620871310196,0.0008616460168066164,0.010360075281702973
2016-04-29,0.010434382500090478,0.007900258832438122,0.010428152226232567,0.0177804751323118,0.006722903851810425,-0.0037114786482800536
2016-05-02,-0.013990775772721597,-0.013414143606572837,-0.009802214082203886,-0.01259051118783545,-0.00978378588285439,0.004206989889867207
2016-05-03,-0.00024401055924888615,-0.007106891943484938,-0.010239615714366823,-0.007265328912289704,-0.010556353033792164,-0.010312342474543278
2016-05-04,-0.0007493786792166391,-0.0026333357929781975,0.001745600953915738,-0.0014510472272779352,-0.0012517636950171052,-0.0005023850158004661
2016-05-05,0.00990875517716645,0.006050328950153694,0.0020653312988095918,0.0018394316637685205,0.003027212074294361,-0.006881543102872089
2016-05-06,0.005263609542135716,0.0008676611257099953,-0.0008550486145259661,-0.0011017894803927232,-0.005852940287659136,-0.011116549829794852
2016-05-09,0.008545129782553885,0.013480057646183607,0.014045504870498904,0.01314597204623602,0.020218010771584426,0.011672880989030542
2016-05-10,-0.010823097568614715,-0.00704510991074585,-0.009154195715504554,-0.009351226191230976,-0.00605959259925124,0.004763504969363475
2016-05-11,-0.000356419364041638,0.0008127204977437019,-0.0012212122049097829,-0.004598094853237011,-0.004238438605817851,-0.003882019241776213
2016-05-12,-0.0065298849189874605,0.007915129469830928,-0.0066315294741669415,-0.011116961019045368,-0.009696615212248816,-0.0031667302932613557
2016-05-13,0.013048702925869748,0.010665806590265803,0.013593646604158205,0.012389977634861226,0.00914556642587716,-0.003903136499992587
2016-05-16,-0.009225071799201168,-0.00895436659165717,-0.00895588719853586,-0.009278039309065789,-0.010622721643480316,-0.0013976498442791474
2016-05-17,0.013941885747416949,0.013479156590967855,0.011717159767756313,0.003486055262916421,-0.001098430471816958,-0.015040316219233907
2016-05-18,-0.0026794662755281196,-0.006943604472581533,-0.007263930448950728,-0.008129431782927044,0.006277392950765659,0.008956859226293778
2016-05-19,0.011615849604271788,0.0081480196592292,0.011003825021721581,0.004991969716203848,0.001406985158195062,-0.010208864446076726
2016-05-20,0.0010016462119881498,0.0022462405388615657,0.0007752220996824488,-0.0033821254089473007,-0.0028071745632521463,-0.003808820775240296
2016-05-23,0.023137150548003426,0.01672431447364451,0.018371524891411205,0.012599951759777461,0.015289510911187442,-0.007847639636815984
2016-05-24,0.008859992639954017,0.0026558650360719803,0.013633418701126976,0.010072403519727912,0.0025376880209471596,-0.006322304619006858
2016-05-25,0.0022581740750714065,0.0070815361402825515,-0.0007956824632386561,-0.0009209049446882944,-0.0024776973551048466,-0.004735871430176253
2016-05-26,0.007119579395883369,0.007916856086167457,0.0010648007678946913,0.004950406884570047,0.004759734503916702,-0.002359844891966667
2016-05-27,-0.0010925954258509175,-0.0007346153159709656,0.0026864366284540587,-0.0032740653007146793,-0.005921691835530374,-0.004829096409679457
2016-05-31,-0.002132183746432215,-0.0016804634550926956,0.0005611422122219877,0.004491710808339222,0.0035339110186252574,0.005666094765057472
2016-06-01,0.0007029001182880968,0.00302642326360415,0.0036422161876449198,-0.0030428822385421216,0.0012790464812257318,0.0005761463629376351
2016-06-02,-0.0021724948065707573,-0.0026691559938708974,-0.004421605427875508,-0.015159119000728527,-0.0029827034854899236,-0.0008102086789191663
2016-06-03,0.0020260932252415985,0.004052603373068453,0.0007352733414613622,0.006381822498503631,0.013746710922148731,0.011720617696907132
2016-06-06,-0.0015506645382481587,-4.847563904799568e-05,0.0006911584636055568,-0.0010809657488888402,-0.002402225428697935,-0.0008515608904497761
2016-06-07,0.005526823617210486,0.0038547978036399646,0.0003644286942029784,0.00022184240600977567,0.002220873183200578,-0.003305950434009908
2016-06-08,0.0006028093681742063,0.0015197809340849132,0.001721034308544722,-0.006427636665383474,-0.007693612252047566,-0.008296421620221772
2016-06-09,-0.006702911110518928,-0.008798473498457183,-0.012672565194184604,-0.014346831437318663,-0.015455358632634997,-0.00875244752211607
2016-06-10,-0.004779981323495519,-0.005215998823283818,-0.007287936935518402,-0.01040083749770957,-0.00947455728836255,-0.004694575964867031
2016-06-13,0.0004457331046889279,0.003371552205839623,-0.004221114495302403,-0.004855698198828795,-0.012279778525522655,-0.012725511630211583
2016-06-14,-0.002949548153117243,-0.0037927198303016165,0.0005392631952348736,-5.972771295499335e-05,0.004537794492210178,0.007487342645327421
2016-06-15,0.005392386150154605,0.011659403226860843,0.006202192593319877,0.005501808715019952,0.004383092422809665,-0.00100929372734494
2016-06-16,0.0027135348997788357,-0.0025994853155176466,-0.005689904471140805,-0.007889530789658017,-0.0025117716999992433,-0.005225306599778079
2016-06-17,-0.0007554844617423728,0.008081452221830144,0.008393275797293032,0.007143812873108857,0.00595115387301034,0.0067066383347527125
2016-06-20,0.009791995802487852,0.001127868569612489,0.00034179384300910833,0.004624738136908946,0.0004130846127321952,-0.009378911189755656
2016-06-21,-0.015113440846933534,-0.0021319850229913895,-0.002911372020649894,0.002755310310844983,-0.0024046952108928376,0.012708745636040696
2016-06-22,0.01957492327254353,0.013831167940456713,0.016785543900912647,0.019874594265506685,0.015213635749554966,-0.004361287522988564
2016-06-23,-0.061698688087137965,-0.058839319747378126,-0.03089836816368058,-0.029567528832870206,-0.03228557748326029,0.029413110603877676
2016-06-24,-0.011001543306343486,-0.025179161230791735,-0.019281848235921606,-0.022122108240989324,-0.027846863165333524,-0.016845319858990036
2016-06-27,0.011823395871618491,0.01842407701972546,0.027105770441662003,0.026902216845401016,0.02035675305661906,0.008533357185000567
2016-06-28,0.01613907186041621,0.01876196060598706,0.019758320520257187,0.017163904336389747,0.025396995454604453,0.009257923594188245
2016-06-29,0.004604629481138744,0.007496845551934928,0.014675875930794325,0.014569247770755633,0.009049009423393817,0.004444379942255073
2016-06-30,0.0004899018714998871,0.00744651734654197,0.0007546335313454167,-0.00021507065119822367,-0.0009656935322027605,-0.0014555954037026475
2016-07-01,0.0021168190024300816,-0.0064385420394481255,-0.006540186523018521,-0.015309291437805772,-0.015768775003847168,-0.01788559400627725
2016-07-05,0.00025105914756370364,0.014420606032718108,0.00826033921676952,0.00564761486361276,0.0026755519115053026,0.002424492763941599
2016-07-06,-0.0003250430864939036,0.0008582398735136776,-0.0006088879214556697,0.006874983435633142,0.009948910261859446,0.010273953348353349
2016-07-07,0.01742113966010017,0.011013376463955416,0.014933466455998268,0.020182231340712776,0.02045230433870999,0.0030311646786098205
2016-07-08,0.0028873916147649113,0.0029812901962573803,0.003466719637408089,0.00124925689083355,0.005995299934143872,0.0031079083193789603
2016-07-11,0.002930805448094409,0.005004989226503498,0.009982033899175203,0.019505316906959957,0.014328507571047634,0.011397702122953225
2016-07-12,-0.00319802126451052,-0.0012055722591127194,-0.00033046054187659826,-0.0017644408796456458,0.0035831525059388802,0.0067811737704494
2016-07-13,0.006359332625008573,0.007674127701785549,0.011747997522093578,0.005470164854476533,0.004654819943329514,-0.0017045126816790596
2016-07-14,-0.00040092902811735833,-0.0005147605691204537,-0.0014269062482321182,-4.951657145821908e-05,-0.0005442572205176188,-0.0001433281924002605
2016-07-15,0.004449626323232514,0.004676281100355628,0.0037045161352681987,0.007825204969581345,0.0031148963267648598,-0.0013347299964676538
2016-07-18,-0.0033081079614243336,-0.012531407544902406,0.0018464840164599482,0.0035208626429047763,-0.0020867334555200955,0.001221374505904238
2016-07-19,0.0027331562049675794,0.007102522519429088,0.005311609801290052,0.011073373199608072,0.005495847935257814,0.0027626917302902344
2016-07-20,-0.002986050519321037,-0.012454809913635212,0.004046041269028666,-0.003698608393875258,-0.006503667028402893,-0.003517616509081856
2016-07-21,0.006808945879069073,0.0034087304208867742,0.020160941988817026,-0.0007194895256561918,0.003854883518311891,-0.002954062360757182
2016-07-22,0.015866785940555173,-0.0018422238720565032,0.0014968406366825504,-0.0038850856279195266,-0.004040176125884132,-0.019906962066439306
2016-07-25,0.004366674489187883,0.00988179703078702,-0.0015569168888263651,0.007149563512805291,0.007514350706265683,0.0031476762170777996
2016-07-26,0.000936084056842279,0.004995736262622052,0.0020474593490807714,-0.002118278089114756,-0.0015356901893853526,-0.0024717742462276315
2016-07-27,-0.0013891868273388508,0.0016375204923215092,0.00477305850807902,0.00826317354236219,-0.0003695976390779343,0.0010195891882609164
2016-07-28,0.001839104748226028,-0.0017208487004003238,0.0023311718472712626,-0.00035654947662381307,-0.000532068497359095,-0.0023711732455851233
2016-07-29,0.0010463553496071864,0.006224079300708951,-0.00366499015363273,0.00012028894579377836,-0.006152829167561736,-0.007199184517168922
2016-08-01,-0.008457271610392026,-0.0045912817023094025,-0.013964124967339486,-0.005387663156454292,-0.0032420445975287595,0.005215227012863266
2016-08-02,-0.0011331307836460857,-0.0024342656521513795,0.0032661820389173314,0.005750417148445685,0.008251573927210853,0.009384704710856938
2016-08-03,-0.0024603997110530184,0.001690051343832144,0.0039799680599658105,0.0038417924356979214,0.0030864186963078244,0.005546818407360843
2016-08-04,0.012706411782597838,0.010357191608826555,0.013980637806383322,0.012641909835051568,0.022576410843819405,0.009869999061221567
2016-08-05,-0.001739416528394866,-0.0016965133954597422,-0.0029709305217205497,-0.0006006631163362197,0.00042506166053503104,0.002164478188929897
2016-08-08,-0.0003474281204167151,0.003807554491598697,-0.003121504564684063,0.0018568410232936317,0.00023984286077036732,0.0005872709811870824
2016-08-09,-0.007826791767514097,-0.0050121090517039725,4.381372039807818e-06,-0.002858727619163293,-0.0024290062228057964,0.005397785544708301
2016-08-10,0.007249404590421127,0.004923823096799373,0.005908708655662176,0.004598290346913258,0.007253510264399998,4.105673978870884e-06
2016-08-11,0.0022091409826868746,0.0026672247914759526,0.0028079644240493586,-0.0007401988104159152,-0.0025439170882961106,-0.004753058070982985
2016-08-12,0.0009836760970608704,0.005995940419025248,-0.0010957400016714414,0.008447595591197654,0.004265161013203134,0.0032814849161422635
2016-08-15,-0.0075404906055787976,-0.0031881668252420337,-0.0026886296463001225,-0.0034380058073305796,-0.005843491397409695,0.0016969992081691029
2016-08-16,-0.002301321460319361,0.001834317130255858,-0.003962267290002153,0.0014543428159028648,0.0011279835155725616,0.0034293049758919226
2016-08-17,0.003602148307267572,4.359093869858999e-05,0.006516761214611711,-0.001539878525878302,0.0006784525263108688,-0.0029236957809567034
2016-08-18,0.005531891124678922,-0.0017095053499275314,0.001250057466541199,-0.0023499658381426424,0.001820839884428016,-0.0037110512402509063
2016-08-19,-0.0010332251328460718,-0.0011678482518561405,0.0002674766359309744,0.00014494562199903748,-0.0003846942112116003,0.0006485309216344716
2016-08-22,0.0033484395958215617,0.0037958682525986442,0.00242792818350146,0.0004067859633581916,0.0028950404654145443,-0.0004533991304070174
2016-08-23,-0.010783985436408206,-0.004103183650806808,-0.004071462667017833,-0.004261419155608926,-0.005328776356971876,0.00545520907943633
2016-08-24,0.007088517800216176,0.0014370046972684957,-0.00250154300165375,0.00029886802398794156,-0.004112560936328924,-0.011201078736545099
2016-08-25,0.005908454744304381,0.0022743629055008373,0.0024748546128773863,0.0004939494089034824,-0.00048368274473136185,-0.0063921374890357424
2016-08-26,0.0037307516981393784,0.004542690509991665,0.003217253159460487,0.005698939559777738,0.003318554054659495,-0.0004121976434798835
2016-08-29,0.005304891141798163,0.0028099971000386526,-0.0021208046110133606,-0.002918622042577268,-0.006687095447631741,-0.011991986589429904
2016-08-30,-0.0015129377431247649,-0.0002130155359635677,-0.0033001539756140064,-0.002506942796658951,-0.003033194244758397,-0.0015202565016336322
2016-08-31,-0.0029593867064505288,-0.004162143545632646,-0.0007263612346858683,0.004795951414465293,-0.0033681324084103847,-0.000408745701959856
2016-09-01,0.0038593699508452485,-0.0002565038568106526,0.0022529608385142173,0.006002924972701195,0.0019238270487939913,-0.0019355429020512572
2016-09-02,0.0028599692916528308,0.0005431509372223586,0.0033363505747056265,0.0012444231718985233,0.0019422601424974872,-0.0009177091491553435
2016-09-06,-0.0002798402549500367,-0.0047264085598617165,-0.0008997758973426251,-0.008297146846490588,-0.003612702151510028,-0.003332861896559991
2016-09-07,-0.005852809091499611,0.0014313299727956364,-0.002842270255420809,0.0009580397886419956,-0.010852173774097685,-0.004999364682598074
2016-09-08,-0.024447703408130784,-0.023783907811861526,-0.01752022687497754,-0.023669947620842947,-0.02654989540018977,-0.002102191992058987
2016-09-09,0.014584322248003745,0.012532537578943547,0.01442634713815023,0.017537214748287157,0.01609258432899119,0.001508262080987444
2016-09-12,-0.017243361882452356,-0.014965058078143556,-0.015261794712523036,-0.009775652268821811,-0.01539616387505779,0.0018471980073945671
2016-09-13,-0.00421242803449835,0.006182088968589239,0.0030583486049716837,0.0008819401002063687,0.006453246540018687,0.010665674574517038
2016-09-14,0.012977465311557124,0.014874725726728122,0.013225856497860322,0.006721345398642731,0.006883703073330372,-0.0060937622382267525
2016-09-15,-0.006923521497748486,-0.0065844470829127585,-0.0018471731255102486,0.00485485712557322,-0.008953592943186161,-0.002030071445437675
2016-09-16,-0.0023142876614128728,-0.0027978804791344847,0.0019510528912175418,0.00349704863195236,0.0020744844480411807,0.0043887721094540534
2016-09-19,-0.002471937179598882,0.0016479146837300117,0.004227011727879959,0.002747629979763133,-0.0007594681354236577,0.0017124690441752246
2016-09-20,0.01403331811358427,0.010437733606715793,0.00832927388426925,0.010626662845089552,0.009716862895363398,-0.004316455218220872
2016-09-21,0.005881494394368058,0.004303023587155397,0.007779760108758249,0.008259291745062725,0.0030397136534043856,-0.0028417807409636727
2016-09-22,-0.0024943082922987856,-0.00386228580281186,-0.015457215889245346,-0.005598271945365096,-0.006983374196603087,-0.004489065904304301
2016-09-23,-0.007432860969038668,-0.014215114985757537,-0.01139064345543932,-0.009234988401865141,-0.007029051032993727,0.000403809936044941
2016-09-26,0.011634603723448622,0.010768965944180198,0.00881924630741716,0.010934781689194106,0.01127915380974942,-0.0003554499136992021
2016-09-27,0.001479838673263767,0.009386774547620592,0.004300453457886266,0.004390120309074641,0.005224659271974586,0.0037448205987108186
2016-09-28,0.002276127272533879,-0.011838420105102065,-0.010544069561498882,-0.004059456786253512,-0.012847656419198428,-0.015123783691732307
2016-09-29,0.012834338590944804,0.008507730287644222,0.011493290741560469,0.015953742147417405,0.011494939725353492,-0.0013393988655913125
2016-09-30,-0.0069773401764562926,0.0007061035823150985,-0.0018514570142698528,-0.001054699966420536,-0.0009182491169519302,0.006059091059504362
2016-10-03,-0.0072867902492144586,0.0012974320078174672,-0.0012937036161500214,0.0008328030818845922,-0.003541694915117621,0.0037450953340968374
2016-10-04,0.011878059368030935,0.00015654164053960918,0.006233302605952118,0.00651704579181106,0.001841524671183803,-0.010036534696847132
2016-10-05,0.0011267592693412153,-0.004474635251703973,0.0009708123174747673,-0.0004600691217157227,0.00354138121047094,0.0024146219411297245
2016-10-06,6.52933428731961e-06,-0.003407325977381137,-0.0008772955702851415,-0.009405769081047021,-0.00453924663586458,-0.0045457759701519
2016-10-07,0.0033050922760284873,0.005781018814392613,0.005153312093083562,0.0073508963680166016,0.002747703085619069,-0.0005573891904094184
2016-10-10,-0.01974146409249856,-0.011146252937134593,-0.01563888297031516,-0.017894501823171184,-0.00867562645122293,0.011065837641275632
2016-10-11,-0.0007924213381494183,-0.002798341221345846,0.0010723587205035746,-0.0036261188015157876,0.006274917478079778,0.007067338816229196
2016-10-12,-0.0068600110741949384,-0.004741177226766524,-0.004396684984998034,-0.005208033891831854,-0.00015064438455801853,0.00670936668963692
2016-10-13,0.0016788110908343534,0.005239470789269451,0.0026748170384955474,0.0031731208815924173,0.007869039619202645,0.006190228528368292
2016-10-14,-0.006569903282214929,-0.006196444202093254,-0.002794936569223294,-0.0054777451830928855,-0.0030867543030035915,0.003483148979211337
2016-10-17,0.003153619417920217,0.008149745412595999,0.004431533118189135,0.025205821920436067,0.014216943646511293,0.011063324228591076
2016-10-18,0.0026776205632937588,0.00355039835939005,-0.0009752196754634568,0.0034383988587340488,0.001324557134252613,-0.0013530634290411458
2016-10-19,0.0003540958550336093,0.009691585188799135,-0.0017739936799644918,0.004244832783006513,0.00020642546658541371,-0.0001476703884481956
2016-10-20,0.0014188349461837224,0.0019499633643101145,0.0034501821419193335,-0.004164910168397684,0.00048030332354099815,-0.0009385316226427243
2016-10-21,0.006772676117608812,0.010451738853045445,0.004616034043553763,0.01228160576246613,0.004486800318927686,-0.0022858757986811253
2016-10-24,-0.0028313576722239888,-0.00853152214939481,0.0004999570724791624,-0.007399877245369846,0.00682817246961529,0.00965953014183928
2016-10-25,-0.0025364756166134316,0.0012538689946464342,-0.0038554737790724826,-0.0002069183810019637,-0.0029161053141373073,-0.0003796296975238757
2016-10-26,-0.006588937776201986,-0.0004520412776189531,-0.0010271534185897434,0.0003537081949336662,-0.002969636396774944,0.003619301379427042
2016-10-27,-0.007580170130430597,0.002337072364280124,0.0011020509328691698,-0.026165788037566907,0.0040686204884683,0.011648790618898897
2016-10-28,0.0032580730346185804,0.00017897814715667204,-0.0025293175784601553,-0.0018029964822149692,-0.0075691951308932024,-0.010827268165511782
2016-10-31,-0.002467466553119313,-0.009176219190123546,-0.0057489412866327475,-0.0056798348503533935,-0.006846672283202582,-0.004379205730083269
2016-11-01,-0.005452194630829443,-0.00663394772924244,-0.006352356851695706,-0.008985248443622662,-0.005425796991927001,2.639763890244229e-05
2016-11-02,-0.001801144711791669,0.0004862691269614472,-0.001885108512334832,-0.007008443548896437,-0.00853633951157371,-0.00673519479978204
2016-11-03,-0.0022119980554614616,-0.005363191556804758,0.00172176326368787,-0.0012517158677760264,-0.0029491778101839007,-0.0007371797547224392
2016-11-04,0.02679812326435298,0.019301494819710198,0.02340813690493011,0.03495831738712714,0.02508263143129843,-0.001715491833054552
2016-11-07,0.0011810364327676348,0.0020084430421239974,0.00217240991080081,0.0041955412362285945,0.00793193401735709,0.006750897584589455
2016-11-08,0.011900064396185494,0.02870849660405165,0.021921081348303117,0.0016956856341640014,0.003347119626413597,-0.008552944769771897
2016-11-09,0.03505973202161374,0.012059754843031189,0.00781414108805717,-0.027282627670407643,-0.022245511603267966,-0.05730524362488171
2016-11-10,0.002728743111896803,-0.003913266022903405,-0.0035938960183118595,0.007952485988068669,0.02968377407723568,0.026955030965338876
2016-11-11,0.020473948987639455,-0.005096135183309492,0.002793738857904282,-0.01741608193819566,-0.01769459105378991,-0.03816854004142936
2016-11-14,0.005247791151934045,0.002309063131921474,0.008200409246771567,0.005159535511043522,0.01484804002547,0.009600248873535954
2016-11-15,-0.007249302468715102,-0.005128223589201342,0.007028291473102544,0.00286840316311332,0.008429011456881286,0.01567831392559639
2016-11-16,0.009867840860913524,0.005466322923917055,0.0068618631895898344,0.0031889790002980313,0.008431187036642484,-0.0014366538242710399
2016-11-17,0.0064368359256168125,-0.0004326996831371055,-0.00241185614096604,-0.004319608881253356,-0.006503294385707592,-0.012940130311324405
2016-11-18,0.007141141780831628,0.006049090006329616,0.011409460174601893,0.008488171661239097,0.002560759795389167,-0.004580381985442461
2016-11-21,-8.425202169615176e-05,0.0017490059102003963,0.001217888322697014,0.003631483264255353,-0.006012369863202249,-0.0059281178415060976
2016-11-22,-0.0023498036874450845,9.82818794595719e-05,0.000835659384851728,0.006023507327568178,-0.0037030724891125135,-0.001353268801667429
2016-11-23,0.0005092239725118297,0.0016546792255235255,0.0019117679358407469,0.005260378621459028,0.00758604230875205,0.007076818336240221
2016-11-25,-0.009609560412193973,-0.008772993877698176,-0.0014937233056930288,-0.005525906371490108,-0.011614145782400664,-0.0020045853702066914
2016-11-28,-0.0012673726563294351,0.0007733631274111974,0.0010644302066463828,0.006747557653977054,0.0019829927215767817,0.0032503653779062166
2016-11-29,-0.006864475232836442,-7.79520754860541e-05,0.0030736572703685904,-0.0027075608507210135,-0.010244433898504601,-0.0033799586656681592
2016-11-30,0.010015575676608468,-0.012459815666724706,-0.013055417420373827,-0.005263485702257886,-0.020024701210483054,-0.030040276887091523
2016-12-01,-0.010433114749949346,0.0010593730649416822,0.009064883087142494,0.004681066527192246,0.0046868139513739585,0.015119928701323304
2016-12-02,0.005589295231459302,0.001375491830170239,0.007514996603438151,0.007239064179984512,0.015439161972685755,0.009849866741226454
2016-12-05,0.005227209560842383,0.006527848173844786,0.013060260506518017,-0.00046910656108775097,0.002547666228789258,-0.002679543332053125
2016-12-06,0.01662928954099365,0.010601138810260813,0.003563095621693502,0.018427426776620636,0.01614810215095549,-0.00048118739003816247
2016-12-07,0.006316975016056337,0.006024984881264928,0.0017897654051582056,0.002109707087558266,0.0034057106194660845,-0.002911264396590252
2016-12-08,0.004264292256818092,0.006299891740225216,0.00788158847292474,0.006670914310890086,0.0063806691654540336,0.0021163769086359413
2016-12-09,-0.00187762543798915,-0.0007550267549592538,-0.0026055060392835227,0.00045441060100626096,0.0053327423957770905,0.007210367833766241
2016-12-12,0.003648412476857499,0.007427135078053648,0.005978128561076756,0.007524756489529272,0.011985178984941747,0.008336766508084247
2016-12-13,-0.008159205731809883,-0.006079907437094567,-0.007615754926826246,-0.0037535350734702157,0.0012328362266793348,0.009392041958489217
2016-12-14,0.006084322441570522,0.005892278261873695,0.010069949677946255,0.005619627318719944,0.003416872024653672,-0.00266745041691685
2016-12-15,-0.00043756222824715697,0.0017401447841600471,-0.007318239747978317,-0.011623992024325513,-0.005897067550507928,-0.005459505322260771
2016-12-16,-0.0020575464428357892,0.0053332891414966666,0.004451477457283437,0.0002701437912888016,0.0031859853648329994,0.005243531807668789
2016-12-19,0.004531975304987901,0.007967640311688163,0.006749238217701336,0.00839403639870051,0.004401034799292369,-0.00013094050569553185
2016-12-20,-0.0007973090323638576,-0.00127615702443995,-0.0040159133988368016,-0.007306388786865592,-0.0036804659114288095,-0.002883156879064952
2016-12-21,0.0008330144662622053,-0.0054784044982183365,-0.0017251041787772591,-0.003558297028150792,-0.003208559954510415,-0.00404157442077262
2016-12-22,0.0023432535356057494,0.0031791745477801835,0.0028507637904496954,0.00013145831995914348,0.0008517604219539287,-0.0014914931136518206
2016-12-23,0.012953770383352681,0.003490006423634684,0.0019766915776531667,0.0014436895352770928,0.0026709219984535682,-0.010282848384899113
2016-12-27,-0.021049547938352908,-0.006865190008960275,-0.007994577834660243,-0.007601052793793783,-0.007241031889044747,0.013808516049308162
2016-12-28,0.0012188522456336726,0.0006328363075837507,-0.0009833254745306608,-0.0033759690208730376,-0.0008490567584730213,-0.002067909004106694
2016-12-29,-0.0070940990500893645,-0.007302202704379546,-0.008022717573122683,-0.005999750511300195,-0.0012572750831040813,0.005836823966985283
2016-12-30,0.008691869653553508,0.007793680982341044,0.010492538956995335,0.008238316834067994,0.007452374773300052,-0.001239494880253456
2017-01-03,0.010974204665562991,0.0021235583895396815,0.010181610875331214,0.0017798770668237985,0.004571117109707335,-0.006403087555855657
2017-01-04,0.0007638704879810443,0.0008297780134226662,-0.0029874258630394833,0.0017853872346452638,-0.002431435689513051,-0.003195306177494095
2017-01-05,0.013452078078940676,0.004019094870405115,0.005058373121603709,0.004851384695289074,0.005720747271684834,-0.007731330807255842
2017-01-06,0.0010408395485188681,-0.004354978112777829,-0.0007170235567496297,-0.00020856001129520018,0.0008563493629168972,-0.0001844901856019709
2017-01-09,-0.0009054769261030105,-0.0038317686444770847,0.0012859454837300666,0.002462610828563405,-0.0024493529441444338,-0.0015438760180414234
2017-01-10,0.004212162249896611,-0.004719466025611407,0.0019848852875592347,0.0062958685633622835,0.003308233641019531,-0.0009039286088770803
2017-01-11,-0.0003459938412412211,-0.001719437301654647,-0.001472332378804675,-0.005416535797435729,-0.0027377762138369064,-0.0023917823725956855
2017-01-12,0.0026677578461338446,0.0026346302658105,0.00423254157745423,-0.0017091109043214426,0.004141848061826559,0.001474090215692714
2017-01-13,-0.008102316562392154,-0.010318362681329374,-0.014211465294905324,-0.0031466093999675147,-0.0024779087390287557,0.005624407823363398
2017-01-17,0.0013519541221897469,0.00454404218731157,0.0005491296063790951,0.008959192102891677,-0.0002760786639548041,-0.001628032786144551
2017-01-18,0.0024718226175629134,-0.0037899551715341318,-0.0033653349956327184,-0.0018581614105102283,-0.006324667377677085,-0.00879648999524
2017-01-19,0.009716155299344609,0.0028229212183055407,0.0008767556426438006,0.00281753553653874,0.0009187608115893142,-0.008797394487755295
2017-01-20,-0.0020521260002285603,0.004367976268243456,0.0023710329167171197,-0.003921056225988417,-0.016748964442673632,-0.014696838442445072
2017-01-23,0.01172811538054357,0.012202083393827234,0.006891637534605599,0.000415102155571212,0.013167477643043102,0.0014393622624995321
2017-01-24,0.007779241576312745,0.005832856129810648,0.011109172265397515,0.005169549576124766,0.01141737952221682,0.003638137945904075
2017-01-25,-0.001765336150472452,-0.001291895967610124,0.004239956526315902,-5.235107050454158e-05,-0.004887283910457574,-0.003121947759985122
2017-01-26,0.0030683762788085377,0.000571642343613088,-0.0009049837527600246,-0.002179005266134759,0.00475381917154506,0.001685442892736522
2017-01-27,-0.007381860772715165,-0.002954145867404656,-0.011842801612884946,-0.00091216773766305,-0.0022956885165561934,0.0050861722561589716
2017-01-30,-0.008866001443552906,-0.00898709395845101,-0.003995922094675064,0.0035852017305292973,0.0022799499311670357,0.011145951374719942
2017-01-31,0.007287393760426408,0.007836653915686154,0.015296078237828581,-0.0018218606377016556,-0.0040211708718065455,-0.011308564632232954
2017-02-01,0.003109000197791001,0.00027241279782873605,0.0028014976482113483,-0.0025397697485191827,0.001287142986300871,-0.0018218572114901297
2017-02-02,0.0046340476070088395,0.0026695818076916122,0.010910662948488603,0.014975506466395162,0.016976450422595223,0.012342402815586384
2017-02-03,0.010204576985107749,0.002012924037913777,-0.001999234164777397,-0.0012041211579195577,-0.002744460557999884,-0.012949037543107632
2017-02-06,0.0007770443753907896,0.0032867524050912422,0.0011425349011233044,0.002933669620800916,0.001244538122658978,0.00046749374726818833
2017-02-07,-0.002082636181796449,-0.00307734674410044,0.004895062747516121,-0.0009922712332020467,0.00020534348474944287,0.002287979666545892
2017-02-08,0.0016026435205191204,0.00351260025314859,0.004312422460507881,0.007604481104805405,0.0070047904678617766,0.005402146947342656
2017-02-09,0.0007157951495144199,0.005362934170737177,0.00021650502854779762,0.00397915094403356,0.0025529678687265965,0.0018371727192121766
2017-02-10,0.0029190723812142607,0.005927735203677587,0.0029276213410004527,0.010244160780622824,0.008697898403950476,0.005778826022736216
2017-02-13,0.0056076628392993984,0.006555703635336319,0.0044316245161725495,0.00496253301902182,0.003795632463074461,-0.0018120303762249376
2017-02-14,0.007669390488152961,0.011192205990048065,0.0027985386071522566,0.012472026871026276,0.0049741046519639395,-0.002695285836189021
2017-02-15,0.001016019689829628,-0.0015917685493452515,0.0005526045911573129,-0.005153085980671201,0.0032297362039072964,0.0022137165140776686
2017-02-16,0.0006668378527568075,0.0016166519814949875,0.002331053779990322,0.004111824425305199,0.0023563005793759474,0.00168946272661914
2017-02-17,0.005964055716973104,0.007734539774504712,0.005505262895155283,0.0038864170999702184,0.015444593284543461,0.009480537567570356
2017-02-21,-0.0006075311848954601,0.0005418236262356268,0.001299474567040626,0.00034238797207344354,0.0014115596614814874,0.0020190908463769476
2017-02-22,0.004606746852482413,-0.002642350068928645,-0.010342443322315032,-0.0012776969389403313,0.0026506628410157607,-0.001956084011466652
2017-02-23,0.006234106334271306,0.0006196182451578047,0.0002914468835636619,-0.002783652940275094,-0.003671500491424762,-0.009905606825696068
2017-02-24,0.003447109021222383,-0.001000661762914279,0.0003123836681634629,0.004854567331527293,0.010148438071037536,0.006701329049815153
2017-02-27,-0.007437657321073288,0.00014689830299864371,-0.003265148010811225,-0.007485762311084454,-0.006149685894596524,0.0012879714264767642
2017-02-28,0.01237044561955094,0.015519530802400427,0.01609704360768589,0.013359892397890805,0.032068068252095586,0.019697622632544647
2017-03-01,-0.00606303706729211,-0.012546946298335127,-0.0033424272128763644,-0.005800792647640785,-0.011670532222521268,-0.005607495155229158
2017-03-02,0.0019545349386433262,-0.0007733070164223976,-0.0005723494460967537,-0.007396449315936693,0.0023580782162854197,0.0004035432776420935
2017-03-03,-0.0032678245418684914,-0.004448140948906954,-0.0023481383510085886,-0.0016871273673225607,-0.00040996362207823545,0.002857860919790256
2017-03-06,-0.0020480529137124393,-0.0005407846083030577,-0.004080572116735448,-0.0001671097720468473,0.002923720239042293,0.004971773152754733
2017-03-07,0.0027773068818656376,-0.0013262331825252827,0.0022061170462359,-0.0014802187535294942,-0.0007073845143031665,-0.003484691396168804
2017-03-08,0.0003903212593666772,0.0029347328968114096,0.002543244134241818,0.002055389110849215,0.00044448340063445445,5.4162141267777276e-05
2017-03-09,0.008071801499950227,0.003848885067717689,0.002028221679952302,0.0069811931179288855,0.006070373592475964,-0.0020014279074742633
2017-03-10,0.0031040174278009645,0.002710236182773573,0.003930222556458018,-0.0002361744653605502,-0.0031876249176559512,-0.006291642345456916
2017-03-13,-0.0034026490560152057,-0.004064271904060057,-0.003364130670506571,0.000395798472722364,-0.0031239494875422436,0.00027869956847296215
2017-03-14,0.009146439615116542,-0.00021485911403328338,0.0055486257341256,0.005742558374229845,0.010002365324300922,0.0008559257091843801
2017-03-15,-0.00584010416024211,-0.0028118080572353877,0.009380165189706602,-3.399571384541389e-05,4.1808747350824407e-07,0.005840522247715618
2017-03-16,0.002849450385132901,0.00040987681345824314,-0.0032268913298185596,-0.008151796867116524,-0.008806653355671313,-0.011656103740804214
2017-03-17,-0.0008014328398026737,-0.0018754499953199,0.0010323152257464164,0.003914691645427626,-0.004866206029919185,-0.004064773190116511
2017-03-20,-0.012322782173346003,-0.010888553762469633,-0.007853497817051702,-0.013861342664420028,-0.026165141971682036,-0.013842359798336033
2017-03-21,0.002480990809552763,0.005298254028350435,0.004575995875254979,0.003508664540359452,-0.0019096011527604095,-0.004390591962313173
2017-03-22,-0.005348867158721593,-0.003959261687477467,0.000223676365344172,-0.0024267059904055865,-0.00010726435591088546,0.005241602802810708
2017-03-23,0.0019825297864483394,-0.0009085281894704034,-0.0012166631689332296,-0.00225568294242795,-0.003203817074284243,-0.005186346860732582
2017-03-24,-0.0005284638633575089,-0.0018237634734902587,-0.002053637418875176,0.0009037225456153597,-0.004183364596858386,-0.0036549007335008768
2017-03-27,0.00624173566633851,0.007365822940985556,0.0029401405078892775,0.005450950184470327,0.013524838119240878,0.007283102452902368
2017-03-28,0.0038146026445813664,-0.0008097237897526366,-0.00267280064285953,0.0005826400844132884,-0.0024689085787810818,-0.006283511223362449
2017-03-29,0.003697499267529525,0.008034863506469637,0.005012832460088689,0.00555655054819576,0.0024451754358593702,-0.0012523238316701547
2017-03-30,-0.002324293874156058,-0.003153634211583778,-9.368754376490874e-05,-0.0021591698545254446,-0.0024467714737133493,-0.00012247759955729114
2017-03-31,-0.000725687497812999,-0.004080667387706294,-0.0026797684298823566,-0.0008510116975248838,0.0006132169849658031,0.001338904482778802
2017-04-03,-0.0022751321186426864,0.0001906638542430783,-0.003288546416119886,0.00015570882905701077,0.0004713981280077606,0.002746530246650447
2017-04-04,0.0010323858609692094,-0.0014575333332137342,-0.004598039427071199,-0.002628055734276402,-0.005699128774848827,-0.006731514635818036
2017-04-05,-0.00022880550431794155,-0.0039824145738496354,1.9832032689059975e-05,0.004408576857307856,0.00032185782215530254,0.0005506633264732441
2017-04-06,-0.0014274575529733212,0.0007739057047251197,0.0005254367275740135,0.0023550360266630156,-0.0011125669142074911,0.0003148906387658301
2017-04-07,0.0026385734748983316,0.0010969338476697122,-0.0002789826223429159,-0.0028137139647375744,-0.005413890075310135,-0.008052463550208467
2017-04-10,-0.0018689355869731306,0.0006504188833671987,-0.0031111382912728637,-0.003946298648539093,-0.0012187748433218682,0.0006501607436512624
2017-04-11,-0.007243277164936024,-0.0022392674597009887,0.0019594203253385013,-0.010027468396757744,-0.009149129226175112,-0.001905852061239088
2017-04-12,-0.006636059238939118,-0.009543896400632856,-0.0055427617341701095,-0.010208490206359421,-0.007969471391661842,-0.0013334121527227242
2017-04-13,0.002259992911069586,0.011717050556577902,0.010172705599819264,0.011737366143159766,0.015517278778582267,0.01325728586751268
2017-04-17,-0.00344871495394945,0.0016079259072683705,-0.0072850961781225744,-0.0009727626530917522,-0.0034992202369157456,-5.050528296629553e-05
2017-04-18,-0.0022618252988157563,-0.00047584712967924103,-0.0031901655322168266,0.0006209858080391206,-0.004507242056338445,-0.0022454167575226888
2017-04-19,0.008254933457818792,0.011806878409539501,0.007039966962162902,0.01091260917758008,0.015163034463668712,0.006908101005849919
2017-04-20,-0.0025747681788992117,-0.0030447478347114367,0.0008628572294532399,-0.0036894108484526234,-0.004719328582821791,-0.002144560403922579
2017-04-21,0.010263149782302139,0.013669923645198779,0.01499367227232722,0.012260584253248653,0.018653758127157794,0.008390608344855655
2017-04-24,0.011083771941709397,0.006581968760277978,0.007387503555013397,0.009234236005941443,0.011250769148571538,0.0001669972068621406
2017-04-25,0.005219418817093413,-0.001634995946738771,-0.00011325428476853805,-0.00023374347571509803,-0.001341799110829034,-0.006561217927922447
2017-04-26,0.0026352427961657265,0.004715667855597716,-0.002320045579804053,0.005178988914220495,-0.005411552469734004,-0.008046795265899732
2017-04-27,0.0029020685032394742,0.0011120945152138574,-0.005364268497689917,-0.003080947996973804,-0.0021891128790523908,-0.005091181382291865
2017-04-28,0.004855751819714815,0.007302255925577239,0.0019266189016275636,0.003798617103618429,0.0023391860489280656,-0.0025165657707867497
2017-05-01,0.0020706771760479192,-0.0014419916551794531,-0.021743622374668103,0.004443173995151007,0.0005891549419814845,-0.0014815222340664347
2017-05-02,0.0018623028495304505,-0.003035172819485932,0.003648524173447032,0.003969491374225786,0.004213451705263294,0.0023511488557328435
2017-05-03,-0.0014359105230155266,0.004259027411580685,0.0008478280856373144,0.005442862960333627,-0.0044493131610195856,-0.003013402638004059
2017-05-04,5.88083068672196e-06,0.0021175029221264683,-0.0003514577791462692,0.0033136615602789576,0.0022353182818158346,0.0022294374511291127
2017-05-05,0.002557232325868364,-0.0015567304403372394,-0.0021891248665480423,-0.0018122465429554647,-0.0005033719323745411,-0.003060604258242905
2017-05-08,0.0001797132341999408,0.0006942388738090943,0.00019941667302466603,-0.0009082303055306217,-0.0006817946937547559,-0.0008615079279546967
2017-05-09,-0.00030712285215365174,0.0030962585786757147,0.009989034433197208,0.018084950308539138,0.0020114105504211,0.002318533402574752
2017-05-10,-0.0005250377015010854,0.002390295387161967,-0.0022907330714493023,-0.0007391648228303738,-0.002276841362380566,-0.0017518036608794806
2017-05-11,0.007653318034873657,0.0021557591188924195,4.945291744101743e-05,-0.0015572407629601548,-0.0007063796023447644,-0.008359697637218421
2017-05-12,0.009313906834690511,0.006216993063157894,0.009405389359204607,0.0061976909821333526,0.005517443112957254,-0.0037964637217332573
2017-05-15,0.01621645838087591,0.0027149221521347022,0.00038171594066246375,0.000977249257141355,-0.001068259397080895,-0.017284717777956805
2017-05-16,-0.040174352011695204,-0.011350470033884707,-0.02981104444798426,-0.023906810864408212,-0.014696789140893052,0.02547756287080215
2017-05-17,-0.0036700401551325035,0.007565952480788796,0.005818335102031657,0.005115250190413789,0.00904453597260212,0.012714576127734623
2017-05-18,0.004981472041859991,0.010020263805889117,0.004232350839534815,0.0053896751260851805,0.006667307921325405,0.0016858358794654138
2017-05-19,0.005523393506257412,0.005622654341809574,0.0036377376967255183,0.002416117500223047,0.004467913723361661,-0.0010554797828957515
2017-05-22,0.0018829943584884434,0.0006186001467921476,0.0022585875702633485,-0.005033684001647542,0.010169939773020376,0.008286945414531934
2017-05-23,0.0028117987352395237,0.0034056840183333548,0.0022885650219492625,0.005281323312775099,-0.00028148118496359455,-0.003093279920203118
2017-05-24,0.0062115684864784025,0.008292747997957761,0.006292781670580805,0.006268598607887954,0.003991091686512116,-0.0022204767999662867
2017-05-25,0.000284969655522338,-0.001142513747769558,0.004866537179665231,-0.00022149457043639796,-0.0007815077891179967,-0.0010664774446403347
2017-05-26,0.002270629596065943,0.001670620460973371,0.0009063880533004331,-0.004220108997688576,-0.0067567891006210965,-0.00902741869668704
2017-05-30,0.0007862673865056569,0.0034198467235724396,0.0006000941940870308,-0.004723912244694062,-0.006431318851524237,-0.007217586238029893
2017-05-31,0.005225578736415515,0.0025327701262190306,-0.0008838814654795968,0.013423745434994205,0.012943538570024126,0.007717959833608611
2017-06-01,0.003774504314864424,0.008800828267075655,0.0050203158992672805,0.00255842278205094,0.004494844526054476,0.0007203402111900514
2017-06-02,0.001596141306012744,0.0024301755716429453,0.0026735530461557966,0.003460168707738276,0.0007580517923250873,-0.0008380895136876566
2017-06-05,-0.0029989888199199676,-0.002380589276163958,-0.004192271079359056,0.00480607768845216,-0.0006111374207486975,0.00238785139917127
2017-06-06,0.005585952840467701,0.0038213942667637557,0.0016879903291991516,0.0012988911269773418,0.0032399664229465384,-0.002345986417521162
2017-06-07,0.002534111378607129,-6.683515586163314e-05,0.008511087445838884,0.0025822177515263055,0.00661470610071051,0.0040805947221033805
2017-06-08,-0.016866074032643407,-0.010903589863747797,-0.006102248980539982,0.009131233532701977,0.0045415022566472115,0.021407576289290617
2017-06-09,0.004015746169114332,-0.003270528484310642,0.0034459664067334693,-0.0047941704615351525,-0.01398233516537114,-0.017998081334485473
2017-06-12,0.003354967456242375,-0.0003169701462375385,0.004698257655695493,0.005992498431338822,0.010985270255284108,0.007630302799041733
2017-06-13,0.0004645374962661597,0.003327747517783608,0.0019978965529968695,-0.0014093571901760637,-0.0026058422303781746,-0.0030703797266443344
2017-06-14,-0.0030037289111358723,0.0006132313046215421,0.0013517396713322194,-0.0050063936463044965,-0.006307320328001265,-0.0033035914168653927
2017-06-15,0.0010832669675489904,0.0026593318155461844,-0.006024251723088214,-0.006250160901392699,0.001573371853022365,0.0004901048854733746
2017-06-16,0.0015258967299545568,0.007279396197987176,0.015243616740135435,0.015144658486445684,0.015232933462445008,0.01370703673249045
2017-06-19,-0.001879034746293351,-0.0023251711530389184,-0.005538866146899491,-0.004820207482680572,-0.0013680981535833304,0.0005109365927100206
2017-06-20,-0.00011990872527469775,0.017140149945136407,-0.0066619204751311115,0.0017129050111978183,-0.0015124101544594427,-0.001392501429184745
2017-06-21,0.016721690141061007,0.0036826041689289714,-0.0015062699577565563,-0.007416847565404028,-0.006482317696306306,-0.023204007837367313
2017-06-22,-0.001531019199368655,0.0031150536121951067,0.0009742565227334188,-0.001201737544078274,-0.00411736415093088,-0.002586344951562225
2017-06-23,-0.0016455706886943423,-0.003663744002115521,-0.004051274805220617,0.003769346157280207,0.002004109260298992,0.0036496799489933343
2017-06-26,-0.013187651578374305,-0.011737190813069908,-0.006507041930571289,-0.00654193047338576,-0.002458863354194829,0.010728788224179477
2017-06-27,0.004635532201167203,0.00783676077597637,0.015351048835953595,0.01285315618426972,0.0066700326777217045,0.0020345004765545014
2017-06-28,-0.0016487161967665754,-0.009919961538970512,-0.006817396228629857,-0.01771544485087704,-0.01278586378216361,-0.011137147585397035
2017-06-29,0.0009067444817833836,0.00020601265277493398,0.0005629116410365454,3.094465492845533e-05,-0.0025881729962662138,-0.0034949174780495975
2017-06-30,0.014762330472392827,0.0018116486139936328,0.0030017893376609096,-0.010751299405894421,-0.0074004785937561435,-0.02216280906614897
2017-07-03,0.004887015597386979,-0.001610084119415145,0.0023643434213670546,0.007229391078044556,0.018652452693872723,0.013765437096485745
2017-07-05,-0.007673230713686363,-0.009100863184124185,-0.012064624635570531,-0.004803435016780155,-0.005757759876593138,0.0019154708370932253
2017-07-06,0.003733031452505886,0.00922146851981388,0.011172486978097718,0.007224621371000395,0.006264647107193289,0.002531615654687403
2017-07-07,0.0003243596722375619,0.004217348046192582,0.005452539274732005,0.0032495181769502724,-0.0011939967449109523,-0.0015183564171485143
2017-07-10,0.00015902976856060346,0.00032953186985704706,-0.0026762287251077765,0.0008833119846927917,-0.00010804492340336092,-0.0002670746919639644
2017-07-11,0.01823103797387422,0.013970584369507443,0.0017843739800756486,0.006326167697886786,0.006076238291961189,-0.01215479968191303
2017-07-12,-0.0018860211900119995,-0.005420571510928607,0.004283834940766296,0.003060401541423763,0.0034451115618282955,0.0053311327518402955
2017-07-13,0.012189639029655596,0.006413661004767634,0.0054766587411947286,0.0028119796145543163,-0.0015964498679136962,-0.013786088897569292
2017-07-14,-0.00039616731556226805,-0.002170131840461431,-0.0008535961509396395,-0.0036226086006152848,-0.0004170314989419222,-2.0864183379654122e-05
2017-07-17,0.015917483594698124,0.0018573384562827755,0.002556189318644919,-0.004720315502914618,-0.0014608551544706306,-0.017378338749168755
2017-07-18,0.003808918495707625,0.006040492415070697,0.006253980371993173,0.004351434561189182,0.004380953738107041,0.0005720352423994159
2017-07-19,0.0014301460510865783,0.005189455586950342,-0.004510658278116553,-0.006264597317749698,0.0015106510725968914,8.050502151031309e-05
2017-07-20,0.0030006223396062738,0.0019225008520405318,-0.0007804738533416233,-0.004956286163424517,0.0016175307112378024,-0.0013830916283684713
2017-07-21,-0.0037233097203371534,0.0032870757633492675,0.0010465465134350427,0.0033138662664377815,-0.006112748518541033,-0.00238943879820388
2017-07-24,-0.0005282776918899446,-0.004170270015530775,0.003146727251163328,0.01410302804837803,0.014550648776798658,0.015078926468688603
2017-07-25,-0.0033525826442247888,0.005289896744123224,-6.460443881426415e-05,0.0009043959430620419,-0.0005163833721268718,0.002836199272097917
2017-07-26,-0.007218720065890427,-0.0050592132594606265,-0.00798953229076016,-0.00591480315494135,0.0006323065695855057,0.007851026635475933
2017-07-27,-0.0006500901097448719,-0.00315338203661919,-0.0019337698108532364,0.0004952951180385967,0.003194039135747684,0.003844129245492556
2017-07-28,0.002449151126817972,0.007005790626121155,-0.005413880952651695,-0.0013563298571781291,-0.0037328270173075497,-0.006181978144125522
2017-07-31,0.005456842993512878,0.003257509140549919,0.004012715772104225,0.005686906164458794,0.003568371273170745,-0.0018884717203421328
2017-08-01,-0.0003574885268903372,-0.0020562664157965814,0.0007879647200554896,-0.0010924615780155244,0.006095274228584335,0.006452762755474672
2017-08-02,-0.004659919312726491,-0.0012784920245674902,-0.00024377497914511713,0.0011360252690338468,-0.0006421668361712096,0.004017752476555281
2017-08-03,0.001973208600311571,0.006347907838823464,0.005791274449912909,-0.0005006131611720921,0.0002483770968484733,-0.0017248315034630976
2017-08-04,-0.0014623435685125808,0.001875160912774243,0.005607388066701568,0.0047566619010734005,0.002750072409944204,0.004212415978456785
2017-08-07,-0.003885862973119969,-0.002577025064231375,-0.0024697667929166277,-0.004144312462548749,-0.0062711022471819144,-0.0023852392740619454
2017-08-08,0.003386571574677555,-0.00257747798733714,0.0024232859557607013,-0.0009780925903431937,-0.0015607367571112696,-0.004947308331788825
2017-08-09,-0.018002789975951373,-0.016032486545511038,-0.013498176609307045,-0.014700541234105169,-0.020265798683862135,-0.0022630087079107616
2017-08-10,-0.002096674580657687,-0.0015061430082186189,0.0006854154761164355,0.0018867231894986957,0.005976239372422398,0.008072913953080085
2017-08-11,0.009281582820118307,0.011792482522162917,0.00812506616224753,0.01684913089172747,0.015207108684610726,0.0059255258644924196
2017-08-14,0.004470980528738322,0.001147077601428592,0.0003615723624834866,-0.0070315357565674304,-0.0005331183623646929,-0.0050040988911030145
2017-08-15,0.004049862729711173,0.0030308333381164564,0.002016529290117619,-0.00045213406987224534,0.0027133388558480574,-0.0013365238738631156
2017-08-16,-0.01565523296306389,-0.014427947335713509,-0.01576580222278894,-0.01710824392724506,-0.018612530863158692,-0.002957297900094802
2017-08-17,-0.0011255624345881676,-0.0028994289230216963,-0.0025295181368608756,-0.0014911810126945202,-0.0029516070537664585,-0.0018260446191782909
2017-08-18,0.004631832837709881,-0.003876416534750604,-0.00023892850846749525,0.0006972272889057441,0.0012401447704786129,-0.0033916880672312686
2017-08-21,0.011221197398578108,0.010813365373712146,0.013366006656384188,0.010088137458396762,0.01320030102059817,0.0019791036220200616
2017-08-22,-0.0046127057868935225,-0.006462785172290764,-0.000242358084974037,-0.0010868907215397239,-0.0004388715785165087,0.004173834208377014
2017-08-23,0.0001227196556379262,-0.0017773326017412106,-0.00468259531401255,0.0009485030006627815,-0.0027929115688077764,-0.0029156312244457026
2017-08-24,-0.0007983448428466544,0.0005642156363979244,-0.002410737791534179,-0.0003703870590285985,0.003367041547782701,0.004165386390629355
2017-08-25,0.0024661864485005626,0.0020683934856584375,0.0026099454079420827,-0.001351308039841781,-0.001477690624789818,-0.003943877073290381
2017-08-28,0.0021631097096774577,-0.0006230338393649615,0.00042757720684513114,0.003431478297439938,0.002789367525554376,0.0006262578158769184
2017-08-29,0.004570178861746321,0.007124132616992141,0.013901129971175452,0.005055529919063206,0.005801732574425978,0.0012315537126796564
2017-08-30,0.011340606705480271,0.004448454880349939,0.00791293882523797,0.006008743066105171,0.007518800910739543,-0.0038218057947407283
2017-08-31,0.001632643299708203,-0.0023058140814167126,0.004325051519735912,0.0035024024107911944,0.004359619844496121,0.0027269765447879178
2017-09-01,-0.0027149603110985356,-0.017308318521944997,-0.007537145590824035,-0.013601667290561004,-0.005597721926821097,-0.0028827616157225617
2017-09-05,0.006679516000895358,0.007211987045900825,0.0034030245159426984,0.001978029902557854,0.0015750905363938084,-0.00510442546450155
2017-09-06,0.011463284146942388,-0.0005242204838360798,0.004814765263579934,-0.00709464218357776,0.0025879264368953493,-0.008875357710047039
2017-09-07,0.004065669991377818,-0.003750498964983695,-0.005488373540364988,-0.006939161351064182,0.0005067154159480447,-0.0035589545754297737
2017-09-08,0.010509115134202029,0.013520637339393926,0.012333291847225225,0.013120523304052324,0.016155809522634623,0.005646694388432594
2017-09-11,0.004560173353014063,-0.0005641644994708317,0.002518110689842201,0.0068940545384918225,0.0070043076986047725,0.0024441343455907094
2017-09-12,-0.0016660736091311911,-0.002593511467680809,0.003039076294912013,0.0026916540423571724,-0.0004644315924427489,0.0012016420166884422
2017-09-13,0.00288161474891111,-0.00020484871456081244,0.00013289099662688875,0.002055453843593025,-0.0017196928834986246,-0.004601307632409735
2017-09-14,-0.0014594552388132453,-0.004609775699637586,-0.0018218463351116765,0.010187745367576894,0.005267594842094015,0.00672705008090726
2017-09-15,0.013557439363699098,0.004047014472248034,0.0005762685462644245,0.0026457257557123137,6.9033197008872e-05,-0.013488406166690226
2017-09-18,0.0068938553118239486,0.0029815987140174305,0.0018493973267085795,-0.004437580969571231,0.003989425160380233,-0.0029044301514437156
2017-09-19,0.00038549832336787215,0.005469772015527919,0.0009682363302242036,-0.0018864535925776527,0.0010358606278542237,0.0006503623044863515
2017-09-20,-0.0025208855693327646,-0.0028839610739856748,0.0023167168404834683,-0.0017989761118492043,-0.005684551218666079,-0.003163665649333314
2017-09-21,0.0014048427405078724,0.0031249792746995573,0.0002878522058173627,0.0007873528977736521,-0.003763162347069482,-0.005168005087577355
2017-09-22,-0.007788666562809687,-0.004408048728004721,-0.009145483524099463,-0.008484948711426233,-0.00846995765288865,-0.0006812910900789622
2017-09-25,-0.0015942951699674524,-0.0001183497454768645,-0.00331107137690021,-0.002392252836084685,0.00436271165670411,0.005957006826671563
2017-09-26,-0.0003497538848992399,0.010058657568420204,0.0063357421887562885,0.0035870293520626983,0.008631679162200357,0.008981433047099597
2017-09-27,0.003128862282222944,0.005627740165206352,0.0007559953459564395,0.005972347884392426,0.002595250642952629,-0.0005336116392703149
2017-09-28,0.0031756432386306653,0.0009773356889551388,0.000827631443128618,0.006127268702787303,0.003580690456631297,0.00040504721800063183
2017-09-29,0.004934258126834246,0.007219553243461518,0.0026391029545561385,0.0005783583164651219,0.003518548447444625,-0.0014157096793896208
2017-10-02,0.0026632844238138388,0.0040080586022034235,0.001749943326946457,0.009391650231812609,0.0035812186636047906,0.0009179342397909519
2017-10-03,-0.00040979053697898227,-0.001552062824559608,0.002842590444534021,0.002459933872955511,0.005450233502292845,0.005860024039271827
2017-10-04,0.003712365085379399,0.006744216084178967,0.006232165694269387,0.015325761609427535,0.00904461278427946,0.005332247698900061
2017-10-05,2.874213068739806e-05,-0.005127275673699472,-0.0012883346743321256,0.0034567014572521758,0.0007987530014507138,0.0007700108707633157
2017-10-06,-0.0034556652343217032,-0.0020792617123411073,0.0027767053511084773,-0.0006255421965502883,0.002499946529727337,0.005955611764049041
2017-10-09,0.0042451683248544755,0.005276063243634466,0.003342103320506262,-0.0009256208618172668,0.0014577946656997743,-0.0027873736591547014
2017-10-10,0.00481681987731879,0.009176800927390172,0.006648166386492372,-0.0010689964987889988,-0.001936150596875752,-0.006752970474194542
2017-10-11,0.0017447423575501775,0.0007144704678158642,-0.0025816701678907927,-0.001079500605923578,-0.0006118167095759075,-0.002356559067126085
2017-10-12,0.0033090621061266146,0.0025491251837615136,0.004802611162663539,0.0017769052950298847,0.0005437160422859244,-0.0027653460638406902
2017-10-13,0.0020123485208326853,0.0025284930510645178,-0.0027186200669251036,0.001177889650728714,0.007302444703006827,0.005290096182174141
2017-10-16,-0.002578666887183578,0.0030892522821246104,-8.226010731049449e-05,-0.005487255741308761,0.004569713924282503,0.007148380811466081
2017-10-17,0.0002839695398361819,-0.0026887155954019248,0.0023859749166175725,0.0024126488597268512,0.007299600759974867,0.007015631220138685
2017-10-18,-0.0017129961927281668,-0.0013708290705235272,0.0016641468188180353,0.012163545895595962,-9.693166503211836e-05,0.0016160645276960485
2017-10-19,0.009570467778393665,0.007321303098357967,0.0029051218212323925,0.0029881591655609775,0.0035184097989136797,-0.0060520579794799845
2017-10-20,-0.010151914488123137,3.458684092317865e-05,-0.001579557709184032,-0.004616548456003833,0.00366338528089174,0.013815299769014877
2017-10-23,0.0019866551371126363,-0.0028874062243766873,0.011135661956400079,0.0047975044354299,0.0019782046328422065,-8.45050427042979e-06
2017-10-24,-0.0005105993650551088,-0.0046118659041143205,0.0010254136708056304,-0.019839447560451983,-0.0063066476430990726,-0.0057960482780439635
2017-10-25,0.004219334164275446,0.005463747887275883,0.002063269730046924,0.006461818216305171,-0.005789113245324074,-0.01000844740959952
2017-10-26,-0.0003075344225630272,0.008401188035233964,0.006311357377126315,0.022244437143317843,-0.003916131400320299,-0.0036085969777572722
2017-10-27,-0.0007446953565427128,0.0020266212412153317,-0.011125323855816993,-0.004283798666036076,-0.019823774893607825,-0.019079079537065113
2017-10-30,0.0007763934826281571,-0.005970403524913681,0.0016619784557949323,-0.00014137613810034645,0.0012759037681169482,0.0004995102854887911
2017-10-31,-0.0011876812501241951,0.002366908758426445,0.0036551562190500486,0.0012159017655914428,0.006197881688125684,0.007385562938249879
2017-11-01,-0.0010920109500001552,0.0037064620508497903,0.005874662249937768,-0.0026054061398664953,0.0013918064275156073,0.0024838173775157627
2017-11-02,0.012946285991993744,0.016749567063898095,0.0020841064107197547,-0.0008412246607862661,0.013074547590504682,0.00012826159851093803
2017-11-03,0.002608181272439358,-4.605519958054138e-05,0.0005199325027166246,-0.005040163756211136,0.0076385497843385,0.0050303685118991415
2017-11-06,0.003239753620422792,0.0017350800809541656,0.002671545844743395,-0.005307477203283584,-0.0017113897523208133,-0.004951143372743605
2017-11-07,0.005078576948607916,0.002133975463976423,0.005023872774824934,0.001843305254000327,-0.002297639925846584,-0.0073762168744545
2017-11-08,-0.008663445051072837,-0.009917632353799766,-0.004000241296984663,-0.011627925147435481,-0.00256746641457003,0.006095978636502807
2017-11-09,0.001998560693085538,-0.0027059772207399524,-0.0008526159954073687,0.004809124090516359,-0.0022949586367208784,-0.0042935193298064165
2017-11-10,0.001165804940740589,-0.00537747493760643,-0.0007096882527298009,0.004402218258217516,0.0017492324270142801,0.0005834274862736911
2017-11-13,0.003417476571761513,0.001637949791511717,0.0002320420846211535,0.00039506840881972096,-0.006838898811640637,-0.01025637538340215
2017-11-14,-0.009378666641806288,-0.010579251108837395,-0.003704548054248258,-0.004156870049521732,-0.0001682033186626186,0.009210463323143668
2017-11-15,0.005695825206849847,0.012497332707743235,0.019883168543476236,0.012908004989346033,0.004813103007337105,-0.0008827221995127421
2017-11-16,-0.003983791060634045,-0.0032054702475105223,-0.0025482561746998033,-0.0033104716738405317,-0.005822501118717671,-0.001838710058083626
2017-11-17,0.006512881235065482,0.005408954767630425,0.0018638508142652444,-0.0020468141378352624,0.001144505826198927,-0.005368375408866555
2017-11-20,0.005574669746636585,0.007481243628599243,0.008649322656899484,0.007330914339078476,0.0074222608926110215,0.0018475911459744365
2017-11-21,-0.006452757733149428,-0.004824188943894536,0.002847965662076413,0.0008560016858236152,-0.002965789660789364,0.003486968072360064
2017-11-22,0.002220413438404589,0.005306856392475257,0.006940672785651381,0.003018123905751802,0.0005998989102773522,-0.001620514528127237
2017-11-24,0.0014461201124379096,0.0013394039450870033,0.0016465431848860846,0.002027460233759326,0.000247272659816089,-0.0011988474526218205
2017-11-27,0.0066729133435432745,0.007819020020286982,0.007754876959726287,0.0031580004682031037,0.019904491333385566,0.013231577989842291
2017-11-28,-0.0012408975689732315,-0.00035849833459711267,-0.0009828389529608294,-0.003990585077127284,-0.02120251171276597,-0.01996161414379274
2017-11-29,0.012028037922658741,0.005069721163085794,0.007285830680676719,0.01558726619331786,0.011227738974851732,-0.0008002989478070096
2017-11-30,0.0031883501490167056,0.0018963109335873197,-0.00010755787763618851,-0.005781478429695374,-0.007089030519487294,-0.010277380668504
2017-12-01,0.018605305616617107,0.008679029756474842,-0.0018066532950117508,-0.02474771697750642,-0.02902996159826803,-0.04763526721488513
2017-12-04,-0.008332945518241607,-0.005232838454269817,0.0006754196867242212,0.001358179677878013,0.003952598874873048,0.012285544393114654
2017-12-05,-0.005650640752940128,-0.007534413569942511,-0.0021244201163135635,0.003433202081986586,0.015063899119250924,0.020714539872191053
2017-12-06,-0.0026177887721275605,0.002423096699506222,0.006653276379420947,0.0063101437817482675,0.0040717730570569485,0.006689561829184509
2017-12-07,0.004910520625733705,0.0056342597395995005,0.0037302970076897425,0.008260627788487596,0.0015738150816690722,-0.003336705544064633
2017-12-08,-0.0013308738291269774,0.0006401161340717998,0.0031071943862967188,0.008728798120634563,0.0063055503687919345,0.0076364241979189115
2017-12-11,0.002747835281586575,-0.004800658698044635,-0.0021708199523301384,0.005958863235663114,0.005176642185917968,0.002428806904331393
2017-12-12,-0.002484877819806941,0.00465075786236544,-0.007937157579490994,0.004034038765733083,0.007983185941433824,0.010468063761240765
2017-12-13,-0.006861835637874058,-0.0043395022305542045,-0.005158839888405519,-0.0033958851927895716,-0.0026012722852404636,0.004260563352633594
2017-12-14,0.003274052145734985,0.011362292562331877,0.007713230791657866,0.011284103653411415,0.013548418530751283,0.010274366385016298
2017-12-15,0.0006505866805357919,0.0068618614324257865,0.007637850725248319,0.006936978883964584,0.007862058244095272,0.00721147156355948
2017-12-18,0.0005883880480719528,-9.628671128886213e-05,-0.007256751733780454,-0.005124458173065949,-0.00183705737058536,-0.002425445418657313
2017-12-19,0.00393801980037709,-0.0009205770887884101,-0.0010280848724367297,-0.0016903005808445726,-0.0031335725964806048,-0.007071592396857695
2017-12-20,0.004665421724042063,-0.003046071619225754,0.0010504699379617621,0.004279776528527501,-3.409618633979372e-05,-0.004699517910381856
2017-12-21,0.0009918931376709738,-0.0045113062577763485,-0.0012057675673807777,-0.002532541335077754,0.0004638104953950006,-0.0005280826422759731
2017-12-22,0.0033981723632466655,-0.004269387270046299,-0.004455318594054403,0.00029104479559558525,-7.807825694977621e-05,-0.0034762506201964417
2017-12-26,0.0014987566108932704,0.0011584570137570193,0.0011325461577614605,0.001977229799063196,0.004466909932764962,0.002968153321871692
2017-12-27,0.002273141312777338,0.002464524887346864,0.004557857839568113,0.0018510529869902425,0.001033089472243176,-0.001240051840534162
2017-12-28,-0.003508770599404032,-0.005075295800462676,-0.007610491594007085,-0.00524663350844623,-0.008196593070520508,-0.004687822471116476
2017-12-29,0.004035239040411786,0.003223280405969875,0.009533700705061442,0.010696306598707994,0.018155968977886593,0.014120729937474806
2018-01-02,0.017369199172935647,0.015797531814123987,0.009896730837522915,0.002607141821899428,0.0052930579843595395,-0.012076141188576108
2018-01-03,0.00906132397916517,0.0036500508911553433,0.005076797390906806,0.010483644973258755,0.01029386496961875,0.0012325409904535792
2018-01-04,0.005934251362217036,0.00970768959991688,0.007210987905902422,0.01188900540041835,0.0017907790442913574,-0.0041434723179256784
2018-01-05,0.004855672366722963,0.006069798428023266,0.0023865473614314457,-0.0031211981917375732,0.0005362725851576266,-0.0043193997815653366
2018-01-08,-0.002113856245607393,0.0030100161068491783,0.0023823650975611345,0.002858881669679114,0.0029782747461025274,0.00509213099170992
2018-01-09,-0.0011121637109978155,-0.0015182299070253037,0.0024522012722382413,0.006103269443925863,-0.0031840536901791895,-0.002071889979181374
2018-01-10,0.007722428700630957,0.006944644713582626,0.005547704800710795,0.004806534992365108,0.00637919109722469,-0.0013432376034062665
2018-01-11,0.018784942786742854,0.007914089708514116,0.013148350332350478,0.0020046392937646982,0.006650787216207088,-0.012134155570535765
2018-01-12,-0.00228698891049417,0.0030321372408424587,-0.003966045695456388,-0.006275894639200352,0.005500915723210232,0.0077879046337044015
2018-01-16,0.007756435491109603,0.01724139896923067,0.0007154974291147753,0.005908111159787533,0.011702751923239807,0.003946316432130203
2018-01-17,-0.004902512124022351,0.001744847489905521,0.0036404534656392373,0.0010543666485125947,0.00029820871656945915,0.00520072084059181
2018-01-18,0.008308680857612948,0.006647925799122156,0.0038378127922863324,0.0032675916184984445,0.0029780531817682697,-0.005330627675844678
2018-01-19,0.008212902604543437,0.009609980018819386,0.007153497842779322,0.009271030529488411,0.006520530808420888,-0.0016923717961225496
2018-01-22,-0.0035385142901021237,-0.003943686399244228,0.007828346148920584,0.007881920430928002,0.008080865674537563,0.011619379964639687
2018-01-23,-0.004980135037038036,-0.0012423678581074183,-0.0033809467435458205,0.006862324927601382,-0.005034951366215323,-5.481632917728706e-05
2018-01-24,0.00753400579365382,0.0010301601576997777,-0.0006568796279885602,0.004231794804816236,-0.006094289885451132,-0.013628295679104951
2018-01-25,0.010256670544856027,0.02321947357519307,0.013921510879351829,0.009776119107164782,0.013304792378674102,0.0030481218338180745
2018-01-26,-0.002118569552580851,-0.0004222233695102773,-0.004273365616934821,-0.004880585487021605,-0.013526891692550414,-0.011408322139969562
2018-01-29,-0.018572718616175786,-0.015071024903896202,-0.013833979457328139,-0.008763906436201984,-0.010399340298168126,0.00817337831800766
2018-01-30,-0.01117753391115226,0.004595502519367611,0.00784519117041529,0.002190131571150544,0.002575052152147739,0.013752586063299998
2018-01-31,-0.006348496929213099,-0.005659443819856847,0.011048930267851165,0.0015104962500093744,0.003349117775742527,0.009697614704955625
2018-02-01,-0.02655562819812889,-0.02462042438012165,-0.021345182030609013,-0.01774311645662131,-0.022827776336742024,0.0037278518613868654
2018-02-02,-0.043598675545596974,-0.04800370479184605,-0.04800327408856053,-0.04594300950841829,-0.042759607111989506,0.0008390684336074677
2018-02-05,0.025085326109511374,0.024875012593452706,0.02901455387801617,0.025549349058838933,0.01231647826407255,-0.012768847845438823
2018-02-06,-0.008715082281102238,-0.0006186400284175387,-0.005203375767825524,0.0019377927120069137,-0.007131891572162841,0.0015831907089393967
2018-02-07,-0.045645445391932035,-0.042561957402067606,-0.040870271232177534,-0.03953752368836018,-0.03391748099602743,0.011727964395904608
2018-02-08,0.024275548467667142,0.01341531589843542,0.013163949894378657,0.018697857599904943,0.019194770829060893,-0.005080777638606249
2018-02-09,0.018050063985515796,0.01049345867912882,0.016816081862007403,0.01569605370409134,0.01170678290434144,-0.006343281081174356
2018-02-12,0.008696941080689835,0.0026002762169436535,0.0026408812085162102,-0.0031334418355837947,-0.0013612394057533894,-0.010058180486443224
2018-02-13,0.01921577411999422,0.017815827745114744,0.015237493090613752,0.008662158860732749,0.016503957741600128,-0.0027118163783940927
2018-02-14,0.018926596408450114,0.010234277332654206,0.01306062796745262,0.011516226633685789,0.014228014417807855,-0.0046985819906422595
2018-02-15,-0.0010264420885203185,-0.005230112074060478,-0.0015781781433492404,0.0048590867010549375,0.0012239774192726594,0.002250419507792978
2018-02-16,-0.014239230425117521,-0.00757766449050572,-0.0048264642382809695,0.002628825263194634,-0.00922304722030005,0.005016183204817471
2018-02-20,-0.008423149179873978,-0.00145709710235008,-0.005193851433328578,-0.0015333805324831084,-0.010685718064478322,-0.002262568884604344
2018-02-21,-0.0032458477125107852,-3.79126736064328e-05,0.0008021443892564983,0.0065584814318546455,0.007618561744610774,0.01086440945712156
2018-02-22,0.01699227932483217,0.019745231855635436,0.013822382636667884,0.0170712844970931,0.012339628645941991,-0.00465265067889018
2018-02-23,0.016852048165429023,0.011690115426817726,0.012675284358646033,0.015627909300481878,0.017817027753396397,0.0009649795879673739
2018-02-26,-0.0153123585242407,-0.006488363632762895,-0.01102538890982523,-0.009384933372893856,-0.0120107186749008,0.003301639849339899
2018-02-27,-0.00960507181570749,-0.015466896515864715,-0.00906019250968244,-0.0104832610402946,-0.02043969830915555,-0.010834626493448062
2018-02-28,-0.02062675672379627,-0.0062243284733224154,-0.015255171026936576,-0.016927487852495916,-0.016232685202784515,0.004394071521011754
2018-03-01,0.010666368524171067,0.0037889707505791015,0.00614823514487961,0.008826516572342135,-0.006528901988461289,-0.017195270512632355
2018-03-02,0.01314787714772866,0.010127800089929927,0.008064017427191728,0.009776624445532466,0.015247647027625688,0.002099769879897028
2018-03-05,0.00808951384650195,0.0009244225774071024,0.0036397185336743965,-0.0023870066197873795,0.00371193599017563,-0.004377577856326319
2018-03-06,0.00020008751900136846,-0.0009171505402100655,-0.0025326868565641704,-0.0004225037010127441,0.003864237830707662,0.0036641503117062933
2018-03-07,-9.552392976549528e-05,0.005054207197136995,0.004718657644460245,0.007761129939178546,0.0025446871820774984,0.0026402111118429936
2018-03-08,0.023111739185841907,0.02062282899812693,0.018287112177382703,0.018329238030270513,0.016816543459198252,-0.006295195726643655
2018-03-09,-0.003959019896880212,-0.0010923022791267778,-0.00615617952866977,0.0007405164421541266,0.0017514618169601538,0.005710481713840365
2018-03-12,-0.01492338098708812,-0.006651730165190661,-0.003707370125015341,-0.006875402675861642,-0.008065983897780094,0.006857397089308026
2018-03-13,-0.005442023640911686,-0.008548526245862487,-0.0029714794483095886,-0.009936618640639949,-0.0025027918931668338,0.0029392317477448526
2018-03-14,0.0009210846065857648,0.0015927628039284047,-0.0005580224649230469,0.0035451139486477267,0.0034661283874844904,0.0025450437808987258
2018-03-15,-0.008079086186605322,0.005187868001204099,0.0033239734382190965,0.005132996049696903,0.001336972651206314,0.009416058837811636
2018-03-16,-0.022830286116532005,-0.017719861123951953,-0.014465366106139155,-0.01577515532367204,-0.008035535077361388,0.014794751039170616
2018-03-19,-0.0008403605753608323,0.003925380963707448,0.006502461587618436,0.0043397450039611265,-0.003481235895971946,-0.0026408753206111136
2018-03-20,-0.007196382179177285,-0.003241484877966139,0.003592102093574612,-0.003337989872403324,0.0011472939588273111,0.008343676138004597
2018-03-21,-0.030589405601074947,-0.03492438181825234,-0.027167353853117714,-0.025896805008914524,-0.03272825579801786,-0.002138850196942911
2018-03-22,-0.018757746355181924,-0.022977694127170566,-0.02400795954622057,-0.02262193202496978,-0.022654553458286365,-0.0038968071031044403
2018-03-23,0.026897026528754607,0.041476931928931385,0.022591148327649645,0.030134089549196098,0.02710738691390252,0.00021036038514791328
2018-03-26,-0.03748000952827747,-0.018021769527519438,-0.011682530638321465,-0.021778456071590912,-0.019679283843126127,0.017800725685151345
2018-03-27,-0.0048414136966604794,0.004774066670111399,-0.007066528855815124,-0.011261088349391579,-0.001278671375942464,0.0035627423207180153
2018-03-28,0.008371271384612267,0.004517108965068484,0.016171462779358714,0.023352555546041563,0.020084010098049478,0.01171273871343721
2018-03-29,-0.02713968731197385,-0.02530759349043297,-0.02029730828285986,-0.019899479012404277,-0.029999116477763023,-0.002859429165789174
2018-04-02,0.01233084516543046,0.01389430477349718,0.01065103206778808,0.015354616181573166,0.012902938258213393,0.0005720930927829333
2018-04-03,0.01204155247642925,0.007941454345901877,0.008444330548927436,0.014433454831446512,0.019447217749616573,0.007405665273187322
2018-04-04,0.002794093343766868,0.006787711299930865,0.005203190105315014,0.00508945272462985,0.01583273189778168,0.013038638554014813
2018-04-05,-0.02123497244415764,-0.023212628693799742,-0.026253077806064708,-0.024128329928000403,-0.025812752360503555,-0.004577779916345916
2018-04-06,0.0005699988462577021,0.007799234617825413,0.0052427361716747885,0.0032204946133715497,0.004647979477800335,0.004077980631542633
2018-04-09,0.014077369861445432,0.021797173523665548,0.019645253132979802,0.022512688807100934,0.02195690964215873,0.007879539780713297
2018-04-10,-0.003544714595792753,-0.006209720085831483,-0.006118759642293437,-0.008695697329212559,-0.007725792125529418,-0.004181077529736665
2018-04-11,0.007869975962575004,0.01427546109841742,0.015198091153600157,0.0033921152106356376,0.013550648485053407,0.005680672522478404
2018-04-12,-0.009407629623113289,-0.0033548579097505637,0.0016524120392103826,0.0028294831446767144,-0.0048192527230408455,0.004588376900072444
2018-04-13,0.004850687624570371,0.004554330207450841,0.008551402986431955,0.010437385003167677,0.004990441290356784,0.00013975366578641239
2018-04-16,0.013842219537818034,0.02521915765868159,0.01947416682903358,0.0034013547783268705,0.00537408955554457,-0.008468129982273465
2018-04-17,-0.004835476443440789,0.0009065139737184258,0.0039838768047911425,0.001188082518500244,-0.004474060149215286,0.00036141629422550316
2018-04-18,-0.0003777530485029934,0.0038971205870490856,-0.015354474497660042,-0.0034355978432000665,0.0017271394426263465,0.00210489249112934
2018-04-19,-0.005141308789648691,-0.00595277543451459,-0.0063032280711784235,-0.008802171244075585,-0.01171977477364996,-0.00657846598400127
2018-04-20,-0.0022477003165863652,-0.0011204392361886084,-0.0022077055104474884,0.001112681791306147,-0.0070072650397008055,-0.004759564723114441
2018-04-23,-0.02154378603296746,-0.01666864170035799,-0.010323021877185201,-0.009941110736641324,-0.011505455529454178,0.010038330503513283
2018-04-24,-0.006130328773961746,0.0010343330414285812,0.0029781776393334124,-0.008352094823095702,0.0013789588300599288,0.007509287604021675
2018-04-25,0.00922220598812844,0.01279185799143746,0.022652033652526892,0.03374803616098552,0.015292541906428547,0.006070335918300106
2018-04-26,0.0013432041373298675,0.0007546889587995431,0.00116232998831447,-0.0003463316132048644,-0.0006969159788724477,-0.0020401201162023154
2018-04-27,-0.013888709539718302,-0.008348379859005106,0.000350291781052281,-0.003551466819031479,-0.005698266128603779,0.008190443411114523
2018-04-30,0.008617169994596219,0.00025823340590060975,0.002050970195336843,0.0015278445359925175,-0.0012766852251935522,-0.009893855219789771
2018-05-01,0.004026582430475456,-0.010351467936258952,-0.007238601776245046,-0.00803135722787086,-0.007534367403347819,-0.011560949833823275
2018-05-02,-5.0353977136308184e-05,0.0025393625280495267,-0.003291830580285504,-0.0021741421026795103,-0.004271300088906327,-0.004220946111770019
2018-05-03,0.012229511491142885,0.020210018883778047,0.015437033252166166,0.010514968101653598,0.01051599959435683,-0.001713511896786056
2018-05-04,0.011162020478469304,0.0056413758159000625,0.0052156300584306646,0.003232894696971411,0.0014202425705281852,-0.009741777907941118
2018-05-07,0.004790836296247591,0.0019221751377991314,0.0099264541904304,0.0024033585180953778,-0.0036812336719331817,-0.008472069968180774
2018-05-08,0.009872247459265727,0.016975529004080482,0.013282354373762018,0.01474095395404773,0.002421505271214308,-0.007450742188051419
2018-05-09,0.010559912097122792,0.016612264629869623,0.005680528480584379,0.00914183971359166,0.012075745047313968,0.0015158329501911757
2018-05-10,-0.0011511972785512082,-0.002017738162956606,0.003527162897542191,0.009702258171102974,0.007070590247195485,0.008221787525746694
2018-05-11,0.0008748429206211439,0.0019415215887559345,0.006487592166643385,-0.00021404356345254837,0.00011210219128476862,-0.0007627407293363753
2018-05-14,-0.010483468195950075,-0.01106132348325819,-0.00704933654353308,-0.008048219573850135,-0.006024177893576921,0.004459290302373154
2018-05-15,0.007930113005166994,0.003748626883938866,-0.00027963880663212093,0.004278111263354589,0.0033947614026336283,-0.004535351602533366
2018-05-16,-0.00043479914990449673,3.9692838224969496e-05,-0.0009376824066837819,-0.0039374975599407395,-0.004892142376164965,-0.004457343226260469
2018-05-17,0.002863575489047132,0.0004187999367428752,-0.003065419598186825,-0.0035878369831998324,-0.002029624408902808,-0.00489319989794994
2018-05-18,0.008233177614602983,0.009111460942451877,0.009269164646750871,0.007105139855810305,0.006793491186066769,-0.0014396864285362134
2018-05-21,-0.003075799869471085,-0.0028176317504070903,-0.0033013877854099817,-0.0023593808008206874,0.00017327014732470002,0.003249070016795785
2018-05-22,-0.005224134439377292,0.004645231773311565,0.01622047841527985,0.005116790577584285,0.0041355039514249905,0.009359638390802283
2018-05-23,0.0015317706750847982,-0.001240908200915336,-0.00504939744269618,0.000999370423830248,-0.003589017059126043,-0.005120787734210841
2018-05-24,0.0010294046346684405,0.00028526968199396043,0.0005317919880302169,0.0003992782403729134,-0.011357535845742662,-0.012386940480411102
2018-05-25,-0.007330642525091202,-0.00990585121998131,-0.006097459153941287,-0.02411264413457769,-0.023505122767973053,-0.01617448024288185
2018-05-29,0.01211826050775242,0.011288313504743519,0.012652311975240194,0.014660044310405773,0.021046116513800416,0.008927856006047995
2018-05-30,-0.0007395350581648419,-0.004678517312942565,-0.0034320005296212043,-0.01374917465421278,-0.008768913358162666,-0.008029378299997824
2018-05-31,0.016901212988957793,0.012269905519982994,0.00862395851605946,0.010538343593395916,0.01046531259442196,-0.006435900394535832
2018-06-01,0.009308207879263142,0.008792663455333893,0.01116083578412953,0.0015882998729382148,0.003139128142841341,-0.006169079736421801
2018-06-04,-0.0030750973368138144,0.004771372116531813,0.0015687403739597428,-0.002397633948263045,-0.0038407909557953146,-0.0007656936189815002
2018-06-05,0.011673861871377233,0.0086780422596479,0.011985918402894336,0.016849735524106825,0.012268100548442495,0.0005942386770652619
2018-06-06,-0.013896147790761215,-0.005181406507384856,0.002041062098187096,0.0021250371537990475,0.009970619598997931,0.023866767389759146
2018-06-07,0.0020999022560531213,0.0007990506128787822,-0.0001086013571444222,0.0068651168227613635,0.004151509469541492,0.0020516072134883706
2018-06-08,0.0018377702426549015,0.0018336442558432476,-0.0014344270604646936,0.0007783167865084373,0.002242605864098335,0.0004048356214434335
2018-06-11,0.0015461411870191343,8.0895467646791e-05,-0.0013781966119017386,0.002024625312236661,0.004062936987461607,0.0025167958004424723
2018-06-12,0.0005847351528297407,-0.007513508559165915,-0.0031290478920114164,0.00020888656984457965,0.0014697700215085762,0.0008850348686788355
2018-06-13,0.0027263189024212876,-0.003962541578823364,0.004488102196618671,-0.0007265146015242085,-0.0009780712498318911,-0.003704390152253179
2018-06-14,0.0010648632116448619,0.0019645693270117226,-0.002384754649816123,-0.004500516892553796,-0.0017981503759003203,-0.002863013587545182
2018-06-15,0.00223082890145756,-0.0031616870718986336,-0.005870108344672909,-0.0003148612639994219,0.00020961896813647128,-0.0020212099333210888
2018-06-18,-0.0019312366033472194,-0.0023542843685323,-0.004870732590429605,-0.003153620895017928,-0.01164013282951486,-0.009708896226167642
2018-06-19,0.003606951456923091,0.001146430550421218,0.0007152138282818021,-0.0015178956157150924,-0.009171241389829976,-0.012778192846753068
2018-06-20,-0.004833916830825258,-0.012673093835423976,-0.0011684163437203133,-0.005893458029086074,-0.007089519648465892,-0.002255602817640634
2018-06-21,-0.0026416859324704276,-0.0031598416514382666,0.0015149439274681153,-0.0013858624895259242,0.00728677254557164,0.009928458478042069
2018-06-22,-0.01907245839203898,-0.013199194210543686,-0.013170049115202554,-0.015836484120871564,-0.016693198224538817,0.002379260167500164
2018-06-25,-0.004821667231877514,0.00644800342317815,0.0032272548904078934,0.011098374439894898,0.0060307461535451965,0.01085241338542271
2018-06-26,-0.0007203315605692429,-0.007838335481654224,-0.012903924697655045,-0.01551597642562117,-0.01355523363947696,-0.012834902078907718
2018-06-27,-0.0013306625860550314,0.004473147934628829,0.007999016078252342,0.018215985198284344,0.010275237949919757,0.011605900535974788
2018-06-28,-0.0005913698600614303,0.0006125303573967344,0.0003316887597674345,-0.004588630520666914,-0.0023398858979750024,-0.0017485160379135721
2018-06-29,0.0017027925450134652,-0.0016191769162644753,0.004672769317499737,0.005747928824806204,0.005568825218502516,0.0038660326734890507
2018-07-02,-0.008936566202077213,-0.007189311769132534,-0.00520936763228208,-0.00784169514373063,-0.006055938088362189,0.002880628113715023
2018-07-03,0.006997611896595412,0.009152592369392998,0.009734067704074834,0.012513060369596974,0.012173920393603344,0.0051763084970079315
2018-07-05,0.007914995949837234,0.009103824429875262,0.014671694935404222,0.006082619998563399,0.00788095974061801,-3.403620921922472e-05
2018-07-06,0.0033762577551172067,0.008451515095975215,0.005541061788132395,0.014090831389438629,0.023298087601629845,0.01992182984651264
2018-07-09,0.0024169146573276177,0.002421173614315175,0.004879791376605836,0.0030551560201781845,0.013892015592356043,0.011475100935028425
2018-07-10,-0.011935869694833578,-0.009932789449806845,-0.008120897315052934,-0.006923149633885284,-0.0006947260214150263,0.011241143673418552
2018-07-11,0.007361193697573753,0.008180706659012594,0.01178974846352282,-0.0018819546333109893,0.0133251103066786,0.005963916609104847
2018-07-12,0.005870028961168639,-0.002904816329618942,-0.0013384297104203414,-0.005816750736025833,-0.0004125069969724837,-0.0062825359581411225
2018-07-13,-0.0032048907207246845,-0.0037273571085555844,0.008723301006261574,-0.0057924606574539465,0.00900151258144335,0.012206403302168035
2018-07-16,0.007673103533091896,0.007256711455555842,0.001863414595080415,0.001915240043616484,0.00887739046469358,0.0012042869316016835
2018-07-17,0.0036555234736864507,0.00628799374257667,0.0001741491947425011,0.007782659602964992,0.0012566739216291034,-0.0023988495520573475
2018-07-18,-0.013534062842614736,-0.007995253017079517,-0.002555356874273085,-0.004492596016181838,-0.00491104949232557,0.008623013350289166
2018-07-19,0.00176832664177482,-0.0008060028468878544,-0.001547901706078525,-0.0005490285669306095,-0.0022515812154050075,-0.004019907857179828
2018-07-20,0.009617665610501458,0.004083102123447679,0.00022949897252614316,0.002969085065166177,0.00018867412697426422,-0.009428991483527193
2018-07-23,0.005177287851742085,0.008340063894469629,0.0029650960620474674,0.006099224206038967,0.010669576435116202,0.005492288583374117
2018-07-24,0.013346112288950518,0.015423662705523044,0.00531886907309248,0.010820961711693288,0.007592903373281423,-0.005753208915669095
2018-07-25,-0.018114772074320974,-0.0037793217248984433,-0.004056811854056952,0.006914276204627234,0.014408056414862402,0.03252282848918338
2018-07-26,-0.008090805742650909,0.0003300013292801496,-0.0066148284369111025,-0.009093386125554681,-0.009257277951650888,-0.0011664722089999788
2018-07-27,-0.003976572891627106,0.005644293363391961,-0.002610108317544169,-0.01772570575694794,-0.016408207223840787,-0.01243163433221368
2018-07-30,0.004245240276962381,0.0024153636592475158,0.0027604783430833723,0.00043719787107571184,0.002440368927888137,-0.001804871349074244
2018-07-31,-0.006275402633785521,-0.007304846655321684,-0.0036172429726328724,0.0015963450039563009,0.0017812814361542473,0.008056684069939767
2018-08-01,0.007494945585587021,-0.002638153164937096,0.0012413702287522254,0.008273041979555829,0.006785793629609238,-0.0007091519559777829
2018-08-02,0.007113782188086526,0.0037696879285963325,0.004716554451665911,0.003992485707475712,0.0034643371284561963,-0.00364944505963033
2018-08-03,0.00478089537755364,0.008864109368192563,0.00690945745233128,0.005248752709297333,0.0025021064586777443,-0.0022787889188758954
2018-08-06,-0.004637477010586888,0.003489443448129437,0.005563162002208721,0.007054026659172374,0.007932390447648974,0.012569867458235863
2018-08-07,0.0037777917367629254,0.00012778088310575476,0.001158105518028929,-0.004607700858600805,-0.0015654875292617776,-0.005343279266024703
2018-08-08,-0.004974533159914063,-0.0038469866404309714,-0.00263405372035036,0.00016314905720031802,-0.005636518497432574,-0.0006619853375185118
2018-08-09,-0.004523945597382761,-0.009595333817297536,-0.009204761665908844,-0.005403369883671882,-0.004663421924315991,-0.00013947632693322998
2018-08-10,-0.0018859269668766831,-0.0018928797578627089,-0.00032894202535657115,-0.007322939092829395,-0.008178686874408526,-0.006292759907531842
2018-08-13,0.009919692511079903,0.008639122436592438,0.0020682228603029706,0.0016067127986059914,0.0031036071114903807,-0.0068160853995895224
2018-08-14,-0.00834171339054679,-0.007347380705516382,-0.004569265907504361,-0.009700707371523976,-0.007225285503625467,0.0011164278869213225
2018-08-15,0.012693880249663825,0.014584905309977747,0.0013176265437805478,0.010756633352170896,0.009891417869357811,-0.0028024623803060145
2018-08-16,0.005300953320401314,0.00031707227668542615,0.00472493326097545,0.000987378427479979,-0.001192402659784697,-0.006493355980186011
2018-08-17,0.002268741431035137,0.001674072514964864,0.0032044648046762325,-0.00011430211386260769,0.008501971147613774,0.0062332297165786366
2018-08-20,-0.0034690155009174497,0.0006498016287470709,0.00586513269946023,0.000542457035629329,0.010880166182018546,0.014349181682935995
2018-08-21,-0.0034106054923447203,-0.0012480678768075348,0.006586833543229786,0.006431647359629755,0.011241592458269268,0.014652197950613989
2018-08-22,-0.00034671221805590016,0.003807298987418628,-0.002147331921950657,-0.0009163435998353453,-0.0013140881169781404,-0.0009673758989222403
2018-08-23,0.0166324115306949,0.006278234526789284,0.008400297990701088,0.005225211547271813,0.005214514541205584,-0.011417896989489317
2018-08-24,0.010821037569030911,0.008973240146022188,0.01368906490326941,0.009502649628975323,0.011700738940059296,0.0008797013710283852
2018-08-27,0.0009691430068280771,0.0007918078552133001,0.0029558840568689403,0.0023951678050670665,-0.002908636914653695,-0.003877779921481772
2018-08-28,0.006712154752224564,0.008564519976876605,0.005320070445123481,0.0023300829809702827,0.0031466529023956302,-0.0035655018498289334
2018-08-29,-0.0050687144575075945,-0.00469795507552091,-0.004434706665055776,-0.002155785318477399,-0.010288634851735267,-0.0052199203942276725
2018-08-30,0.004568149522786458,0.0011627241086020535,-0.0034490569503409564,2.7586127801348947e-05,-0.0008763928426404388,-0.005444542365426896
2018-08-31,-1.9917331328833665e-05,0.014841536534489464,0.0011481952399923223,-0.0016185313450472916,-0.0023878568398307707,-0.002367939508501937
2018-09-04,-0.011707914751069848,-0.010360891520156169,-0.0036032544744920903,0.004288701855731714,2.4911396957294495e-05,0.011732826148027143
2018-09-05,-0.00570752290662172,0.0004800585040116823,-0.0009784880272304176,-0.0026409605803464076,-0.0070793571686702415,-0.0013718342620485215
2018-09-06,-0.0007735238422034608,-0.0028916020044029824,0.009727137827480026,0.0014782850069481879,-0.0021660432294404175,-0.0013925193872369567
2018-09-07,0.02060947009590053,-0.001639076820428631,0.008402593141890702,0.0017520634551662418,0.0058593001691984335,-0.014750169926702094
2018-09-10,-0.0010290242719734667,0.0037240873624394986,0.0007505155326094747,0.004225957352096887,0.0037748852219313235,0.004803909493904791
2018-09-11,0.0022060995062066933,0.005968714847140599,0.0018306962959769857,0.0034009952692745536,-0.0026609717356571028,-0.004867071241863796
2018-09-12,-0.005193322943897483,0.006736196124501437,0.013691574631060032,0.0017817019858337503,0.007823674910082502,0.013016997853979985
2018-09-13,-0.0020488317409392276,0.00706235223161481,0.002419151536889741,0.004662075334042981,0.002512789253804215,0.004561620994743443
2018-09-14,-0.008112467361597264,-0.0036897940889910608,-0.0038458257004951755,-0.009481889387668353,-0.008488104863437563,-0.00037563750184029833
2018-09-17,0.0029048722778254434,0.003880432826102287,0.009288552047113175,0.0071817442315672995,0.005256677302267798,0.0023518050244423546
2018-09-18,0.009064983142226668,-0.006780249315471753,0.003804288071072548,0.010439119183705459,0.007394997895360722,-0.0016699852468659467
2018-09-19,0.009207340581440604,0.004028687803476694,0.007989256454397787,0.004690560310943059,0.01048809476582746,0.0012807541843868567
2018-09-20,-0.002330670103115584,0.004912156269095924,-0.0005969128573994897,-0.003767155449987858,-0.0023192520007210837,1.1418102394500449e-05
2018-09-21,-0.004660536798969039,-0.007968881939743244,-0.010163229913982552,0.01066656455463183,0.004276599771897538,0.008937136570866578
2018-09-24,0.0012977134787538814,-0.0016358503284646165,-0.0012236997826743034,-0.0008697940119438252,-0.0036720899027954056,-0.004969803381549287
2018-09-25,-0.004987256597664236,-0.007562544170568508,-0.0035016707742687283,-0.0003373119648320211,-0.0013385705222966559,0.0036486860753675797
2018-09-26,0.003886462752147113,0.008852820182922194,-0.00014384715684980786,0.001649592635131436,-0.0010224621932025113,-0.004908924945349624
2018-09-27,-0.0006289019694326381,-0.004085173045219737,0.0019382344146712028,-0.005817103140611857,-0.013610495233236786,-0.012981593263804148
2018-09-28,0.010104796348079637,0.00474769498094958,0.007520306322924575,0.003516566067057525,0.014538977512227347,0.00443418116414771
2018-10-01,-0.00462558625584839,-0.00395461214308418,-0.00876825785908949,0.0013019949581386746,0.0010537227784390923,0.005679309034287483
2018-10-02,-0.0027278462460890275,-0.0035557939872002398,0.0028832883386120333,-0.0002276522621802779,0.0033950832369546657,0.006122929483043693
2018-10-03,-0.003752220874070222,-0.012096449351532156,-0.004322169076796856,-0.008085804311810673,-0.012283395691936294,-0.008531174817866072
2018-10-04,-0.0007979866602551899,-0.006954760906461921,-0.004715293958467548,-0.012608807175297387,-0.00793685104193893,-0.00713886438168374
2018-10-05,0.004576438964329477,0.0014389688949274283,-0.00402912391828405,-0.007028324117649798,-0.004829952586954789,-0.009406391551284265
2018-10-08,-0.004112001568488765,-0.0009014303195601925,-0.0028405554769122656,0.003346610939747652,0.0008873515530430143,0.004999353121531779
2018-10-09,-0.026820850016654064,-0.028032766348016845,-0.03939943115322895,-0.046065971126429184,-0.04295414673541055,-0.016133296718756487
2018-10-10,-0.030833619092346342,-0.024605315948278472,-0.01583460510626692,-0.01163097494478076,-0.015475052494454189,0.015358566597892153
2018-10-11,0.01886462482883371,0.026099635342842896,0.011157288971490353,0.01709794497566188,0.015107904073709133,-0.0037567207551245773
2018-10-12,-0.014689930289409504,-0.014977302888521272,-0.008312631222329803,-0.003932959433236715,-0.005814524316983904,0.0088754059724256
2018-10-15,0.0305103751254298,0.03069779823068306,0.02821796967301633,0.01748733238401016,0.015531934730031916,-0.014978440395397885
2018-10-16,-0.003063029613243229,0.0062309787991942645,-0.006838270299986316,0.0025898653955313544,0.00583071890008926,0.00889374851333249
2018-10-17,-0.027173464704096983,-0.01973296982678876,-0.006842071151485418,-0.01698140703690747,-0.011452364675597982,0.015721100028499004
2018-10-18,-0.0019301895579623806,-0.0007430947251872543,-0.004217823804033305,0.0010333664729663794,-0.0013261020732115547,0.000604087484750826
2018-10-19,-0.011495071113293875,-0.00424571826865523,-0.0003089180363327948,0.007527719755847861,-0.0117371562713939,-0.00024208515810002565
2018-10-22,0.0003666998615503347,-0.0017341043566503234,-0.0008830211105224972,-0.009486583527854475,-0.013413775848124431,-0.013780475709674765
2018-10-23,-0.009407247528361662,-0.037680861227078824,-0.04909360179925448,-0.04019144071311161,-0.03731200229776529,-0.027904754769403628
2018-10-24,0.009020239875388247,0.02396787431782792,0.029992487174822537,0.00019766403234754425,0.02205006276853655,0.013029822893148302
2018-10-25,-0.020714157854465155,-0.020845058373464,-0.026025668030731232,-0.016717011110807756,-0.019904274737940486,0.0008098831165246692
2018-10-26,-0.015503487968601326,-0.004349707299377181,-0.010184533100288874,0.00018750903637616557,-0.010166381219288234,0.005337106749313092
2018-10-29,0.019648084899418005,0.012032166956804136,0.009763809668267832,0.015983250921715774,0.018612178843583606,-0.0010359060558343992
2018-10-30,0.005781579031746487,0.015201061311685516,0.004408614285071733,0.0246487791629193,0.028773301284183084,0.0229917222524366
2018-10-31,0.004623043727447829,0.0028726377584312734,0.0060733455297130815,0.012443195244698035,0.026861985858946648,0.02223894213149882
2018-11-01,0.0006425289680919155,-0.008105873206386083,-0.00305023760315285,-0.004445075013105116,-0.01085260203764563,-0.011495131005737546
2018-11-02,0.006171807899198234,0.0061369710513564215,0.013990453592416107,0.007320379133686716,0.001649096968775876,-0.004522710930422358
2018-11-05,0.006568519887261726,0.008265855949599887,0.002622496879162872,0.004925084568194804,0.00552486074389702,-0.0010436591433647061
2018-11-06,0.020839987073656797,0.023704682406036126,0.027045473689197453,0.02340003335549836,0.025408608174310253,0.004568621100653456
2018-11-07,-0.0044641880693867654,-4.2012142509595396e-05,0.0026954698179277757,0.003046187077190343,-0.017818746451124978,-0.013354558381738213
2018-11-08,-2.5535780880703295e-05,-0.006455452970739484,-0.008405187099904288,-0.016969118972322016,-0.025624278870912166,-0.02559874309003146
2018-11-09,-0.012783541138076948,-0.017857574186444725,-0.028374424764314277,-0.024276289433949272,-0.046067310932571756,-0.03328376979449481
2018-11-12,-0.002928387665929877,-0.0016912087283362798,0.0014456200573214396,-0.00011322702164293653,0.014773437220004505,0.017701824885934383
2018-11-13,-0.006812081422200356,-0.010533124116647552,-0.0032267438869233002,-0.0025968272085512335,-0.010701655930974097,-0.0038895745087737417
2018-11-14,0.015753927758094876,0.014432351045883673,0.011224361626113422,0.01404650948383519,0.01313227380271199,-0.0026216539553828855
2018-11-15,-0.010677929447719536,-0.002240974682726593,0.001175392263659003,0.0014833425146329239,0.00029226748121350397,0.01097019692893304
2018-11-16,-0.010537497205423917,-0.01384447443064667,-0.026585734834374975,-0.03165632575979581,-0.03048618423440801,-0.019948687028984093
2018-11-19,-0.01656729173413436,-0.019594656371443798,-0.014812530923645772,-0.021154759192800042,-0.01117246399927443,0.0053948277348599295
2018-11-20,-0.005717452471824991,0.00012325528347604254,0.0028452265162265842,0.0031193244246422113,0.004636351180599363,0.010353803652424354
2018-11-21,-0.007839257778412767,-0.007474635673352681,-0.002433585791153492,-0.006624029523379149,-0.007275898033930794,0.0005633597444819729
2018-11-23,0.01405593354085013,0.020626189552352514,0.011646648374775404,0.01856612041232908,0.022891904489328586,0.008835970948478456
2018-11-26,0.002907713275081192,0.005198409949392779,0.0016826782233372417,0.006481334411442529,0.006774631796563879,0.003866918521482687
2018-11-27,0.04331041078831817,0.02621553116259956,0.02644985127861932,0.02419358326623946,0.018506862463156602,-0.024803548325161566
2018-11-28,-0.0048658546560380374,-0.0014805371359758567,-0.005843521941333263,0.004632855543525882,-0.002964577411944047,0.0019012772440939905
2018-11-29,0.01053763751148511,0.012017135185278804,0.013287455596945896,0.009830785071568893,0.006931034478414466,-0.003606603033070644
2018-11-30,-0.004880463272731584,0.012177377511527221,0.010674954647407864,0.02650616036765139,0.020410899338240272,0.025291362610971854
2018-12-03,-0.04051905440690625,-0.02341345058644263,-0.038416683514681436,-0.03915123998970378,-0.042910675411911306,-0.0023916210050050554
2018-12-04,0.0016602693136941516,0.0012283992961011237,0.0035503368526303538,0.0024716963826369454,-0.013636543897039732,-0.015296813210733883
2018-12-06,-0.037173929940618224,-0.03170888527714447,-0.02421735394562975,-0.018710395392795474,-0.02318911732218405,0.013984812618434175
2018-12-07,0.013955779284546221,0.007906294022165661,0.00804959890027468,0.0030742215759525515,-0.011091673705032268,-0.02504745298957849
2018-12-10,0.004306531102539013,-0.0021423281691347216,0.002367277993990435,1.7342678556364622e-05,-0.006715440044040543,-0.011021971146579556
2018-12-11,0.012958975378067717,0.007239339606821005,0.007807214120754968,0.008395757486975042,0.004965052167972295,-0.007993923210095422
2018-12-12,0.0033388183771441817,0.005440414676560456,-0.000536702601858463,0.0015940607970839182,0.007427994476099553,0.004089176098955372
2018-12-13,-0.016232854116473426,-0.035070354125960226,-0.020967190337560605,-0.013370707496731938,-0.02064693330797862,-0.004414079191505195
2018-12-14,-0.022322211560116934,-0.025284254553911967,-0.02423201089405247,-0.016328512697634946,-0.01494459471873284,0.007377616841384094
2018-12-17,0.009132922868866378,0.009892461664095742,0.0014376919061563575,-0.0011243594274744529,0.002260220147097236,-0.006872702721769142
2018-12-18,-0.010548323708623353,-0.02797824930849757,-0.01599532261771942,-0.010228734506255588,-0.010117283074904847,0.00043104063371850534
2018-12-19,-0.01369888457884546,-0.013975334661440974,-0.020185558145407668,-0.011231549593785606,-0.01595322258175308,-0.0022543380029076184
2018-12-20,-0.029493194116686307,-0.030673954886879694,-0.026512609600299563,-0.017042638984479476,-0.014115557003930301,0.015377637112756005
2018-12-21,-0.023943311930496813,-0.023398080764088558,-0.025770549605810055,-0.022643895693967887,-0.027931181043526532,-0.003987869113029719
2018-12-24,0.06819812157878755,0.059028576083380836,0.05768842409944171,0.04810930040789674,0.03792712129500395,-0.030271000283783593
2018-12-26,0.014265839531801472,0.010499495443573415,0.009602952272270848,0.0010144017948999218,0.01044926119338958,-0.0038165783384118915
2018-12-27,0.002806908481483639,-0.003122132999352367,-0.0011697543570642678,0.0035966987624230116,0.0005590279112422936,-0.0022478805702413453
2018-12-28,0.011491938036907645,0.008744533825378398,0.009784771619210587,0.007697138061445052,0.01322557905532582,0.0017336410184181743
2018-12-31,-0.011390194768307427,0.014056313067041614,0.005211785074543951,0.004253737393303802,0.00026193693419573894,0.011652131702503166
2019-01-02,-0.01964902366191107,-0.018064705092925626,-0.027720835725634697,-0.03620412098531399,-0.043994236327334645,-0.024345212665423575
2019-01-03,0.039616204634698525,0.035029169895483415,0.03176389529633274,0.0516478838669274,0.03254256765245529,-0.007073636982243232
2019-01-04,0.026982795423177053,0.011049774669588387,0.005400413090911382,0.00538452458702825,0.009806708235882255,-0.017176087187294797
2019-01-07,0.0022225961386896586,0.002467321398505651,0.012583800655890997,0.013832555508285993,0.0028094272417508058,0.0005868311030611472
2019-01-08,-0.0009384689721517958,0.0043457331644712,0.00805343105054418,-0.0004629113568913712,0.005879787935920133,0.006818256908071929
2019-01-09,0.00354616365054754,0.0027305745941858086,0.0036002196120178743,0.007614587193367028,0.0017043612852533307,-0.0018418023652942094
2019-01-10,0.003717885665235077,0.006020579468663845,-0.0035294514328297667,0.0034921100366988255,0.0015093895569069705,-0.0022084961083281064
2019-01-11,-0.007364790384740328,0.0015298048788185193,-0.004837992970879568,-0.0029113681028388296,-0.005820533702069175,0.001544256682671153
2019-01-14,0.022350354137327444,0.0013056237065628528,0.0066087098116292655,0.0071025738913361725,0.02075544566389349,-0.0015949084734339543
2019-01-15,0.01131576597113657,0.016636052978123116,-0.0006984921759652596,0.0020725206834658174,-0.003096117218099592,-0.014411883189236162
2019-01-16,-0.00024343978118217534,0.01126333651060225,0.006060908223259043,0.013017104352539267,0.0019480831017007593,0.0021915228828829347
2019-01-17,0.007255467395704563,0.015046822498005308,0.013386149625284982,0.012921178780730801,0.016020852684230657,0.008765385288526094
2019-01-18,-0.01189193844870281,-0.01493017640028128,-0.017387742883840485,-0.013147431388203568,-0.02016147537783408,-0.008269536929131271
2019-01-22,-0.0009138084133629931,0.004094209551698614,0.005154544222638247,0.0036279252827050136,-0.006653510250526506,-0.005739701837163513
2019-01-23,0.0001502624144791076,-0.009074555342807811,0.0027085305647766345,0.0071975807728062,0.010155422987272044,0.010005160572792937
2019-01-24,0.004368565102574251,0.009075496432810104,0.004992344533480864,0.01606878628708256,0.01210306073850972,0.007734495635935468
2019-01-25,-0.026063216873949847,-0.013611686169735071,-0.012023901952358418,-0.007964992036202856,-0.013653250190531397,0.01240996668341845
2019-01-28,-9.965329236544251e-05,-0.009023519524240752,-0.0008840702829911895,-0.0038024151841581587,-0.006979550479956842,-0.006879897187591399
2019-01-29,0.012794662104568255,0.01861566846166398,0.03174939355985088,0.01993325336721402,0.014778354578593866,0.001983692474025611
2019-01-30,0.015464851184276407,0.01714853898012967,0.0026054493297419158,0.015592814756840313,0.006088600254200993,-0.009376250930075413
2019-01-31,0.004135991743342093,0.0077379726349073195,-0.003884656571011902,0.0041860014320641795,0.0005011332196742435,-0.0036348585236678495
2019-02-01,0.0032484479916283114,0.006719997374803266,0.003865040625398164,0.008888681261298104,0.01222872837354545,0.008980280381917137
2019-02-04,0.004076181898070919,0.004055059006123796,0.006274263890505183,-6.843014108979251e-05,0.005792726345129484,0.001716544447058565
2019-02-05,-0.00575382231208964,-0.0012715029744752803,-0.000409379617018768,0.0028610287929676016,0.000264646930768353,0.0060184692428579935
2019-02-06,-0.01484801768073749,-0.013292512027854442,-0.008702239266467427,-0.011950186814518182,-0.013264441764156032,0.0015835759165814586
2019-02-07,0.002910541435788794,0.003792253985336125,0.0026532527844398412,-0.0021848707851657044,-0.0026050384177701003,-0.005515579853558894
2019-02-08,0.0022367928252131743,-0.0019202181137157215,0.0029150475624795,-0.00039105412833295716,-0.0016808778990064165,-0.00391767072421959
2019-02-11,0.013078618840648737,0.008481042762669255,0.019463048203500755,0.012891181580903632,0.017389959762368824,0.004311340921720088
2019-02-12,-0.00018769721945567365,0.004615987068683503,0.0035110758262565265,0.004449546810240223,0.004990385901176664,0.0051780831206323374
2019-02-13,-0.003260363854242532,-0.011027683243138752,9.428914684170842e-05,-0.0035291275499873876,-0.00099357660148498,0.002266787252757552
2019-02-14,0.015554812882375414,0.011219676836657732,0.007440727509618317,0.015280939665150605,0.016728767260019282,0.001173954377643869
2019-02-15,0.0038616989318823068,7.898629474789587e-06,-0.0021720121952764405,0.0034890585884132077,0.0012972879299477436,-0.002564411001934563
2019-02-19,-0.0019087305435003033,0.0035588823440087735,0.006627902120498008,0.00028717260558676073,0.00014562941062266078,0.002054359954122964
2019-02-20,-0.003255287500862081,-0.006922002188528886,-0.005691690551004436,-0.0033227628548113896,-0.002141372436933331,0.00111391506392875
2019-02-21,0.00451143826035042,0.00445265688465204,0.009682992441871607,0.008708346440868753,0.005806941668927146,0.0012955034085767262
2019-02-22,0.0007042427634632697,0.0029352473623819654,0.0045178881982855575,0.007672950622116037,0.0033145520771210913,0.002610309313657822
2019-02-25,0.0013994630635876138,0.0011577409780990865,-0.001862368298367234,-0.0005832014684985842,-0.0005222687973740036,-0.0019217318609616174
2019-02-26,0.004538597974526171,0.003985990790909766,-0.0007991801739561155,-0.0022573064204011286,-0.008524193418664661,-0.013062791393190831
2019-02-27,-0.00491844434067068,-0.00040172839818006787,-0.00367260584438297,-0.002212146281458327,-0.002916660430681084,0.0020017839099895963
2019-02-28,0.00771257304723012,0.008323048568983582,0.010939277309757012,0.0035377609114749407,0.004473041688801316,-0.0032395313584288044
2019-03-01,-0.006153554328787269,-0.004971018597847943,-0.009758432312162257,0.0009556959836835355,-0.007330369188885943,-0.0011768148600986737
2019-03-04,0.00039643965805341574,0.0040255795511594085,-0.006415418832499753,-0.0015531256811145088,0.002242344900220616,0.0018459052421672005
2019-03-05,-0.004466580323421787,-0.002182083030298687,-0.007111507650606741,-0.007589113815183545,-0.01455417286618944,-0.010087592542767653
2019-03-06,-0.01200197994471749,-0.004786434852731713,-0.009678662401986737,-0.009596851414777308,-0.006351644782134169,0.00565033516258332
2019-03-07,-0.0019397629965284269,0.003539909096721494,-0.005266118495141236,0.0017781158231707007,-0.0032369736739475186,-0.0012972106774190918
2019-03-08,0.015467319726536932,0.014241713346037011,0.019336289092751858,0.01901675983448863,0.01172179341018984,-0.0037455263163470916
2019-03-11,0.007146996372554481,0.002418099580277222,0.0022285048079784485,0.0033787382779370545,0.0026905384036964076,-0.004456457968858074
2019-03-12,0.010802275974472786,0.009022801674858782,0.003358743801651498,0.009726169409675633,0.009571965066237653,-0.001230310908235133
2019-03-13,0.003399950064661217,-0.0008387654304806702,0.0039206939538916075,0.0008716783202053269,-0.002219953391130558,-0.005619903455791775
2019-03-14,0.005178205501480538,0.004467622837611529,0.005281517303809125,0.01704726133116532,-0.002847535897717468,-0.008025741399198006
2019-03-15,0.0012641955801453552,0.004613552243393837,0.007434108445928822,0.008780622122107961,0.004805591376286844,0.003541395796141489
2019-03-18,0.0007574941019966918,-1.9651856619573583e-05,0.004505937235908164,0.005018442725778139,0.01585317056505652,0.015095676463059827
2019-03-19,-0.006100817615724197,-0.015568213031988886,-0.004110373992936489,-0.002018187869782917,0.007604535288531511,0.013705352904255709
2019-03-20,0.024704161568154692,0.010588882257685195,0.013702675634619988,0.0038931534537885336,0.006747284899634232,-0.01795687666852046
2019-03-21,-0.021981827361183204,-0.019198710138241804,-0.015705482616040788,-0.01964969868837819,-0.02847794261612302,-0.006496115254939816
2019-03-22,-0.0011433705353527611,-0.0013445660387252701,-0.0008965939964995839,0.0019524164615291385,-0.00489116567397545,-0.0037477951386226892
2019-03-25,0.004197954732460429,0.004366555275255391,0.010647669888112887,0.008208821998837412,0.012029621500390043,0.007831666767929613
2019-03-26,-0.0027305450731113013,-0.007137664354569107,-0.007885681331786631,-0.01127217910296181,-0.007454969550049917,-0.004724424476938615
2019-03-27,0.005220458630972269,0.010132367141914188,0.0023391833231650506,0.003197400293782027,0.008861725307958845,0.003641266676986576
2019-03-28,0.005884032471914225,0.009531964629111923,0.0066664595377661,0.007412844745258829,0.009808576530270674,0.003924544058356449
2019-03-29,0.011009784351815132,0.00914362336931176,0.018477973383948132,0.013826904779116921,0.01692847017387238,0.005918685822057247
2019-04-01,0.0004227113545655081,-0.0025988865893817326,-0.0010786235775030017,0.007157222618047831,0.003552708323130427,0.0031299969685649187
2019-04-02,0.002899922231983043,0.007351107150045233,0.00025337931364576293,0.012953446404726,-0.0003289472573073327,-0.0032288694892903757
2019-04-03,0.005879659032975715,0.0025087882902101065,-0.002243261981117495,-0.00025012849049448337,-0.0018359620105825036,-0.007715621043558218
2019-04-04,0.0026282966032432744,0.0023171044657203433,0.004685430082161479,0.004418560634401903,0.0033245672078204723,0.0006962706045771979
2019-04-05,0.005264871590603559,0.0002511774916729048,5.8621269523995156e-05,-0.0047913218117805354,0.0014983120674865956,-0.0037665595231169634
2019-04-08,-0.008674096836060807,-0.012193802725357883,-0.00573704971930703,-0.0005020207624161111,-0.007562561344743623,0.0011115354913171834
2019-04-09,0.0023748503860528403,0.0028771358398979154,0.0048830441187443065,0.003044180814892117,0.001509318641911006,-0.0008655317441418342
2019-04-10,-0.00016175990154089216,0.0027326658253825744,-0.004242008770535766,0.0012838817155185534,-0.001980568488299017,-0.0018188085867581248
2019-04-11,0.0028246674561084205,0.009061162741549422,0.00511562424731139,0.011288827105305599,0.0007029605773701153,-0.0021217068787383053
2019-04-12,-0.0030854648557805064,-0.005971814001873077,0.003701693640047876,-0.006054874748123917,0.004992986194492432,0.008078451050272939
2019-04-15,0.0024512170802052035,0.009296695701293045,0.0022371974362792703,0.025073622890396476,-0.0029721376476260384,-0.0054233547278312415
2019-04-16,0.018699758480251082,0.002216967143039783,0.0017375707248096007,0.0036241326754890444,-0.024213008587688923,-0.042912767067940005
2019-04-17,-0.002830318719327063,0.0020981805399470587,0.0031654938391665554,0.004777636229120164,-0.0012477073932017579,0.001582611326125305
2019-04-18,-0.0024792211061172133,0.00015927431094011623,-0.001397774860532508,0.010761754678764713,0.008317867825851944,0.010797088931969158
2019-04-22,0.013469735465144472,0.008603430259536738,0.00804543320776845,0.0068133750216814335,0.012977189684769307,-0.0004925457803751643
2019-04-23,-0.003943594917012449,-0.004070887511618581,-0.005476144511469994,0.001763549322477065,0.0005815279803910057,0.004525122897403455
2019-04-24,-0.0014055424619333068,0.005847259766204138,-0.0010592076195869438,-0.0036269029944992924,0.005791073675645075,0.007196616137578382
2019-04-25,0.009284355784887743,0.009795017984251064,0.0018454670753246583,0.005182721351514263,0.001352895959168332,-0.007931459825719411
2019-04-26,0.0024784855553327103,0.002536817712359196,0.0016013911709570005,0.0026443591635620933,0.008032301027153932,0.005553815471821222
2019-04-29,-0.0016705420817363815,0.0011181671380955382,0.003876798551735705,0.005235546227222887,0.0045293037046099886,0.00619984578634637
2019-04-30,-0.009510597692445166,-0.010582171545795882,-0.007466466054139887,-0.008038765419926042,-0.006115998633566477,0.003394599058878689
2019-05-01,-0.0017880541933898875,-0.0015587827065555726,-0.00403376304778823,0.00019789203508918662,0.006401592869533101,0.00818964706292299
2019-05-02,0.009835929324967152,0.008124376921542765,0.011130285661306537,0.004229302793706058,0.008111306594502533,-0.0017246227304646197
2019-05-03,-0.0074507050322754845,-0.008627076121989607,-0.007659750929839793,0.0025546071162345307,-0.0009801509364126715,0.006470554095862813
2019-05-06,-0.01711804247636404,-0.01642142037509865,-0.022312003851835426,-0.02160529262353076,-0.018293669443891613,-0.0011756269675275745
2019-05-07,-0.002907326120897036,-0.0002769285552756573,-0.005566823168551005,0.0011911531668214903,0.0007048551568197947,0.0036121812777168303
2019-05-08,-0.0010530456928419473,0.000840312785629016,-0.004111076488543386,-0.0024138182723909664,-0.004686808188520186,-0.003633762495678239
2019-05-09,0.007520146466170219,0.003569050712478805,0.0081329157487114,0.005051162288965627,0.0011343273295449153,-0.006385819136625304
2019-05-10,-0.019620676630019707,-0.025029983770974384,-0.0232834261507056,-0.03673461406828312,-0.03567977329289316,-0.016059096662873452
2019-05-13,0.009751694566110114,0.007887407627403031,0.013558791554622186,0.012120830423856121,0.010618468796453395,0.0008667742303432816
2019-05-14,0.004826096547041104,0.00714988806912743,0.004092538945384449,-0.0013441644514372354,0.009146803673041238,0.004320707126000134
2019-05-15,0.010628985208488251,0.005039456615611493,0.006782060538066281,0.009347443558118751,0.014984870448058619,0.004355885239570367
2019-05-16,-0.002528133478390171,-0.005673880629964434,-0.00887853507390728,-0.008791936644694076,-0.014203126051391301,-0.01167499257300113
2019-05-17,-0.0017808612513403488,-0.003922570459242802,-0.006868853998788826,-0.010052922714669111,-0.011675909032663512,-0.009895047781323163
2019-05-20,0.006115953714305389,0.004752324269218111,0.009983790195195408,0.007569812424417788,0.014136324560643797,0.008020370846338408
2019-05-21,-0.01013861318487993,0.006476915359732893,-0.004033915944268884,-0.004983100167862164,-0.0137863802213971,-0.003647767036517169
2019-05-22,-0.012648566803497397,-0.012891851573333779,-0.012559782085863058,-0.018353123000117155,-0.01796148922257438,-0.005312922419076983
2019-05-23,-0.00012474035441071286,0.0034290333589090173,0.005733746885979618,0.0032882673202936584,-0.0062030198367304945,-0.006078279482319782
2019-05-24,-0.011790182876040434,-0.008094040727578088,-0.004202531559911527,0.005352827239164826,-0.01472629810809829,-0.002936115232057855
2019-05-28,-0.00915913299578266,-0.006038105928294546,-0.009939461978821673,-0.00662070386769108,0.0012324416688343832,0.010391574664617043
2019-05-29,0.003139472797251408,0.005793343947612506,0.0009131456077262068,0.0021818577940889592,0.0013695854679151242,-0.0017698873293362839
2019-05-30,-0.013097375084041319,-0.01263518695259035,-0.013255504803001073,-0.014059296448465763,-0.01678231609794224,-0.003684941013900921
2019-05-31,-0.012700856982645392,-0.006380121982872411,-0.007272246583701914,-0.0002881216020487631,0.0023694837369200527,0.015070340719565445
2019-06-03,0.026036267654061595,0.020231187975784094,0.026242348277405746,0.038323146687368984,0.020628302943331733,-0.005407964710729862
2019-06-04,0.0025550575021631603,0.004159214502777053,0.007788408713812889,0.011250974594278762,0.013572631320888562,0.011017573818725403
2019-06-05,0.008346001625518417,0.008048602199917288,0.014136535714776088,0.00845778289819087,0.006963573874765627,-0.00138242775075279
2019-06-06,0.01007815116178159,0.005789698710805669,0.006966831406868534,0.013374328079342246,0.014828655967564863,0.004750504805783273
2019-06-07,0.0036931494800821253,0.0020378685701289757,0.007095705605601466,0.0023404247444018924,0.00870488708446887,0.005011737604386746
2019-06-10,0.0005922090759662324,-0.005043937878146798,0.005946558693699744,0.0017917974530545222,-0.004110544852355058,-0.00470275392832129
2019-06-11,0.0011716623563191365,-0.002965927179955141,-0.003466645971287874,-0.011163554628861806,0.0015439693504129548,0.0003723069940938183
2019-06-12,-0.00013946808786459154,0.0010491704653849854,0.0030626332407441724,0.008109471187675067,-0.00037818314127822104,-0.0002387150534136295
2019-06-13,0.0013752135752303051,0.00050652666307065,-0.00852338476571517,-0.010949115367441632,-0.0038320093640971443,-0.005207222939327449
2019-06-14,0.0027955610906184813,0.0006736319249517786,-0.0019248859436821863,0.0006941413310948441,-0.001299880744526105,-0.004095441835144586
2019-06-17,0.004391687865057603,0.012078979932452338,0.016429247626825193,0.014026557748463887,0.018996820780378364,0.01460513291532076
2019-06-18,0.002323167172938323,0.001126079231829147,0.006294436912988288,0.006841733604086175,-0.00021510624797514976,-0.0025382734209134727
2019-06-19,0.008179166939984916,0.008418309874076236,0.014381076331688525,0.008591118656769259,0.017809062075459847,0.009629895135474931
2019-06-20,3.685277787741636e-05,0.001982343856114621,-0.002982486520123684,-0.004171080789537551,-0.003830493503365351,-0.0038673462812427676
2019-06-21,-0.0034525363120650686,0.004152365388841883,-0.0010208797604590147,0.00027147429277462053,-0.005937526867036735,-0.0024849905549716666
2019-06-24,-0.013452463790617509,-0.006986726742523486,-0.007792049425703096,-0.010435708941351641,-0.024311607923284885,-0.010859144132667376
2019-06-25,-0.004006354469083384,-0.00755391324296546,0.004679488966320766,0.00786289243024133,0.01408145758175664,0.018087812050840025
2019-06-26,0.007751864008517117,-0.00036507811198263076,0.010267580740646532,0.005629890692336892,0.006965854905693003,-0.0007860091028241145
2019-06-27,0.004435470008556097,0.0056457981213751006,0.0061988606230936275,0.005235791776029852,0.00397937644085995,-0.00045609356769614733
2019-06-28,0.012927367764291642,0.011378969097825365,0.014239013913783438,0.00840822808242997,0.00774770585361082,-0.005179661910680823
2019-07-01,-0.00743015564904217,0.00029958167628525435,0.005311487766874468,0.003258033662406601,0.009022555146016843,0.016452710795059014
2019-07-02,-0.0012715834464872011,0.008935967844659654,0.007332766991971574,0.008262263617605469,0.010660320575823034,0.011931904022310235
2019-07-03,-0.0072093610474661006,-0.0013258915036264752,-5.178009102699832e-05,-0.001520128965643186,-0.0015023780958652645,0.005706982951600836
2019-07-05,-0.0034951671020493126,-0.004768097840316987,-0.008391971963869227,-0.003568964616914072,-0.010286102705576238,-0.006790935603526926
2019-07-08,-0.0005048338525315387,0.0049719558692810865,0.007006147839755372,0.0036671155323009575,0.001387962005677168,0.0018927958582087066
2019-07-09,0.008103065721680847,0.0039905082468926325,0.003546470192554596,0.002597836750153426,-0.0011233087315124846,-0.00922637445319333
2019-07-10,0.001172282007880021,0.0072455912879559,0.0030262150958724754,0.002542483420806241,0.0037601290142615486,0.0025878470063815276
2019-07-11,0.006748829421955871,0.007139165705462258,0.006909895094621343,0.0044817477278305765,-0.00213626715434162,-0.008885096576297491
2019-07-12,0.0011009644743764757,0.0018466340088707067,0.002846157857454923,-0.0017711551960430173,0.0007393252821495056,-0.0003616391922269701
2019-07-15,-0.00574958704916897,-0.0070835679465007465,-0.0018216690786560963,-0.0008972733931094434,-0.001744596879429705,0.004004990169739264
2019-07-16,-0.0020713109447013434,-0.00743359350284919,-0.0058256062600620774,-0.011689995781088591,-0.0020287161552048683,4.2594789496475105e-05
2019-07-17,-0.000975611481542038,0.002079444212273718,0.010064219938959429,0.0005676850950959822,-0.0015087443945451472,-0.0005331329130031092
2019-07-18,-0.00863387405947692,0.00012238407282612053,-0.0075454466262199985,-0.006458920084027864,-0.01066534964963951,-0.0020314755901625903
2019-07-19,0.00650987021211169,0.005933775665573293,0.004358152813604599,0.0025802105637753757,-0.0004226687958255204,-0.0069325390079372105
2019-07-22,0.011946953550048035,0.002213836469974695,0.00689367356000462,0.009784754569588749,0.007239545320325891,-0.004707408229722144
2019-07-23,0.003650101946568296,0.013474549694781447,-0.006101894391153595,0.006910006746762898,0.003162108913485051,-0.0004879930330832453
2019-07-24,-0.010582445054054835,-0.008466595203869965,-0.005033208713482895,-0.0030215198046171232,0.0027632345203799868,0.013345679574434822
2019-07-25,0.007264723308662779,0.0035487852198123225,0.006236513815782096,0.0009013947764487052,0.01797263959197807,0.01070791628331529
2019-07-26,-0.004072643792338871,-0.00273634564590568,0.001970182278622545,-0.0023915858374257025,0.0009392226993479968,0.005011866491686868
2019-07-29,-0.004721159309857714,-0.004042539394876044,0.0039701959117122935,-0.004312799044972016,-0.0037055515581086106,0.0010156077517491035
2019-07-30,-0.013241756930675808,-0.0168556783700205,-0.016730742760830374,-0.009181498174223235,-0.011889010829304214,0.0013527461013715936
2019-07-31,-0.003103670241532741,-0.018207197187649758,-0.02253111124067615,-0.011345409363924575,-0.003423509047289286,-0.00031983880575654506
2019-08-01,-0.0037115165308550966,-0.008543205102153183,-0.004825384959860446,-0.012076777704860686,-0.006910642426860103,-0.003199125896005006
2019-08-02,-0.030794263262627707,-0.028288779915779216,-0.03850527186094732,-0.030561360264542148,-0.03396087886162515,-0.0031666155989974465
2019-08-05,0.011546236041614154,0.009413025372054063,0.016507846137117154,0.013480172100641886,0.015661144942957207,0.004114908901343053
2019-08-06,0.002904480781531249,0.0010994025520139616,-0.0023172045072282323,-0.002634950088000798,-0.0011121658432558744,-0.0040166466247871235
2019-08-07,0.02049030380819199,0.03305275587519187,0.016901289472173908,0.020016242743176683,0.015670421760606467,-0.004819882047585523
2019-08-08,-0.0029409215281106403,-0.006611350585404463,-0.0009703732879342674,-0.007615424516763036,-0.011010129559721193,-0.008069208031610552
2019-08-09,-0.010853271049780977,-0.013798313796255091,-0.009702239371011789,-0.015234119833793015,-0.017037475247050238,-0.00618420419726926
2019-08-12,0.010024833394424604,0.018501250927047554,0.017596703151364544,0.01698527265112093,0.017767266563138272,0.007742433168713668
2019-08-13,-0.030591210152010984,-0.026084389763742756,-0.029681808414478993,-0.0335189249030321,-0.034553807835369134,-0.00396259768335815
2019-08-14,-0.0012563745182219254,0.007541371247014939,0.003364397856936907,-0.012780499225010932,0.0007133766498081173,0.0019697511680300426
2019-08-15,0.014646626076584002,0.012462323387913244,0.01865241954126775,0.020848065093116097,0.024412514769495085,0.009765888692911083
2019-08-16,0.01734086249865192,0.008540411037402829,0.010582191025756771,0.009974514463877981,0.01551043408522752,-0.0018304284134244009
2019-08-19,-0.006449189699878477,-0.007279059038704428,-0.0069441497985539,-0.013735747900154537,-0.006404848875583191,4.4340824295286026e-05
2019-08-20,0.02025733510333656,0.010519853565430082,0.009997341893687417,0.005211216279241782,0.004127799461968474,-0.016129535641368084
2019-08-21,0.00019637692670555485,0.00037442983580590063,0.0014283893197620245,0.002293104482515873,-0.005666285417142092,-0.005862662343847647
2019-08-22,-0.03148462087851887,-0.02928578957901491,-0.0260080258302658,-0.025048672367393554,-0.02456664158743279,0.0069179792910860766
2019-08-23,0.009631490759298356,0.014897354056584055,0.013447076313071604,0.01363602870667443,0.008693592355517232,-0.0009378984037811244
2019-08-26,0.0037420664044630183,-0.003028788059859122,-0.006877475222922013,-0.002988124041618456,-0.000997798294788177,-0.004739864699251195
2019-08-27,0.002289462254000019,0.005837296720169516,0.005859674955831173,0.007500821427899318,0.009606810310314028,0.0073173480563140094
2019-08-28,0.01276886046487804,0.01792748722591153,0.016675230849016277,0.010023993637978212,0.021010313643129375,0.008241453178251335
2019-08-29,-0.00016659746364464656,0.0030046349253719518,-0.00034725274024951516,0.00600761425398465,-0.0015581548323515548,-0.0013915573687069082
2019-08-30,-0.013177106358494162,-0.008353188445286064,-0.01052816212352603,-0.010614915143862457,-0.006903117354181076,0.006273989004313086
2019-09-03,0.01386478319407083,0.012170825394481721,0.010764886016125862,0.0077534165319921855,0.015814174529503733,0.0019493913354329036
2019-09-04,0.01710214866377794,0.01236025512106147,0.020783946485851135,0.013783216852304636,0.0143988271292112,-0.0027033215345667397
2019-09-05,-0.0004945038607339636,-0.0019783025346921,-0.002324371719193874,0.003952505667824102,-0.002726705762730175,-0.0022322019019962113
2019-09-06,0.004066240600409809,0.002159376328767393,-0.001129123500707374,0.0007816513826704785,-0.005147042828961701,-0.00921328342937151
2019-09-09,0.013655281599104108,0.002200846922037358,0.0033584292767105508,-0.017105091389341753,-0.00907688487297802,-0.02273216647208213
2019-09-10,0.008477739550582652,0.014277718870321855,0.004610310202377477,0.006578272709300581,0.002178423906460436,-0.006299315644122216
2019-09-11,-0.0008836216439074063,0.0022062934305981273,0.0006807477371972182,0.004539674504621305,0.009310256635151514,0.01019387827905892
2019-09-12,0.007995263827594978,0.0022902532397990226,-0.002479700680859065,-5.725848705881997e-05,-0.0002986544282336023,-0.00829391825582858
2019-09-13,-0.007619226408096269,0.001711749296338394,-0.007805287311058529,-0.005270205991492782,-0.007635355774065789,-1.612936596951959e-05
2019-09-16,-0.0044641184799069315,-0.00386590250070975,0.0066615123092766074,0.004502121519464164,0.010118653986219805,0.014582772466126737
2019-09-17,-0.003206002794904572,0.0018503766131443445,-0.0021639982092298447,0.002958203099155421,-3.365961713504006e-05,0.003172343177769532
2019-09-18,0.0012730959700744005,-0.0004989905229568437,-0.0016925556730270075,0.0009230881700544424,-0.0031744756820815566,-0.004447571652155957
2019-09-19,0.0008934251002934545,-0.005224179345690394,-0.007237232980841913,-0.007874433005133453,-0.009164706892796826,-0.01005813199309028
2019-09-20,-0.004052827283003635,-0.00044617559709391185,0.0011362882920682217,0.005253066611847523,0.0003558864153485719,0.004408713698352207
2019-09-23,-0.003416845167760052,-0.009058448464089186,-0.01589673281991798,-0.015278028294131784,-0.016610227134249433,-0.01319338196648938
2019-09-24,-0.0009213763613596049,0.006434895223552351,0.004325779616945591,0.00701999705429438,0.015476351328356563,0.016397727689716167
2019-09-25,0.00207460719013014,-0.0007953802733372761,0.0013176469664210378,-0.002507957366019331,-0.009757879468863672,-0.011832486658993812
2019-09-26,-0.006265817942453444,-0.005712935195879887,-0.009724083339286305,4.696945274444975e-05,-0.0026164778847886706,0.0036493400576647736
2019-09-27,0.006600186435922506,0.0021140085908736284,0.0016938150376803462,0.003975344394612101,0.005428797735677437,-0.0011713887002450683
2019-09-30,-0.014268079825836999,-0.012260533990064604,-0.011168243031444203,-0.020375434298175767,-0.011312112886202064,0.002955966939634935
2019-10-01,-0.02001530313281008,-0.02002140001840713,-0.022855052165773604,-0.01594602365343307,-0.021428840123519532,-0.001413536990709452
2019-10-02,0.013600085065331724,0.012517283944815993,0.010643904245044833,0.006202789454629975,0.006187841839926189,-0.007412243225405535
2019-10-03,0.014557292678456114,0.018284565293097122,0.012028437067098307,0.014915783253895198,0.015215905915224214,0.0006586132367681005
2019-10-04,-0.0032658434169572704,-0.005621064526991737,-0.002670407732163471,-0.0018233201772411057,-0.006005027746936708,-0.002739184329979438
2019-10-07,-0.014454509366851654,-0.02037122796432298,-0.017829657660803043,-0.016173349814777138,-0.01863026782172932,-0.004175758454877665
2019-10-08,0.009299457073067351,0.009091372051232737,0.009645254035920026,0.008556972918162663,0.012758162154705998,0.0034587050816386467
2019-10-09,0.004121837612321666,0.004065449469952931,0.006848361705146466,0.01193860750886171,0.01163223960231794,0.007510401989996273
2019-10-10,0.012015998014444895,0.016409050885753194,0.009004625341599626,0.01416929547034328,0.01842210037353873,0.006406102359093837
2019-10-11,-5.183677910890472e-05,0.0011491004071096712,0.0026244934004439834,0.0004744655521547347,-0.002644286885517366,-0.0025924501064084615
2019-10-14,0.012730647674911322,0.009711244736499914,0.013160882912321337,0.02592532322556269,0.0034858508593615277,-0.009244796815549794
2019-10-15,-0.004030445303204744,-0.006723319406721351,-0.0046948150928945555,-0.0003634141976507466,-0.0005779620428102983,0.0034524832603944457
2019-10-16,0.008285954970338284,0.009565071624224509,0.005546241697389565,5.419918989768569e-06,-0.0006218405779671032,-0.008907795548305387
2019-10-17,-0.009872982390090079,-0.007990594700629673,-0.0069511239068502425,0.0006079839367210127,-0.0063619412742792255,0.0035110411158108534
2019-10-18,0.010177791671488001,0.0075622760817621315,0.00964099134485522,0.009498150460540745,0.01028874676338718,0.00011095509189917863
2019-10-21,0.00479279592214159,-0.008503837022764282,-0.005565749409417242,0.002511992187007517,-0.019018956689199274,-0.023811752611340865
2019-10-22,0.0036570327628831943,0.002218698441806355,-0.005678535263544305,0.011196077249890168,-0.003660785851839077,-0.007317818614722272
2019-10-23,-0.0017271203778571498,-0.0041268345950907556,0.0005403578205110171,0.003523033074016746,0.011848132936774291,0.013575253314631441
2019-10-24,0.006277291625586346,0.010764682590506747,0.008845634160348304,0.0015990494044550662,0.008323996727635308,0.0020467051020489624
2019-10-25,0.004278927744451455,0.016822583582940996,0.011374803386363652,0.008113590064072185,0.0016193575177588682,-0.0026595702266925874
2019-10-28,-0.007916428111400486,-0.004288455293823967,0.0021787188289411285,-0.0066745958342095514,0.0051983893330913465,0.013114817444491833
2019-10-29,0.008296143727595507,0.0038126011897921417,0.008626561156011125,0.013680469513447046,0.006686631282988598,-0.001609512444606909
2019-10-30,-0.004185911192550251,0.0006358046325731781,-0.006417599330806356,-0.00277398849134457,0.0002251165769301955,0.004411027769480447
2019-10-31,0.012017585467874436,0.004456448121992818,0.016283114117753805,0.007541537063185932,0.015215554760720663,0.0031979692928462266
2019-11-01,0.010149928887256809,0.006978234261334415,0.003909927407157776,-0.0029649001756411495,0.01878816337505821,0.008638234487801402
2019-11-04,0.005022211271757016,-0.0050935972039582,0.007787460193314666,-0.01075195937336464,0.000390408376490825,-0.004631802895266191
2019-11-05,-0.0027500587571305914,-0.0016745863861591492,-0.0006769531834265874,0.006992324397330852,0.006450126781999033,0.009200185539129624
2019-11-06,0.007622799620805953,0.014281639818148728,0.004735941536679711,0.004957486679036815,-0.0011436853602380115,-0.008766484981043965
2019-11-07,0.005435193833844198,0.000638552139758275,0.008345147252621754,0.006433628183567674,0.002259962140611871,-0.003175231693232327
2019-11-08,-0.006999158845241593,-0.005237836823646069,-0.003159480257567471,-0.001093157637333586,-0.0028457555929003566,0.004153403252341236
2019-11-11,0.0007453043234056378,0.0049105613352268375,-0.0019148952024798604,0.0010350841276408284,0.005998994387626277,0.005253690064220639
2019-11-12,-0.0003980376405804065,-0.0033354890192408004,0.005331762468029055,-0.0034830271217922482,-0.002081858372228451,-0.0016838207316480446
2019-11-13,0.004752721673383064,0.0014804760262489337,-0.00708247413022296,0.0020240128679439363,0.0013254492704833144,-0.00342727240289975
2019-11-14,0.007340345685530503,0.005932703497013148,0.011349816810572576,0.009124095522121423,0.005897032912096522,-0.0014433127734339805
2019-11-15,0.0031477145200404567,0.0007639851690452893,0.001539272402526648,-0.00411010705236089,0.004592692457401437,0.0014449779373609801
2019-11-18,0.001589716498307059,0.0019622083106878518,0.0013337411409910182,0.00023687773968339432,0.00037882994347068213,-0.001210886554836377
2019-11-19,-0.0013846172335263863,-0.0010025135035786614,-0.005160132853570021,-0.0006595746909158207,-0.009477666696265218,-0.008093049462738831
2019-11-20,0.005167407674949232,-0.005616859960748055,-0.0012889295745308837,0.0031720585082045116,-0.00037590079907398046,-0.0055433084740232124
2019-11-21,0.00600417340897943,-0.0005552773437275226,0.0026461456815760733,0.001169301323280625,0.0017406477139818688,-0.004263525694997561
2019-11-22,0.013726705392609517,0.011654065736916741,0.004723038023987114,0.006555614294393575,0.0067898414378529835,-0.006936863954756533
2019-11-25,-0.0014676493191108752,0.0012533849590644075,-0.0006199113608438389,0.0013726783573172253,0.004947874044055967,0.006415523363166842
2019-11-26,0.005372009607319994,0.002283582837011222,0.0035838706854988468,0.003751736900328706,0.005801441543280339,0.0004294319359603449
2019-11-27,-0.004325174446039859,-0.0022697845006162563,-0.0045783947314680384,-0.004141677504509456,-0.002974696681322997,0.001350477764716862
2019-11-29,-0.006523020084351461,-0.00951524395701937,-0.007355958416551645,-0.012799937747780387,-0.008913133197728917,-0.002390113113377456
2019-12-02,-0.003603925616829562,-0.006581189220048267,-0.008001285188201968,-0.006323603285699397,-0.012508439788917336,-0.008904514172087773
2019-12-03,0.0040193325534853995,0.005819836924731092,0.01077040493387169,0.005983177548552832,0.006998650144546504,0.002979317591061104
2019-12-04,0.0026793129836042095,0.0027188457065366878,0.0038537346080602997,0.0011348918949122266,-0.0003194914118088921,-0.0029988043954131014
2019-12-05,0.006719730845030525,0.007592577097591447,0.010162612238555479,0.013101777205963883,0.010444425279164848,0.003724694434134323
2019-12-06,-0.0013190727313448392,-0.005414652683317767,-0.005539287805385107,0.0003498187406105524,-0.0015371625547296985,-0.0002180898233848593
2019-12-09,-0.0009616142882476475,-0.005466089535635954,0.0012696663480130654,0.0030502043727684723,-0.0016163201449594488,-0.0006547058567118013
2019-12-10,0.005910319931402874,0.0038241595447505495,0.0004319632132595341,0.004035840787439337,0.004302578328705753,-0.0016077416026971207
2019-12-11,0.014908660179820843,0.009671054162806513,0.010397687073516747,0.016636507733755336,0.016007020591884347,0.0010983604120635045
2019-12-12,-0.00962021222536542,-0.011944266550066317,0.0010655110947672796,0.0041397942450202676,0.007905329962810825,0.017525542188176244
2019-12-13,0.005735848340152627,0.011789645597993692,0.002704442391220119,0.005852614848385218,0.00819323522113059,0.0024573868809779622
2019-12-16,0.004062540821820648,0.004273060948324259,-0.0012730145354478584,0.004053239963794775,-0.0006637305945543348,-0.004726271416374983
2019-12-17,0.004895270191454426,-0.005127997404320161,-0.0019769291130678377,-0.0022290450929620897,8.515244544280432e-05,-0.004810117746011622
2019-12-18,0.011992878136374818,0.004409400414613152,0.00326315301476473,0.004351142290657339,0.0046862156961543725,-0.007306662440220445
2019-12-19,0.0042334055230318305,0.0059061016358635254,0.00478603935034515,0.004884664024531626,0.0030098084032147976,-0.001223597119817033
2019-12-20,0.001481983440724255,0.0002116405286739065,0.003696797523569206,-0.0034085462439380487,0.0036384782102819257,0.0021564947695576707
2019-12-23,0.0005909817726819089,-0.001101524365085127,-0.00026685418033901566,0.0008118180301451505,0.0007416234291663715,0.00015064165648446257
2019-12-24,0.0025820204613579145,0.0043846760258407615,0.003880901261460945,0.006305241275846196,0.0049742614955459955,0.002392241034188081
2019-12-26,-0.0008132035289827421,-0.00020557867977869516,0.0005602367680733189,-0.002161783728463318,-0.000905515804725876,-9.231227574313383e-05
2019-12-27,-0.006808037440452641,-0.007174887615218406,-0.006270481614994295,-0.007889697708923771,-0.005651317920922216,0.0011567195195304244
2019-12-30,0.003320955151444327,0.00213075935964,0.0021335737901414854,0.0015657228196530148,0.0027709085933137257,-0.0005500465581306014
2019-12-31,0.014947249950493745,0.017575900956545477,0.01433349915309271,0.008594174678967314,0.013317767057313334,-0.0016294828931804114
2020-01-02,-0.008896009001097317,-0.008113340973452964,-0.008090416625439,-0.010277186643078095,-0.011799114175385738,-0.002903105174288422
2020-01-03,0.007570186548740565,0.005380453569262778,0.004442360692819836,0.0029174810689351683,0.003171179845564809,-0.004399006703175756
2020-01-06,-0.0003012507623412097,-0.004056248499807835,-0.004874998957393262,-0.005504425796877465,0.00023900070482613112,0.0005402514671673409
2020-01-07,0.005142114502442774,0.006453158652948409,0.004258309086341228,0.00661076027483124,0.00496709691686138,-0.00017501758558139367
2020-01-08,0.01191883262006529,0.008583714385522101,0.009119573520825163,0.0032836966192093643,0.007204189189473231,-0.004714643430592059
2020-01-09,0.0016266425645617088,-0.002335416434231308,-0.006773701463551574,-0.004312791689900164,-0.008828890224832974,-0.010455532789394683
2020-01-10,0.012510250198554184,0.00969815410199798,0.005817371249028658,0.010065579543085967,0.005461993050546643,-0.007048257148007541
2020-01-13,-0.006353968029826851,-0.0028302695608044435,-0.0008964019634725928,0.00043056024727056164,0.004760436688145675,0.011114404717972527
2020-01-14,0.007351273102853872,0.003830063569894071,0.0021853471250369294,0.001003544628215469,-0.0016271091355561595,-0.008978382238410031
2020-01-15,0.00567817504201068,0.01256470619973279,0.009768666030448047,0.010791212244421821,0.009347364948788562,0.0036691899067778817
2020-01-16,0.004679905278922258,0.0024167399946786626,0.0043965968760628195,0.008458562706684136,0.002181951637694646,-0.0024979536412276125
2020-01-17,0.0011052611554506209,-0.003782770628592791,-0.0031790081743820254,-0.002699594227834401,-0.007307905056611242,-0.008413166212061863
2020-01-21,0.003412371214548904,0.0010278927791037562,0.0020453495348430996,-0.0010708894968607051,-0.0037553795715780324,-0.007167750786126937
2020-01-22,-0.0013891217610338292,0.0018372525722311294,0.0013387143814283075,-0.0008282205262543308,0.006732588403350925,0.008121710164384755
2020-01-23,-0.004505095031886408,-0.014521614564167562,-0.00937768912089514,-0.006847161177476036,-0.018686003472814773,-0.014180908440928366
2020-01-24,-0.01832920939699295,-0.01903931758093954,-0.014504361257717091,-0.01476055916980521,-0.015655087581376605,0.002674121815616347
2020-01-27,0.012077859653193256,0.016573917317772358,0.01076596595853332,0.0097867633168911,0.009165932518370157,-0.002911927134823099
2020-01-28,-0.00025091084439113895,0.0022395677106516023,-0.0028712497211096366,-0.00024347301500916575,-0.001994288116701082,-0.0017433772723099428
2020-01-29,-0.0013665650682815,0.0074733009485972056,0.002151054119585061,0.008761403784481203,0.005478536357909858,0.0068451014261913575
2020-01-30,-0.024747716119834583,-0.019153114313391083,-0.011000840675703772,-0.02453907178703748,-0.03055296256759491,-0.005805246447760329
2020-01-31,0.005604850532274275,0.0037101545929939307,0.017652128024721558,0.007875116906051438,0.0028965699331408913,-0.0027082805991333835
2020-02-03,0.013009795892237153,0.01365383142761507,0.02143827414218642,0.0193505026131076,0.0167313577237453,0.0037215618315081453
2020-02-04,0.00404292360263353,0.010552411337519862,0.008721978498153204,0.01864285225899869,0.02792677373218655,0.02388385012955302
2020-02-05,0.002163525292761448,-0.00020416352893745104,0.0002136987260648371,0.0025368973594849242,0.0021295393604335413,-3.398593232790655e-05
2020-02-06,-0.0003058256279803162,-0.00846124554528932,-0.0009663260793776995,-0.008409298555470368,-0.0057057144160281735,-0.005399888788047857
2020-02-07,0.005172799782962534,0.00532660176135199,0.013591099663022587,0.010422981615523685,0.003486330682477501,-0.001686469100485033
2020-02-10,0.0026800259456313037,0.004353860467825999,0.0022359096153383275,0.0040933641048011005,0.0045419499579702595,0.0018619240123389559
2020-02-11,0.004895838431590094,0.010898038447564307,0.007908841078633422,0.00569884172191365,0.009583652299179268,0.004687813867589174
2020-02-12,-0.008372977174015217,-0.002231937813970031,-0.001807580178838719,0.0006589131338307075,-0.004630353308161606,0.0037426238658536115
2020-02-13,0.00797802065560187,0.00575701214520209,-0.00018667446612149474,-0.000235688888172636,0.0006387141295132182,-0.007339306526088652
2020-02-14,0.002041691137539181,0.000636563299162507,-0.00013000896826421694,-0.007596563156261349,-0.008503279830116183,-0.010544970967655365
2020-02-18,0.013538971828625379,0.003019934312828554,0.008250277736971868,0.009051780635851681,0.0037622296967240844,-0.009776742131901293
2020-02-19,-0.011502764424410662,-0.003976679097919445,-0.0007171304555908531,-0.007722619178571,-8.094443160865384e-05,0.011421819992802007
2020-02-20,-0.020388517932830773,-0.01198513529223475,-0.01488304235824538,-0.006310779288323043,-0.010406321623241533,0.00998219630958924
2020-02-21,-0.034096796507476976,-0.03351904352868088,-0.03659753342096127,-0.039827489465365,-0.04040645433986236,-0.006309657832385386
2020-02-24,-0.02970456589536624,-0.03308403726080893,-0.0327949167090346,-0.03560976310504247,-0.028157789267438747,0.0015467766279274944
2020-02-25,-0.003951369477400624,0.001942320096642114,-0.0038252094180049713,-0.009203332648894568,-0.0019500273981083894,0.002001342079292235
2020-02-26,-0.041621862006159846,-0.04625983252652675,-0.03844205449663687,-0.04562346912824321,-0.04436805465086058,-0.0027461926447007318
2020-02-27,0.005207136082103725,-0.005291717836840193,-0.008528552701353376,-0.003880785325979674,-0.015549561524653333,-0.02075669760675706
2020-02-28,0.04467484284630596,0.03271896433809771,0.055074334354212696,0.04608970154868741,0.054212433274556535,0.009537590428250572
2020-03-02,-0.03563175960657431,-0.04031766302149605,-0.03488842754078199,-0.016541779459853977,-0.026394833108931638,0.009236926497642673
2020-03-03,0.056428061400909654,0.042810422251978994,0.03151036404794264,0.04281772473500871,0.0426215869230536,-0.013806474477856052
2020-03-04,-0.03195785850765502,-0.02647779498455364,-0.04274468292758009,-0.036756364806924166,-0.04632904864580001,-0.014371190138144987
2020-03-05,-0.0068518133021084225,-0.015702909593893765,-0.010115338862645951,-0.023819374773425616,-0.025941275996231684,-0.01908946269412326
2020-03-06,-0.03930942496525667,-0.08184870733551489,-0.06875736033654058,-0.08090884143950998,-0.11562206574019798,-0.07631264077494132
2020-03-09,0.03490434587162068,0.05929310478621654,0.05936080138595619,0.06437558169565841,0.06498058947319178,0.0300762436015711
2020-03-10,-0.041789404833038765,-0.05033283724848925,-0.04464536425243212,-0.055288101769146336,-0.05053904190682702,-0.008749637073788258
2020-03-11,-0.09274059532888805,-0.08910344023108227,-0.09562176896868971,-0.09058458003370054,-0.10428230661645663,-0.011541711287568576
2020-03-12,0.1045732162495332,0.08600482422158702,0.09734280298336691,0.1245751074546119,0.11724350401568202,0.012670287766148827
2020-03-13,-0.121304125510546,-0.10937824362553017,-0.1426722017747759,-0.10292976368127407,-0.13395821998961063,-0.01265409447906464
2020-03-16,0.06517853844827695,0.06571874631564825,0.05357970248081105,0.07330418529859664,0.039196144445273494,-0.025982394003003458
2020-03-17,-0.041512426965151575,-0.014162689663297912,-0.07695521191925077,-0.06573394547142768,-0.08504273336247811,-0.04353030639732654
2020-03-18,-0.03301995237349955,0.01146775673912349,0.021436123174080224,0.04176221187828636,0.042175076442656126,0.07519502881615567
2020-03-19,-0.043468339208429706,-0.056526816178164366,-0.04657059908178213,-0.022254978320462283,-0.03167020920315725,0.011798130005272453
2020-03-20,0.014591228856493176,-0.034574622165468714,-0.0487242161617014,-0.04325544077052172,-0.041359286679440485,-0.055950515535933665
2020-03-23,0.06499280480175149,0.08838904882814788,0.10070409605549695,0.1298884093034911,0.13373976542220392,0.06874696062045244
2020-03-24,-0.02497779808494721,0.027009620701843463,0.02152022788230178,0.01414652367003395,0.017543489550729208,0.04252128763567642
2020-03-25,0.06477093541793302,0.0614092495285687,0.05589836527750218,0.08349645611288255,0.054522922516229325,-0.010248012901703699
2020-03-26,-0.04612009911091107,-0.041920027539906056,-0.03619322646932931,-0.03616049090370142,-0.015608601114140119,0.03051149799677095
2020-03-27,0.03165970303646977,0.03619571239590293,0.027046817008132763,0.04015932602308829,0.03817761504619801,0.00651791200972824
2020-03-30,-0.009101613605512971,-0.020975441257143568,-0.01708440208805532,-0.027997594341132227,-0.009773135982031422,-0.0006715223765184509
2020-03-31,-0.04605214210486116,-0.034940546077669846,-0.037015851274163,-0.04106942446251335,-0.051576256176025015,-0.005524114071163856
2020-04-01,0.03588493755449314,0.029931216540627536,0.04307031947108,0.017037762571332306,0.024578704080848147,-0.01130623347364499
2020-04-02,-0.007807313043145692,-0.020241565400511495,-0.012861752498961432,-0.025584094893713973,-0.02964749218881214,-0.02184017914566645
2020-04-03,0.04721382249812296,0.0579872183199434,0.07121398936363917,0.08202574096280857,0.10298060964479686,0.055766787146673893
2020-04-06,-0.007265652595597805,-0.014159965120924035,-0.005722491810391817,0.0015694673306565043,0.0049410339443752725,0.012206686539973078
2020-04-07,0.03727780374060208,0.031014317209563845,0.033891034059963986,0.028228923810746598,0.04698093910789254,0.009703135367290464
2020-04-08,0.007899067377568925,0.01052658293674812,0.00256622261729883,0.025716101056040486,0.009871247277903571,0.0019721799003346464
2020-04-09,-0.03770953384321578,-0.004501752536322357,-0.009456429497413288,-0.00790044411792643,0.011451655831713658,0.04916118967492944
2020-04-13,0.021033031666989565,0.027664751000759137,0.02849760667907957,0.0387700965755899,0.03178905757996734,0.010756025912977776
2020-04-14,-0.0038908375141516126,-0.017923733673751406,-0.020144984203661963,-0.030142710685701436,-0.036884161139684936,-0.032993323625533325
2020-04-15,0.025700120574565898,0.01863677949102639,0.008042986352961667,-0.00829853043369776,-0.01886348820329218,-0.044563608777858074
2020-04-16,-0.007810222267205425,0.011484470688635307,0.029008867830505602,0.03911893468855878,0.07239947675816916,0.08020969902537459
2020-04-17,0.0007462589559779186,-0.012826855819028881,-0.016355239069891357,-0.019279914048535286,-0.02684453188416528,-0.0275907908401432
2020-04-20,-0.03769508613759829,-0.031664865902085226,-0.03517203883179798,-0.02656738870933135,-0.031056494017320014,0.006638592120278276
2020-04-21,0.007887502741189522,0.028397545936093595,0.031201036855580365,0.021302890068301238,0.026475585087012886,0.018588082345823362
2020-04-22,-0.004389768164106134,0.001636262419637924,0.0005197532700534247,0.007169132684141011,-0.005731890477694235,-0.001342122313588101
2020-04-23,0.00828743981233453,0.013116421636345642,0.013106843460174045,0.010958846014936397,0.019654378524243944,0.011366938711909413
2020-04-24,0.00790063101037003,0.01359807676184338,0.02086681040410294,0.012425948082448467,0.03156354845218488,0.023662917441814847
2020-04-27,-0.0030090927242687913,-0.003418373205843561,-0.004134659906597416,-0.003457899803384834,-0.013355170013368289,-0.010346077289099496
2020-04-28,0.037940757356466626,0.04210290729236543,0.0010377327396369652,0.02150418705195507,0.020814902851992036,-0.01712585450447459
2020-04-29,-0.024642482474592376,-0.019136681775060914,-0.0025678921447681137,0.0038032509538740156,-0.007258593914366696,0.01738388856022568
2020-04-30,-0.024123471860526623,-0.03251756517545205,-0.038341169542454034,-0.026168798783267156,-0.014863718965981765,0.009259752894544858
2020-05-01,0.0010524088202881975,-0.002338967207303577,0.007001223698008352,0.0004642062023642146,0.0036900694014809663,0.002637660581192769
2020-05-04,0.015479612615547889,0.005690403033242641,0.003098638029895484,0.008441559140290678,0.01238230864783163,-0.0030973039677162587
2020-05-05,0.0034968087957689686,-0.0026564294505745712,-0.009235854230840668,-0.010787621833949301,-0.015456071001708793,-0.018952879797477763
2020-05-06,0.009252845350976358,0.0049740573874335284,0.013095191952554297,0.010479365095898275,0.016564653513480652,0.007311808162504294
2020-05-07,0.014940384715506228,0.007235107801474283,0.01662516356128909,0.022309502160066285,0.0274462556061001,0.012505870890593872
2020-05-08,0.011816154368095444,0.0044387500022521455,0.005000274070161581,-0.01181863586705596,-0.005136752481732798,-0.016952906849828243
2020-05-11,-0.014725812869583266,-0.019316610903802565,-0.023650586855562605,-0.025078428797049336,-0.02466682723904857,-0.009941014369465305
2020-05-12,-0.021089860545354368,-0.010463720736787275,-0.015625508763465978,-0.018825119621531383,-0.019410551676487642,0.001679308868866726
2020-05-13,0.01135361596968163,0.010562199639550296,0.018454878701659183,0.004616652911841856,0.028806380133512843,0.017452764163831215
2020-05-14,0.009678198287596118,0.005945513963080795,0.014819572997882113,-0.004062937726350246,-0.014824698886931243,-0.02450289717452736
2020-05-15,0.006902202869299967,0.013983869436462704,0.01636669607772099,0.05442867006817331,0.07330737869571113,0.06640517582641117
2020-05-18,-0.010618832727852778,-0.0155213927792909,-0.018395184638487015,-0.005701783918768943,-0.011614232289465964,-0.0009953995616131858
2020-05-19,0.017113271626313674,0.02125200892373865,0.019042618593105833,0.01279535260637854,0.01677414116435345,-0.00033913046196022353
2020-05-20,-0.010397237916154623,-0.007243826724297531,-0.0025980423172362044,-0.009148063705968934,-0.008587173882294307,0.0018100640338603157
2020-05-21,0.004712720676731297,-0.0034110308122329734,-0.0019888366418097216,0.002042857611282878,0.0038502441022108314,-0.0008624765745204655
2020-05-22,0.032904429960916935,0.030845804533726418,0.011547788852054864,0.0069443647503424685,-0.007559477008068083,-0.04046390696898502
2020-05-26,0.04117654369695367,0.027597721662930987,0.01763875574516046,0.005266757161409586,0.0049902899276522365,-0.03618625376930144
2020-05-27,-0.02717461822516931,-0.011770005863860322,-0.003902914406671898,0.008339663030699163,0.004992051412935894,0.0321666696381052
2020-05-28,-0.010956254273531774,-0.008250026881012429,0.004565108472713064,0.016576778879159936,0.02055915634432155,0.031515410617853325
2020-05-29,-0.0005501279434769191,0.003137301775393042,0.004104668306078363,0.001201817156278251,0.007521141678994536,0.008071269622471455
2020-06-01,0.014351227391935594,0.014334451329320453,0.009268328334596754,0.00849317480144982,0.004675666797692668,-0.009675560594242925
2020-06-02,0.019601834691855335,0.009389052755870897,0.027524555766794523,0.006822457281149763,0.00983745589795022,-0.009764378793905116
2020-06-03,0.0019508185280370793,-0.0034185732580449325,0.00824264492028869,-0.005661749168618313,-0.0003312109957997689,-0.002282029523836848
2020-06-04,0.03767935238241862,0.02630781090021206,0.022479852897078656,0.015592955517993334,0.021715902316551728,-0.01596345006586689
2020-06-05,0.020134976574296647,0.019278777681031478,0.003230888680311328,0.0012348188359719958,0.005088941941496927,-0.01504603463279972
2020-06-08,-0.025495711265132625,-0.017763417547599282,-0.00025009646334285264,0.01569711710246772,-0.0024053199790519007,0.023090391286080723
2020-06-09,-0.03139845792325017,-0.017185997702431566,0.0015855051092047655,0.011951744498215655,0.009113462681401141,0.04051192060465131
2020-06-10,-0.05511932248766425,-0.07350858388267244,-0.06421623002271401,-0.05505524208032768,-0.05538825950643626,-0.00026893701877201553
2020-06-11,0.01277932713804183,0.007651746130568904,0.018825330763395764,0.01510901495676974,0.024256031408652557,0.011476704270610727
2020-06-12,0.00798931051654197,0.01085427253237371,0.007183716351088498,0.010062363389743634,0.0020267930332452887,-0.005962517483296681
2020-06-15,0.012907652537625814,0.019427579505857072,0.02411460600228197,0.031713936745116335,0.022394807611031454,0.00948715507340564
2020-06-16,-0.002875021389579757,0.006936945475832912,-0.0030524578054906826,-0.009525793814314343,-0.014560220771357301,-0.011685199381777544
2020-06-17,0.002258094879410688,0.003265438594056702,5.9197635772745284e-05,-0.0013311637615817773,0.0041134684694080215,0.0018553735899973335
2020-06-18,-0.0007323323343290444,-0.002922730874247259,-0.006207612980686494,-0.007432121889730347,-0.003041754055895607,-0.0023094217215665624
2020-06-19,0.010212722507553807,0.00639596469307101,0.0036878548224010153,-0.0006303139506576904,0.004518292975499272,-0.005694429532054535
2020-06-22,0.0004235132940864861,0.007925916003349931,0.003795478263374874,0.004427091501322278,0.0013050038201699809,0.0008814905260834948
2020-06-23,-0.02054046077616195,-0.024054755253731974,-0.017623199000579636,-0.029886852518796348,-0.037725241210118846,-0.017184780433956895
2020-06-24,0.00994983139065706,0.020499475576204084,0.015532720850128846,0.019861052695387627,0.012027270011439817,0.0020774386207827577
2020-06-25,-0.032270652285095,-0.02008536453543903,-0.03416663657097822,-0.016188290194498977,-0.03302375681528037,-0.0007531045301853723
2020-06-26,0.004838312702797354,0.005771367076307344,0.013880424225831689,0.01396135747553573,0.023721936818375443,0.01888362411557809
2020-06-29,0.015040454455574026,0.015198016798565805,0.016497256688494687,0.014541895579570441,0.020566763431606926,0.005526308976032899
2020-06-30,-0.006628113289393056,0.0025960723083395367,0.01614541273297506,0.0031841746936379757,0.00038536602186093336,0.007013479311253989
2020-07-01,0.0035659738323472246,0.0038008438671063294,0.004493570439936467,0.005547052193439528,0.005138566685193635,0.0015725928528464105
2020-07-02,0.015377231240211519,0.019513750890939006,0.015105017512163466,0.019109337448266938,0.02074257141788314,0.00536534017767162
2020-07-06,-0.003972811346561855,-0.009136460878667063,-0.00044119783312073223,-0.016281411629106568,-0.02261310223292403,-0.018640290886362175
2020-07-07,0.010207062282170276,0.012134741925227888,0.009730225971519336,0.006757064522538747,0.006415868406379299,-0.003791193875790977
2020-07-08,0.011522486351836414,0.0017886650598662346,0.0017160643843229574,-0.014851681440563147,-0.027930157345420648,-0.03945264369725706
2020-07-09,-3.8114704592695504e-06,0.007098659055859468,0.00833914856420418,0.01733061121327134,0.026636706848538316,0.026640518318997584
2020-07-10,-0.02521667900740334,-0.012120799977267583,-0.0010676845684469138,-0.002280435064510733,0.001910652323997275,0.027127331331400616
2020-07-13,0.012350847390538355,0.010834272693304958,0.017006376271257385,0.013273613645741622,0.02302790219796811,0.010677054807429755
2020-07-14,0.006164012574809363,0.0005594317324202347,0.004744990684843154,0.015081741735852205,0.012217085971391007,0.006053073396581643
2020-07-15,0.001171922513090895,-0.00326207714334964,-0.0048082241343652575,-0.007617342085629042,-0.008849485733573203,-0.010021408246664098
2020-07-16,-0.0006743625498172757,0.002135802361606087,-0.010212310513098377,0.005708987073277105,0.005068101665789337,0.0057424642156066125
2020-07-17,-0.006365878052205754,-0.002411354647471198,-0.0016609908557445596,0.014176658206116554,0.029911344786096927,0.03627722283830268
2020-07-20,-0.002808985236428263,-0.007723075857194306,-0.0069389248799736625,0.004750899811139475,0.02981253123038676,0.03262151646681503
2020-07-21,0.01857006079566942,-0.0027689032122147792,0.0029637455031071847,0.0006131588369245767,0.0005303138663511287,-0.01803974692931829
2020-07-22,-0.011147376710365064,-0.016508302056993263,-0.009110936562816618,-0.013691112178511378,-0.0023829893238254463,0.008764387386539618
2020-07-23,0.013741353649393894,-0.008079711323099592,-0.006313480091355283,-0.007144271527147972,-0.005781163227602415,-0.01952251687699631
2020-07-24,0.00036243973060182675,0.00672129112018186,0.0061379708693452325,0.008278559937363084,0.01680039856586022,0.016437958835258393
2020-07-27,-0.010721718915330847,-0.0038172421205584727,-0.007731677822049188,0.00014799640681818494,-0.00833807522925054,0.0023836436860803067
2020-07-28,0.01902958126982455,0.012568420307869855,0.005020632231333244,0.004724456184144121,0.010074846584010155,-0.008954734685814394
2020-07-29,-0.0068239614140624405,6.247595331966282e-05,-0.00962755331750379,-0.0045950133682989835,-0.010889427649992112,-0.004065466235929672
2020-07-30,0.011238829355739,0.009467638445319015,-0.0018972463586810263,-0.0037576433850955325,-0.013300809539528845,-0.024539638895267845
2020-07-31,0.01667274712689538,0.011669114976846163,0.00765504552100873,0.005166611543071809,0.0030616329690868584,-0.013611114157808524
2020-08-03,0.011492775746871265,0.007841143965779262,-0.002917856575708355,0.005985381330328865,0.0068104318031802615,-0.004682343943691003
2020-08-04,0.0019059467520712414,0.0020696954275556735,0.011511457873666243,0.0075122013919679985,0.019623342990518444,0.017717396238447203
2020-08-05,0.01334822240826442,0.009654073419626152,0.00042071103824431466,-0.0021488685822570685,0.004282686344893816,-0.009065536063370605
2020-08-06,-0.010594607242585041,-0.0062454023586356764,0.002214501462706997,0.013763455213916143,0.005285865584565219,0.01588047282715026
2020-08-07,0.0009384121433584025,0.0008772272543817294,0.0064204567821286255,0.005968847193178551,-2.113398766804275e-05,-0.0009595461310264453
2020-08-10,-0.0011260776243067205,-0.006178983723877818,0.002564530408852861,-0.002109624749190331,-0.012332308178606765,-0.011206230554300044
2020-08-11,0.0012005628820078052,0.007311794622342593,0.017871967470808214,0.025381191301754157,0.021727221704620225,0.02052665882261242
2020-08-12,-0.0043413825179138945,-0.0063400641443388415,-0.01398326678718167,-0.0026970415978426867,0.0017982093601075389,0.006139591878021433
2020-08-13,-0.00012858115439637885,0.0030414551890814434,-9.045876622704174e-06,-0.0030382017399014027,-0.0015660655077534892,-0.0014374843533571102
2020-08-14,0.009993714741174897,-0.004454341516428817,-0.008425563502479028,0.006081515362611689,0.004708034457633925,-0.005285680283540971
2020-08-17,-0.0031491767949469174,0.007839663757261129,0.004332363691898977,0.001988612678292334,-0.003813873984903804,-0.0006646971899568867
2020-08-18,-0.005993826724557605,-0.0019278400532871886,-0.0012857085121122714,-0.0023538269367984086,-0.0001824019176428937,0.005811424806914711
2020-08-19,0.009126841319339352,0.0046125502373657425,0.00263067980808247,-0.004729957733835444,-0.006628499230396534,-0.015755340549735885
2020-08-20,0.0030524354384742435,0.00813282522035338,0.0020044633157058622,0.004805325294361906,-0.0010818843445570935,-0.004134319783031337
2020-08-21,0.0050447930716591375,0.00472149801968016,0.00463452544183447,0.016970454072066665,0.022846489617436783,0.017801696545777644
2020-08-24,0.008488125813331549,0.007391957392336135,0.003912909614487148,0.004339689634868904,0.0016726113659650155,-0.0068155144473665335
2020-08-25,0.04957097581335501,0.009243673273242803,-0.0019144445214777429,0.015691967020196228,-0.0019760574076473024,-0.05154703322100231
2020-08-26,-0.013707431308302065,0.008172805922345594,-0.0011230962059496363,0.014814596636138077,0.006222894250598454,0.01993032555890052
2020-08-27,0.0045815110497274495,0.011043397397412901,0.005690182812173161,0.012037004335351275,0.008957441868423899,0.004375930818696449
2020-08-28,-0.008828708568967825,-0.0028248847223650954,-0.01121848695480403,0.0006776528605034859,0.00031444083227697426,0.0091431494012448
2020-08-31,0.0203450415355218,0.008503319104896245,0.004587669560910568,0.004964397526786302,-0.004378757947528756,-0.024723799483050556
2020-09-01,0.009894008978806523,0.02057392784284664,0.01974430947626764,0.016491020091105237,0.016915490145357648,0.007021481166551125
2020-09-02,-0.0420947005785399,-0.03976824267855933,-0.03685766128450378,-0.024552900211239202,-0.01965934335269749,0.022435357225842414
2020-09-03,-0.0014732588509676846,-0.004367562496367783,-0.005363229989627782,-0.002224946408409889,-0.01623113579543627,-0.014757876944468585
2020-09-04,-0.021926666981893418,-0.023647280119866797,-0.04114748244978893,-0.031681269785384526,-0.017350687151804746,0.004575979830088672
2020-09-08,0.011480956115032437,0.011898554243005876,0.0125581017842328,0.03066291314308083,0.031292514964084764,0.01981155884905233
2020-09-09,-0.014131646214952266,-0.012591686512283729,-0.016254354807707972,-0.015104684791248758,-0.025041858890483958,-0.010910212675531692
2020-09-10,0.010122353397662409,0.005676246025670273,0.003775005840375101,-0.0011900418433069548,-0.004926098359448549,-0.015048451757110958
2020-09-11,0.008922869673362876,0.008311853669195523,0.01726108649688236,0.02001638199892062,0.0012064089342117001,-0.007716460739151176
2020-09-14,0.006218960737498691,0.0024395701798691437,0.001699146400381324,-0.0015702913339370127,0.002549548960818937,-0.0036694117766797544
2020-09-15,-0.009088465737643714,-0.0033212029738639683,-0.00483930079283088,0.0008282548967389447,0.017435573856259802,0.026524039593903516
2020-09-16,-0.0010486896225545216,-0.0032400208152325804,-0.006190521091003287,-0.008042867868284087,-0.01223020538289753,-0.011181515760343009
2020-09-17,-0.008875650788831246,-0.007296034751896485,-0.009513839358115917,-0.0014425921679563024,-0.014603268284151904,-0.005727617495320659
2020-09-18,-0.024324974670920863,-0.014388069361781585,-0.013163370080907111,-0.004383518261596641,-0.003553740509233394,0.02077123416168747
2020-09-21,0.0022356024532916075,0.007099703528420554,0.005533880574328032,0.00960817399889089,-0.0006343029122747423,-0.0028699053655663496
2020-09-22,-0.022476786072619048,-0.025536165562080337,-0.029388848111635446,-0.022661315649851,-0.019768235647227118,0.0027085504253919306
2020-09-23,0.007048933824363879,-0.005733964136501723,0.0012129394157199824,0.0033103638420657554,-6.0503704181325e-05,-0.007109437528545204
2020-09-24,0.020819361877611565,0.013367813104358472,0.009745303766816527,0.01079670593719403,0.008160323726128117,-0.012659038151483448
2020-09-25,0.020224243353163952,0.013472957403966201,0.012864994370635407,0.015109329343514633,0.02360705869823465,0.0033828153450706985
2020-09-28,-0.005392947307956841,0.00046786093666845163,-0.000889730655883858,-0.00652840890073828,-0.008685217157630121,-0.00329226984967328
2020-09-29,0.010645254544776783,0.012748858549619602,0.011125559587242517,0.017119180470391272,0.005727296557642791,-0.0049179579871339914
2020-09-30,0.009807780044150716,0.012273254911477538,-0.0002512536561558698,0.007064343355545277,-0.006245927022331399,-0.016053707066482115
2020-10-01,-0.02062186171718645,-0.011440481634951061,-0.010067303071335298,-0.0055323127516254235,0.0006180145121400749,0.021239876229326524
2020-10-02,0.010369147268373935,0.021745096854552746,0.013130915137196131,0.02380547733551843,0.017243498768018027,0.0068743514996440925
2020-10-05,-0.013195862813392334,-0.01423151932430249,-0.013273951530917294,-0.01350959446605674,-0.01328540312866846,-8.954031527612719e-05
2020-10-06,0.014690899350496745,0.020146318697539266,0.027435554803964,0.01610565260595569,0.011651098634487511,-0.0030398007160092333
2020-10-07,0.007015792221482986,0.008612658508905502,0.005925424098091536,0.007227372538279875,0.012228768526331812,0.005212976304848826
2020-10-08,9.773652031388468e-05,0.008940596681876235,0.012622872405385089,0.0032574729679752503,0.013063429187843766,0.012965692667529881
2020-10-09,0.010099868531883905,0.007855231871117085,0.009066371854500743,0.019601143028672986,0.019663391103569496,0.009563522571685591
2020-10-12,-0.006038449217850539,-0.007417474375343669,-0.01298934064016335,-0.0013357376973393343,-0.00021961304445203834,0.005818836173398501
2020-10-13,-0.005450052599595456,-0.007982617004284908,-0.008443538438625341,-0.0013603843039163622,-0.00838374446333331,-0.0029336918637378534
2020-10-14,-0.0023009641046542796,-0.000623588832198163,0.00039914089875939804,0.001550156658523072,-0.0029235648777170666,-0.000622600773062787
2020-10-15,0.006226219482148365,0.007568801539631509,-0.0002649732384156889,0.0017507219906293336,0.003418360227353645,-0.0028078592547947203
2020-10-16,-0.016407517450322852,-0.014341500593631129,-0.016076737316355096,-0.015757289264376927,-0.01714440490902719,-0.000736887458704337
2020-10-19,0.007634844759490678,0.002184826880861368,0.0037526643407410297,0.008978567376355051,0.005115697235491901,-0.002519147523998777
2020-10-20,-0.010593452925748004,-0.0001656867442439536,-0.006035219759318633,-0.0054341121008576136,-0.011661030681489415,-0.0010675777557414105
2020-10-21,0.012634403342594691,0.014018482730707904,0.00018033848972576205,0.007783335836510729,0.0077447758496288046,-0.0048896274929658866
2020-10-22,-0.0003763769023559571,-0.0008114021116775172,-0.0005649018850309329,0.0025880512352256524,0.007505164289269961,0.007881541191625919
2020-10-23,-0.021187766581802492,-0.026004089688067465,-0.018829536056607764,-0.016865236900779602,-0.016416414283874116,0.004771352297928376
2020-10-26,-0.0008791403230615447,-0.014467871922706332,-0.01844194426825698,-0.006780967956988848,-0.0032032710380046183,-0.0023241307149430737
2020-10-27,-0.041537739872590185,-0.0311661122669172,-0.022150654271884663,-0.028038600847686022,-0.035653887447466004,0.005883852425124181
2020-10-28,0.016070141844821428,0.016345721101681622,0.009279812385253971,0.006093569552481348,0.008511983812133828,-0.0075581580326876
2020-10-29,-0.031090219411309027,-0.007830125863199944,-0.00351732603698085,0.004061198209088512,0.001900664223241011,0.032990883634550036
2020-10-30,0.006515904254386151,0.013238762550312356,0.01922649241289376,0.01646891270068209,0.013004269371021981,0.00648836511663583
2020-11-02,0.01832858871029005,0.020493142804424457,0.01637785243026223,0.018196110742583226,0.01829000184284646,-3.8586867443589357e-05
2020-11-03,-0.003035110622293824,0.015368825049254065,0.016416279789169163,0.0398421502145402,0.040964345173460134,0.043999455795753956
2020-11-04,0.006407123169621542,0.015564011542372868,0.02583260485212251,0.031953931222123685,0.01851382443512304,0.012106701265501497
2020-11-05,-0.0020280629815019767,-0.003787968644155937,-0.004824428407379145,0.0031056201322526844,0.006600828382995661,0.008628891364497637
2020-11-06,-0.004325577196837372,0.0017569976416378253,0.009427566834166267,0.04929084255417378,0.04430084786093804,0.04862642505777541
2020-11-09,0.006620770651838148,0.018929681141227894,-0.003294349597148483,-0.031169818970212336,0.010922146750046624,0.004301376098208476
2020-11-10,-0.00901462929757566,-0.007807780266568998,0.013288995503790545,0.02453621070416878,0.025893268382411617,0.034907897679987275
2020-11-11,-0.01680034531578998,-0.013966885764006686,-0.009113551944770171,-0.006350660341667836,-0.0036334873459719754,0.013166857969818004
2020-11-12,0.02332729968537226,0.021012061373189294,0.008470878558284134,0.0064662698303249114,0.0057646338214681235,-0.017562665863904137
2020-11-13,0.027749706319390888,0.022735945422606874,-0.0002406590166359579,0.011422213290495632,0.0025420969923565127,-0.025207609327034374
2020-11-16,-0.0058481324397056,0.005336991134935487,-0.006689515396857482,-0.007582320447192615,0.0023149792603915143,0.008163111700097115
2020-11-17,-0.006899509301286422,-0.020222933076508087,-0.014972571904347098,-0.009257119080790365,-0.010406156628591446,-0.003506647327305024
2020-11-18,0.0049069376983634895,0.010010162884957896,0.0029381795525867836,0.007439224703463365,0.00326531599507508,-0.0016416217032884095
2020-11-19,-0.008154344837868898,-0.004593693769505447,-0.007229984553942958,-0.009949789061567882,-0.0036818444945379116,0.004472500343330987
2020-11-20,0.026043725715871567,0.009440425410922848,0.010878243689643107,-0.003243523132389181,0.005829356479007286,-0.02021436923686428
2020-11-23,0.030794769705221325,0.019102406584183395,0.018643186309523364,0.016835412764952772,0.0015569950116522846,-0.02923777469356904
2020-11-24,-0.006701311809699795,-0.00920629018579745,0.0018536310947012246,0.0038584126001558585,0.003010390422484688,0.009711702232184483
2020-11-25,-0.0014950819604231836,0.0012503523376711679,0.005929947939843227,0.005462005517431201,0.005365304576720209,0.006860386537143393
2020-11-27,-0.023025612023889464,-0.014127709098097097,0.00635108319686527,0.001581415024612065,0.006097125225761879,0.029122737249651344
2020-11-30,0.003320720641375241,0.00716339128781146,0.009512768856212805,0.010808797540487558,0.01107172607674567,0.007751005435370428
2020-12-01,0.0038110088157152335,0.007932772216060157,0.006168062829007925,-0.00149905344072786,3.872357226430978e-05,-0.0037722852434509237
2020-12-02,-0.0031479537347293583,-0.0055425163681281035,-0.003048109836367008,-0.0033304880672662684,0.0031355107647289436,0.006283464499458302
2020-12-03,0.008030676277152293,0.007953533596970397,0.020874312558316576,0.01373758128085456,0.010586707592893308,0.002556031315741015
2020-12-04,-0.0006203226832509068,-0.00621977876113462,-0.002569068748907999,-0.005301698592321058,0.001019217687661922,0.0016395403709128288
2020-12-07,0.003514982970953706,0.0033925223447371367,0.0019788138693325073,0.0012090202406277006,0.002057246306998195,-0.001457736663955511
2020-12-08,0.00744697582539221,-0.0030319916412703484,-0.013502941592497509,-0.00442444561244768,-0.010354741059434203,-0.017801716884826412
2020-12-09,-0.0010903506266519258,-5.596624545356476e-07,-0.0002611591599779306,-0.0006830034343598745,0.0010491202875099303,0.002139470914161856
2020-12-10,-0.015643870158208374,-0.0022790159874210626,-0.0020328636049189554,-0.005065967185696818,0.0013312205936706124,0.016975090751878988
2020-12-11,-0.008835627704597481,-0.004822072673379407,-0.006011301709199268,0.005715326381178854,-0.00397975791586086,0.004855869788736622
2020-12-14,0.016695106859714058,0.011837552200344947,0.006956373504003044,0.010430673611479025,0.010536429053050123,-0.006158677806663935
2020-12-15,0.0012603545934767979,-0.0008887165012553932,0.0033691664119737453,0.001685866969311578,-0.000535040823712396,-0.0017953954171891938
2020-12-16,0.005824844847826615,0.005704316896526329,0.009556550512554895,0.005814780504312578,0.003936845323465854,-0.001887999524360761
2020-12-17,0.0036171399468204355,-0.0017172722467582945,0.0026587352867879833,-0.005191320979379477,-0.006704424483502591,-0.010321564430323026
2020-12-18,-0.011837920867969799,-0.003389961813431419,0.005988889545091613,0.006053127939367275,-0.003654825293477626,0.008183095574492172
2020-12-21,-0.002920689721905867,-0.0031696468212468742,-0.0064857659395643145,-0.007715827863261493,-0.01016308975328376,-0.007242400031377893
2020-12-22,-0.0029872607185261633,0.00012827799295686004,-0.00011846081995954272,0.0013850329469151657,0.010353676140339396,0.01334093685886556
2020-12-23,-1.598749582860659e-05,0.003509615108008102,0.0029816103413841,0.0029709027715589587,0.0028387628152420686,0.0028547503110706754
2020-12-24,0.007681578369620967,0.009935678463445919,0.002495027383166604,0.00866561845334467,0.006677486537285926,-0.0010040918323350415
2020-12-28,-0.0023037053780291085,0.0014841766150890834,-0.003767683297179858,-0.0011248803138896423,0.0016337226442276753,0.003937428022256784
2020-12-29,0.0017831701865027804,-0.0011495506509320741,0.0004332252760030464,0.003271940393000261,0.007999431216202169,0.006216261029699388
2020-12-30,0.009297164018259862,0.010125974342025213,0.00672611014220621,0.009574628998689983,0.001651034304784893,-0.00764612971347497
2020-12-31,-0.009530617145894505,-0.012678486767902153,-0.015537416245022407,-0.012694683042763522,-0.009138878143267647,0.0003917390026268574
2021-01-04,-0.0024449704220990466,0.004531386377122493,0.015786836954407236,0.0086934155552278,0.0054121125411646705,0.007857082963263717
2021-01-05,0.00967526717700562,0.010279100393168072,0.026644047905680212,0.012818446946832684,-0.019941320247324458,-0.029616587424330078
2021-01-06,0.017615629706905046,0.006420921488329523,0.008515372036820845,0.01759981802670124,0.015610590525437163,-0.0020050391814678825
2021-01-07,0.0004298732791280124,0.004978924469309753,0.0031435854088765814,0.004887348701814143,0.009630681125168428,0.009200807846040415
2021-01-08,0.011060422973214367,0.007302598802863425,0.00013609848877295106,0.002601640017705409,-0.01745315525023513,-0.028513578223449496
2021-01-11,0.011725680801581118,9.84875084819592e-07,-0.0041999852208742475,-0.003278746923163478,-0.00807481585858102,-0.019800496660162138
2021-01-12,-0.004272499767159399,0.002315143615522708,-0.0026171170824601077,0.006125459862358518,0.007636139369424089,0.011908639136583488
2021-01-13,0.0007850402816192758,-0.0004220926986949314,0.0014540535432997713,-0.009104601716471428,-0.012876422245889852,-0.013661462527509128
2021-01-14,-0.012862812932584422,-0.01875144229999811,-0.00586221995178624,-0.003639282175791181,-0.003394724027386753,0.00946808890519767
2021-01-15,0.008829308504345235,0.010591552027928964,0.007138033763561413,0.004267853036075053,0.009783931009585568,0.0009546225052403327
2021-01-19,0.007871118306965807,0.028771674591770702,0.005723958538345886,0.008937412079649631,0.011291013212700641,0.003419894905734834
2021-01-20,-0.0011003270411500399,0.0008558920552254934,-0.0005741042687499309,-0.009874428656470258,0.0021332442158434107,0.0032335712569934506
2021-01-21,0.00028468544158154473,0.0011263791933967982,-0.003501418586084848,-0.006109184144004687,-0.008590959305432522,-0.008875644747014067
2021-01-22,0.009170986416766714,0.0060488432398704385,-0.005707021517040134,-0.009319741236050361,-0.004242076343434653,-0.013413062760201367
2021-01-25,0.009082347112928746,-0.003619514614558694,0.0019740368533773256,-0.007658340641171391,-0.00044903577736163933,-0.009531382890290385
2021-01-26,-0.02597538527955535,-0.03297491471316949,-0.021084968340801247,-0.037399040353720006,-0.025439070354831794,0.0005363149247235577
2021-01-27,0.0018022780898006463,0.0016576773669197298,0.016824934753405085,0.021114148702290957,0.021223906526400847,0.0194216284366002
2021-01-28,-0.018509905349282086,-0.01963671239029883,-0.02416817399996487,-0.01098196202522661,-0.015697903012411297,0.002812002336870789
2021-01-29,0.014992187341103747,0.01728323981336055,0.00884788521815012,0.007859115397416705,0.007816238573325873,-0.007175948767777874
2021-02-01,0.014826701104756335,0.02010981665866778,0.027719825443185565,0.0064239089735817715,0.015415193498325874,0.0005884923935695393
2021-02-02,-0.007605723065738967,-0.00600285070897707,0.01299154283629005,-0.0034324859371052006,0.002450952396985262,0.01005667546272423
2021-02-03,0.011887310896585379,0.0033578834819272376,0.017472657095259005,0.007995478345250573,0.01158259296096339,-0.0003047179356219891
2021-02-04,0.0034162542119070436,0.0034198732420443467,0.004961453408757588,0.002425521744698611,0.0013241813427328553,-0.0020920728691741883
2021-02-05,0.010576132542450245,0.00921124702941194,0.006626313530035788,0.00949599948225156,0.00813390776229167,-0.0024422247801585747
2021-02-08,-0.004301974906562189,-0.0029597921315542507,-0.0050225739659819245,0.006931503819927931,-0.0010096049835932263,0.003292369922968963
2021-02-09,0.0014790385212027136,0.00018674603172619264,0.002682744375113744,-0.0022601435517811573,-0.001290343578849451,-0.0027693821000521644
2021-02-10,-0.0009406282944825706,0.001883808193151093,0.002691794098542877,0.004990116337925699,0.0010547334938921017,0.001995361788374672
2021-02-11,0.004045021996526221,0.005705689471498276,0.00798908523154529,0.008506413258632528,0.0016640173463398744,-0.0023810046501863465
2021-02-12,0.007629292598290571,0.012072349956580908,-0.002148976831183547,0.0046634124355775745,-0.004262808891465275,-0.011892101489755846
2021-02-16,-0.0034013008526445954,-0.005700723850776124,0.002907277146854548,-0.002596066785662632,0.008796138073615244,0.01219743892625984
2021-02-17,-0.006790748367872912,-0.015299720501595383,-0.0022060496014242536,0.0002877693081782651,-0.0034388165774387634,0.0033519317904341485
2021-02-18,0.002368221113514435,-0.00017678462553055718,-0.0009040621795433079,-0.0026921249181309894,-0.005425092541888843,-0.007793313655403278
2021-02-19,0.020492669276528985,-0.0057870403961236775,-0.011023130063390108,-0.017578834584961144,0.002794540109779131,-0.017698129166749853
2021-02-22,0.008474431922405457,0.004652886241074283,-0.003622174083285279,-0.0016292411538269768,-0.0058873209017436205,-0.014361752824149077
2021-02-23,0.028327267614574693,0.023325302175085928,0.0030719193776280853,0.006710322840861949,0.007946572339848601,-0.020380695274726093
2021-02-24,-0.01646026495951327,-0.018182984752660412,-0.023162696761774782,-0.02583019246317423,-0.02205500103326652,-0.0055947360737532495
2021-02-25,-0.021061609888630838,-0.013024974424799251,-0.006644353550362447,-0.001919883902474473,0.0005437323112541526,0.02160534219988499
2021-02-26,0.025795844414720694,0.02791991648289558,0.02831025785280592,0.014077677066598782,0.015224506794784532,-0.010571337619936162
2021-03-01,-0.0021937784499396094,-0.0030296545339135728,-0.009927267927622963,-0.008681181258724824,-0.0036972571525755392,-0.0015034787026359298
2021-03-02,-0.00037280235014300887,0.00457763630094341,-0.020692878431816164,-0.018034030094718323,-0.015897632594143764,-0.015524830244000755
2021-03-03,-0.008434175175297164,-0.007107169370376909,-0.010741978303566069,-0.017809083362795363,-0.015437523551427256,-0.007003348376130092
2021-03-04,0.016455136358696533,0.021472345373628333,0.023601208768365644,0.019797110687321907,0.014633073979305411,-0.001822062379391122
2021-03-05,0.017601123557448528,0.002778173111871551,0.006730807815701756,-0.007031354487361097,-0.03927445269400628,-0.056875576251454805
2021-03-08,-0.010077970228491306,-0.000157148832431242,0.0015810640378146612,0.021604071779212218,0.04235182088762417,0.052429791116115475
2021-03-09,0.0039476393849669725,0.012963366695637146,0.01951966375174019,0.005167458344438536,-0.004983429749191237,-0.008931069134158209
2021-03-10,-0.006043008359220514,0.0004147693008548448,0.006770875946472554,0.005607259952700528,0.03270139901484934,0.03874440737406986
2021-03-11,0.002787353883877208,0.0017435721272439752,0.005776238424205049,0.001147019092076662,-0.0008962859173795134,-0.0036836398012567214
2021-03-12,0.005766841336323536,0.005466173927282514,-0.0018849881832307624,-0.001963842146678896,0.016810445011046938,0.011043603674723401
2021-03-15,0.0050480726629797525,0.0037198426493983416,-0.005670265758110571,-0.005109341054908112,-0.0018618477817476497,-0.006909920444727402
2021-03-16,0.0006620236747912567,0.005533490131509211,0.003684145175499398,-0.0024731241296204963,0.003610772720615163,0.0029487490458239064
2021-03-17,-0.019458235628071086,-0.015295110938559254,-0.006939905005936009,-0.0032437868525165615,-0.013497028328593086,0.005961207299477999
2021-03-18,0.0012328408184345218,0.004118203750822136,0.0015840876854616437,0.0020608111134607808,-0.003353354144060572,-0.004586194962495094
2021-03-19,0.006884133636793055,0.005190888809846717,0.014708007339429563,-0.0009442932111365376,0.00268077318292822,-0.004203360453864834
2021-03-22,-0.005475249007813576,0.0010727720583858292,0.0008187486201099104,-0.017406532904488358,-0.012747657957428804,-0.007272408949615228
2021-03-23,-0.007092257936763191,-0.006311528759967799,-0.008597637199314112,-0.004121726714711116,0.006133830432243148,0.01322608836900634
2021-03-24,0.009370937552465309,-0.0025932847008866,0.00268530746983916,0.008492233558494666,0.00968199687910859,0.0003110593266432808
2021-03-25,0.024790920100303128,0.028414664700151148,0.01199993614160808,0.022594131460924684,0.015740347136839715,-0.009050572963463413
2021-03-26,0.002720291200837943,0.0040081567308819736,0.00047012934387696825,-0.005308770588047429,-5.81257122859169e-06,-0.002726103772066535
2021-03-29,-0.010898417289536689,-0.00827185045210015,-0.0024635496549008985,-0.0005373057617814481,-0.0032780845499951637,0.007620332739541525
2021-03-30,-0.004010715988168423,-0.006303392898395798,0.001308545609963896,0.0004168260322522044,0.020147218144381827,0.02415793413255025
2021-03-31,0.008557155282015661,0.006823727341957853,0.007813895000923454,0.01735761634765156,0.018050323789991364,0.009493168507975703
2021-04-01,0.020299411635341012,0.009673518585773089,0.010210050962468253,0.013813698357951366,0.00545498924819976,-0.014844422387141253
2021-04-05,-0.0015659963012921718,-0.0026310102419206173,-0.00286281644595745,-0.002738271072079035,-0.0024326213968644318,-0.00086662509557226
2021-04-06,0.00604141114845701,0.006796898431533449,0.0011346774119947555,-0.0013665288171446854,0.0011631464044008833,-0.004878264744056126
2021-04-07,0.008513905544312061,0.005675006552697726,0.006702642323015695,0.0020427190532789742,-0.0014146533657646066,-0.009928558910076667
2021-04-08,0.01253741073731035,0.005438526686594525,0.005084581546927458,0.008742152071912746,0.0066612699689449495,-0.005876140768365401
2021-04-09,-0.0020580023586760365,0.000786985169261778,0.0009734106801896014,0.002102972122363489,-0.007413503553330025,-0.005355501194653989
2021-04-12,0.005601283949851288,0.0008743186689921911,-0.0021460677908755168,-0.004878674726222487,0.0009854009523275308,-0.004615882997523757
2021-04-13,-0.010183569690503736,-0.004310778131017145,0.0008267518960793918,0.007361162756976769,-0.002669671640688065,0.0075138980498156704
2021-04-14,0.02036375766061127,0.013160131063138203,0.006310778715110987,0.0013267633268051026,0.014874290957659441,-0.005489466702951829
2021-04-15,0.0047602550381279475,0.007093820997112765,-0.0027055759106862087,0.001647643102853702,0.0023940534851249807,-0.002366201553002967
2021-04-16,-0.008215328163371404,-0.002451085602557479,-0.002915510979003777,-0.0011677918317922753,-0.0048512854846109454,0.0033640426787604587
2021-04-19,-0.0056466497065525865,-0.0054809868359042,-0.007424813294100241,-0.010500152209384305,-0.015168163024821612,-0.009521513318269025
2021-04-20,-6.995986746612947e-05,0.007340062415479365,0.010216956531193555,0.004633539563679579,0.016259491798661773,0.0163294516661279
2021-04-21,-0.008813344254162326,-0.009906580234280682,-0.007170792315033414,-0.013922277034471109,-0.00951693527869787,-0.0007035910245355437
2021-04-22,0.006905057763114819,0.004837386196712456,0.01092199996812614,0.015872446278251538,0.0159870290939631,0.009081971330848282
2021-04-23,-0.002919691989926243,-0.00024807505071197113,0.0008980264656833547,0.005768252748594926,0.0037677741016427847,0.006687466091569028
2021-04-26,0.002513555459663508,-0.001475195205753621,0.004152572546796363,0.0008542672566756116,-0.0009672857816050096,-0.0034808412412685175
2021-04-27,0.005559109134887441,0.0036396484699019794,-0.010546473208695072,0.002382816335645843,-0.01220917913359284,-0.01776828826848028
2021-04-28,0.009533868086089258,0.009786072647901201,0.00847624882605128,0.010565109305337972,0.004366125815385491,-0.005167742270703767
2021-04-29,-0.019013098598622914,-0.010532160989845019,-0.006925059734758443,-0.005886209849197355,0.00022838833850178376,0.0192414869371247
2021-04-30,0.0013829840093513512,0.005952927915044403,0.007197617248419386,-0.0012026400577120344,0.009053447724214958,0.0076704637148636064
2021-05-03,-0.0012896715742849673,0.0012033870656225298,0.0034101301920488104,-0.008324802866672676,-0.014436500969992683,-0.013146829395707715
2021-05-04,0.005869447848112885,0.005083529925024366,0.007667562085126656,0.0055429185207069185,-0.002180889010250131,-0.008050336858363016
2021-05-05,0.010218038941334018,0.011399482311646692,0.011953277649019123,0.008094361317170517,0.008527305925014283,-0.0016907330163197353
2021-05-06,0.007840437575651893,0.007680760563192679,0.005051144565142251,0.003830745183577444,0.006183582124821086,-0.0016568554508308072
2021-05-07,-0.0002831128912614167,-0.0011955501894622468,-0.0005146861075605025,-0.012230475917626327,-0.031206687475254458,-0.03092357458399304
2021-05-10,-0.01894899281231277,-0.014141369913004543,-0.008853235750641064,-0.005352766269467657,0.0033641844712274604,0.02231317728354023
2021-05-11,-0.017413438918243616,-0.010663534340593705,-0.015859105586287846,-0.026002599284669036,-0.02561349644182127,-0.008200057523577654
2021-05-12,0.015466370666352768,0.002389236723067256,0.016785671623709298,0.008528513216185796,0.017825682537286513,0.0023593118709337446
2021-05-13,0.008447887300507384,0.012469352984305881,0.021952931723045976,0.0205724907958023,0.010444749746287386,0.0019968624457800017
2021-05-14,1.3847957379675701e-05,-0.0009627893108341446,0.0006875971185846041,-0.0015535989590193978,-0.004888215044151767,-0.004902063001531442
2021-05-17,-0.014079317711684192,-0.008812136952254824,-0.009550512467559159,-0.00691654679306346,-0.0029512250718758738,0.011128092639808318
2021-05-18,-0.006376665729491649,-0.004173594447518458,-0.0014810709421447354,0.0063159426445771,0.0004310524895488665,0.006807718219040515
2021-05-19,0.005936348915812417,0.007493257047606339,0.009006207188352077,0.014798932429472722,0.01049975371660894,0.004563404800796522
2021-05-20,-0.0015633397204362187,-0.0007695591997620932,-0.0005687552156250387,0.005399009358874063,0.003709306124280831,0.00527264584471705
2021-05-21,0.014294791275590546,0.00970163819201525,0.004313213071854205,0.008408971354422645,0.0056052912244442645,-0.008689500051146281
2021-05-24,0.0015839721707321841,-0.0005823670478838471,-0.0009661808990864107,-0.007568940803619362,-0.004636189587470363,-0.006220161758202547
2021-05-25,0.0033787307182543413,0.0005408318825729785,-0.001358667487789489,0.0012900385733972564,-0.0006622476217667094,-0.004040978340021051
2021-05-26,-0.0041750275512801305,0.010443553052173682,0.005921788510672199,0.007995752201298112,-0.007710030800465628,-0.003535003249185498
2021-05-27,-0.002662219093199725,0.005286231822327725,0.003778297268200381,0.004219371221819246,0.0036582750721525837,0.0063204941653523085
2021-05-28,0.005009501515447557,-0.0009044324128234971,-0.004532586169760111,0.0035924639873536114,-0.015656284667319963,-0.02066578618276752
2021-06-01,0.003460368892568433,0.002871567079455628,0.003990785061772417,0.005429301268193121,0.005639899300744977,0.002179530408176544
2021-06-02,0.006006108659593001,-0.0056098447602357495,-0.0036410155041696314,-0.0023103745013698606,0.0018475418220523566,-0.004158566837540645
2021-06-03,0.00434549511753628,0.007118510554089153,0.012084620540725144,0.006232521313058581,0.010171143074517197,0.005825647956980917
2021-06-04,-0.0010175043420642016,0.004951293450599592,-0.004242361803931438,-0.00386422876404946,-0.001223484195431912,-0.00020597985336771028
2021-06-07,0.0003405301832529073,-0.004476148014170278,0.0008073088888943091,0.0016681339820649233,-0.0032469067635596317,-0.003587436946812539
2021-06-08,0.003468874036157843,0.0011338167904318742,-0.004852159308547899,-0.0040442883737476735,-0.006354335448564674,-0.009823209484722517
2021-06-09,0.013901912001537476,0.008801808040948034,0.002069817579418731,-9.657625755981059e-05,-0.0029695801685747482,-0.016871492170112225
2021-06-10,-0.0043483412543996345,0.0021196158535974783,0.0021184206336529177,0.004935353874871007,0.0021682417687411857,0.00651658302314082
2021-06-11,0.005420136944051257,0.006713717490389792,0.0028895164384039273,5.2545057005326524e-05,-0.009399985891448637,-0.014820122835499893
2021-06-14,-0.003686702525327823,-0.004635740995793702,0.0003583806018223834,-0.002039642154652366,-0.0024152810142468173,0.0012714215110810057
2021-06-15,-0.002706437255077865,-0.0038447703975846735,-0.011106434233307793,-0.0050250443953323235,-0.011279571847867787,-0.008573134592789921
2021-06-16,0.017066130446261818,-0.0037034244867611642,0.008936923086375292,-0.011759021653281798,-0.01026396620857043,-0.02733009665483225
2021-06-17,-0.003404343926885112,-0.01510320030474881,-0.018586980413710163,-0.016485782960163297,-0.020517854738125417,-0.017113510811240306
2021-06-18,0.00018010104664057948,0.012129762861928772,0.015810044819753788,0.026209384531390524,0.017217285497170453,0.017037184450529874
2021-06-21,0.01410912318486519,0.0035026056874741585,0.0028396137783256226,0.002659390894617297,0.0022836965542699537,-0.011825426630595236
2021-06-22,3.0824263059747727e-05,-0.002683998125087883,-0.0009459733935402337,-0.004531400359122917,-4.515814620128511e-05,-7.598240926103284e-05
2021-06-23,0.0042838735190955605,0.008226758376629884,0.016184340770078708,0.009668991155800133,0.008669926253283,0.00438605273418744
2021-06-24,0.004275419527420577,0.0005712796535961462,0.004561182289383759,-0.002113095725461589,0.00532017820824573,0.001044758680825153
2021-06-25,-0.006683303162608056,-0.0038757599882051964,-0.0023598305325142734,0.01214341321055722,0.008574614947153513,0.01525791810976157
2021-06-28,0.0019989789365481682,0.003575579352748326,0.0027313775315667478,0.0005947269714125847,3.9744314385026236e-05,-0.001959234622163142
2021-06-29,0.004356132574912896,0.00024720090993929356,0.002599547274473213,0.010317504829905667,0.0011063919572610547,-0.0032497406176518417
2021-06-30,0.00023158209311006095,0.005517679303899237,0.004520513703987894,0.005959337676289233,0.00776796435423639,0.007536382261126329
2021-07-01,0.006211378492126729,0.005696208247891754,0.010155708371119464,0.007384139127673062,0.006494985712441481,0.00028360722031475164
2021-07-02,0.002749686250610517,0.0024038810386105116,-0.004854273918219354,-0.0028835945389439786,-0.014945276593123124,-0.01769496284373364
2021-07-06,0.006326390357809996,0.001814492047543359,0.004011680892046232,0.002339888883319219,-0.0044626009511954945,-0.01078899130900549
2021-07-07,-0.004840445456293729,-0.006358632278188681,-0.007210008756988029,-0.009566774289481716,-0.01591081815870815,-0.011070372702414422
2021-07-08,0.00782468129942836,0.00043205936895942545,0.00950288220780574,0.01676333821072562,0.026924026838461134,0.019099345539032773
2021-07-09,-0.00222682232396344,0.003644563872573214,1.4726641282925e-05,0.005079197890769049,0.008738959606854956,0.010965781930818395
2021-07-12,-0.0011318937461981982,-0.0005720773722995398,0.0018657462599126374,-0.007998938587397952,0.0003044599729482789,0.0014363537191464772
2021-07-13,0.010805715468328658,-0.0004128542662837686,-0.0005600576113427902,-0.008147019437253789,-0.002336148813779637,-0.013141864282108295
2021-07-14,0.0017333572939319919,-0.0045600852347776446,-0.0029170191068021655,-0.005866033766915135,-0.0028319384303335028,-0.004565295724265494
2021-07-15,-0.004648771997058598,-0.014572277646194254,-0.004176542792603955,-0.006344479318078189,-0.010416827145764007,-0.0057680551487054085
2021-07-16,-0.021675393551278878,-0.010971635281498093,-0.012731547531666687,-0.013540170765617898,-0.014745470353736512,0.0069299231975423654
2021-07-19,0.005421836844097949,0.01142997447050217,0.014021711625324795,0.010928721420734722,0.027156093325190887,0.021734256481092937
2021-07-20,0.0018280608574343326,0.0022342846127218706,0.01823559010372875,0.01056295502113439,0.021915384007474902,0.02008732315004057
2021-07-21,-0.004281444209737117,0.0011091743144744926,0.005554394979782318,-0.004114663704955846,0.0007786547667311461,0.005060098976468263
2021-07-22,0.0033220858795187545,0.020792119070222236,0.00742670404639052,0.00700996574290077,0.006628023341418865,0.0033059374619001103
2021-07-23,-0.0009455047691463881,-0.0016379714146371072,0.0015304479509037684,0.0024978324304078202,0.0057026924203321,0.006648197189478488
2021-07-26,-0.0035710040114617426,-0.0009331103132868446,-0.0016108855014962619,-0.003041766568781812,-0.004364075598565731,-0.0007930715871039885
2021-07-27,0.010668901498500338,-0.00764681119084486,0.002633370175168481,-0.0015746945210731278,-0.0019217351076262878,-0.012590636606126625
2021-07-28,0.001770886944394423,0.001536177316984122,0.0074425193719304785,0.013027456408353122,0.011030810869409314,0.00925992392501489
2021-07-29,-0.0008747847993010649,-0.006586826810704771,-0.0021957001659852703,-0.009980190437539305,-0.0026880668673288644,-0.0018132820680277994
2021-07-30,0.0022832859283237307,-0.005796936906781925,-0.001368461231946394,-0.005632026500068055,-0.0036469744993718246,-0.005930260427695556
2021-08-02,0.01236169701718628,0.008022096364749454,0.009806603075473253,0.005743972704912148,0.0037683546633981322,-0.008593342353788148
2021-08-03,0.006348856734918307,-0.0013946188096389477,-0.007281828695055481,-0.012916609417769908,-0.0011904113657211113,-0.007539268100639418
2021-08-04,-0.006304912638830517,0.008866269570688678,0.01525606569268223,0.007377498630080859,0.009145792034356304,0.015450704673186821
2021-08-05,-0.006449812186402304,0.006073442609664958,0.007799807936740189,0.007302524840720992,-0.0004905492886521756,0.0059592628977501285
2021-08-06,0.00711116157037941,-0.0032532168551487107,-0.004931243939783725,-0.0007605485080663388,-0.005080413644369663,-0.012191575214749072
2021-08-09,0.01412539996408797,-0.00033851059356212467,-0.0025963490333403504,-0.0005225933300841534,0.003909261238273387,-0.010216138725814582
2021-08-10,0.008102053185829594,0.0002537416579738605,0.0002549147842124122,0.0024951895957207038,0.003736258295612105,-0.004365794890217489
2021-08-11,0.0016189306783206848,-0.0029893997244349268,0.004197839236182966,0.005759871290806051,0.003271882380424973,0.0016529517021042883
2021-08-12,-0.008747692164389287,-0.000338358865755406,0.0026127558473865832,0.0054484895760460225,0.00779722908868723,0.016544921253076515
2021-08-13,0.002003221199180549,0.006013289271505506,0.0028983277939642173,0.004264722526928344,0.001571294712468041,-0.0004319264867125082
2021-08-16,0.0009610242050225426,-0.012456946992341645,-0.0036374399249915258,-0.008443044404825828,-0.011160104348936406,-0.012121128553958948
2021-08-17,-0.013871760180043703,-0.012865226989453516,-0.014252279925397127,-0.013130092819966388,-0.00048574681691210264,0.0133860133631316
2021-08-18,0.013944724859728174,0.010901447487502259,0.0028771593995477575,-0.003297266804671051,-0.014472146160468612,-0.028416871020196785
2021-08-19,0.007594785368972734,0.009019943815796239,0.008851734900718023,0.007274249295125668,0.004932785731480105,-0.002661999637492629
2021-08-20,-0.002216971762176312,0.007233511322816399,0.008375779188716726,0.01234409509779425,0.016721094041291008,0.01893806580346732
2021-08-23,-0.0018298991838533118,-0.006753079408179907,0.0032260870807953035,0.00694308382422516,0.00241597737374849,0.004245876557601802
2021-08-24,0.003976629129434572,0.006633257274581028,0.0031976993501312,-0.0036003020546462984,0.004724303036280608,0.0007476739068460357
2021-08-25,-0.00033791144188373147,-0.0026078558284129082,-0.0052403640882237815,-0.007803125388174281,-0.0060552007096549175,-0.005717289267771186
2021-08-26,0.01177776908296524,0.017224626881102954,0.007987590510717835,0.005393832442810298,8.637769692522168e-05,-0.011691391386040018
2021-08-27,-0.004727504770818458,-0.005403443865485002,0.0014026138284103152,0.007738826428464541,0.006705068145440518,0.011432572916258977
2021-08-30,-0.0004600975396097828,-0.001126772582085178,-0.0011601081994882857,-0.004350400458850878,-0.0021873750241484303,-0.0017272774845386474
2021-08-31,0.0031192351456982405,-0.005774959437273575,0.0009340526766561053,-0.003533813814315201,-0.001236293154272794,-0.004355528299971035
2021-09-01,-0.00018084035943485288,-0.00025667599309968646,0.00641433121121795,0.004834107139395083,0.0029177114295503735,0.0030985517889852263
2021-09-02,0.003648794790735421,0.0014636350841718327,0.002545099845670229,-0.0033561371719203594,-0.006231205552824493,-0.009880000343559913
2021-09-03,-0.0009103828859256646,-0.00824603285563925,-0.007895760095535952,-0.006457605892344865,-0.0029223771988212245,-0.0020119943128955597
2021-09-07,0.004149470748305262,-0.00835148997579983,-0.002942850557325338,-0.003938487348714203,0.004082749731034474,-6.672101727078772e-05
2021-09-08,-0.004658414499721641,-0.0038320751314924184,-0.0022441467304819217,-0.008994601010017778,-0.005185437871257026,-0.0005270233715353847
2021-09-09,-0.0025725947279653496,-0.002958601998928978,-0.004571975522019545,-0.006196621461812479,-0.004852341067532184,-0.0022797463395668347
2021-09-10,0.000389625993236975,-0.002853891547690157,0.009904472782345708,0.005954601170230056,0.0028621584768117937,0.0024725324835748186
2021-09-13,-0.00913081069665087,-0.015063322858304884,-0.009101328551907383,-0.003650421211961352,-0.0036892160986410016,0.005441594598009868
2021-09-14,0.01009233913904134,0.007841833909342988,0.00245849543572072,0.01206104726106696,0.0073332564575902094,-0.0027590826814511303
2021-09-15,-0.00316454315239727,-0.0027608338824187673,-0.0021620001434553672,-0.0010202706475578305,-9.17808569369849e-05,0.003072762295460285
2021-09-16,-0.005199854069147436,-0.007013900651338656,-0.008508951545169086,-0.0072987415760143335,-0.003811427360935593,0.0013884267082118432
2021-09-17,-0.018669299065629984,-0.018054561676743942,-0.014354475836283343,-0.015929114608745555,-0.016901673783060223,0.001767625282569761
2021-09-20,0.00486723528462032,0.0012614209725410163,-0.003841452416047253,0.0015345136471041298,-0.004507105150635282,-0.0093743404352556
2021-09-21,0.011753545116680808,0.007592307719874436,0.012903799800925597,0.00973125655433681,0.006301590827154757,-0.005451954289526051
2021-09-22,0.016293375126350495,0.028633296742788937,0.01881147346840608,0.006720447580265787,0.012732336421985114,-0.003561038704365381
2021-09-23,0.010869405617958527,0.004535390369419201,-0.0025491853820902577,-0.0007753400443033076,0.003589103160668705,-0.007280302457289821
2021-09-24,0.006050198787505434,0.002207679343548774,-0.000732988729901185,-0.0006863784705781417,-0.008049958118590338,-0.014100156906095772
2021-09-27,-0.013570867272051534,-0.020034865711305673,-0.016565271432740426,-0.02609014106217792,-0.016563704436692018,-0.0029928371646404835
2021-09-28,-0.0038799573876740047,0.0010742064353249981,0.004250419675752559,0.005943695788003545,0.001349587690293741,0.0052295450779677455
2021-09-29,-0.022176034706384518,-0.014290501486658513,-0.00883983719911352,-0.008690442433995905,-0.005411224311254392,0.016764810395130125
2021-09-30,0.02587855103187875,0.014293811673897783,0.010194583206061791,0.005657034741348155,0.00543574517602603,-0.02044280585585272
2021-10-01,-0.0009867553488911106,-0.011689305740747603,-0.015959486828454238,-0.019463368416063963,-0.016643017532093685,-0.015656262183202575
2021-10-04,0.007632591785230536,0.010669543898243549,0.013042793847743872,0.014096035661313589,0.01682215358417578,0.009189561798945244
2021-10-05,-0.0023107255836926966,0.005121303964270274,0.005756920144610466,0.0036344675953967733,0.004437875631790667,0.006748601215483364
2021-10-06,0.0065789328655336266,0.005462555355183307,0.010600521395379292,0.009521826536309974,0.013528592923666583,0.006949660058132957
2021-10-07,0.003126417919992841,0.0007331333755009828,0.0035180957452768725,-0.003841294734372447,0.000424532641829789,-0.002701885278163052
2021-10-08,-0.004721443728723729,-0.005524140212255191,-0.006072277985899344,-0.008589244006220765,-0.009275919089572527,-0.004554475360848798
2021-10-11,-0.004441200883692498,4.397546567225241e-05,-0.003208585913836437,-0.005057704488874093,-0.00728871978129324,-0.0028475188976007423
2021-10-12,0.007488238186732854,0.0061586155787131894,-0.004210537041284812,0.0018055348701917606,0.0008810654731681078,-0.006607172713564747
2021-10-13,0.01855511795726872,0.016839714910642532,0.013013158558277416,0.012658782340963636,0.018998162095827765,0.00044304413855904626
2021-10-14,0.006917158126724265,0.012147068518037795,0.001645872420299832,0.017129143656607983,0.013048033889102107,0.0061308757623778415
2021-10-15,0.005186628966966122,0.006003921402530854,-0.0003149482595463327,0.0038546660582759796,-0.0011634045315134568,-0.0063500334984795785
2021-10-18,0.005996104917070144,0.00927184322496064,0.009613923456127526,0.010600600871171362,0.010363272863637075,0.004367167946566931
2021-10-19,0.002611957724012981,0.003322867222645287,0.0003566051118586655,0.0015360055143954666,0.006167419758244775,0.0035554620342317937
2021-10-20,0.009604529951448304,0.001556627121832399,-0.004206949727809106,-9.5574331871906e-06,0.0029104976508525946,-0.00669403230059571
2021-10-21,0.0026200260217638326,-0.004963846250445425,0.013600268012046446,0.007319478626645381,0.001227091259621449,-0.0013929347621423837
2021-10-22,0.0039022758777978337,0.005006343093332244,0.0005180874621268927,0.0062073238291212585,-0.0007766940623942786,-0.004678969940192112
2021-10-25,0.0017794520955322524,0.002727140612503376,0.009622538391208912,0.004646965917710066,0.0026759221864249396,0.0008964700908926872
2021-10-26,-0.0024888898367923184,-0.010255942871434864,-0.014852166238934195,-0.006383936785488065,-0.0060696405844828496,-0.003580750747690531
2021-10-27,0.005304911560131631,0.00992251520502021,0.010578989478697653,0.00981012375776934,0.006338279954218195,0.0010333683940865644
2021-10-28,0.00987896397921879,0.007417573195149296,0.005373661884302094,-0.004991407515695578,0.005076912383171139,-0.004802051596047651
2021-10-29,-0.0052912484951699425,-0.005567156455971245,0.00271480933348639,0.006825026192804851,-0.00029523860017600657,0.004996009894993936
2021-11-01,0.006699093750881013,0.00781509012889412,0.00708292831880295,0.004419750752834084,-0.001377254665014449,-0.008076348415895463
2021-11-02,0.008082002385028852,0.008809509785205227,0.001246283588942354,0.003541627607164499,0.003923226108666811,-0.004158776276362041
2021-11-03,0.034181226116347566,0.00272059672252728,0.004126003185768534,-0.00708929322815377,0.004219748326265571,-0.029961477790081993
2021-11-04,-0.004894635293334249,-0.00604005088967785,0.004469152897051276,0.005716529112166513,0.003643209589785601,0.00853784488311985
2021-11-05,0.00823119710783351,-0.004295557212871215,0.0022395684502684032,0.008445473019921833,0.010115087740552364,0.001883890632718854
2021-11-08,0.0014008374706589223,-0.0036616475730084086,0.00196868857847281,0.0010333273693618472,-0.004546608714546496,-0.005947446185205419
2021-11-09,-0.021184122715067276,-0.007397340557171839,-0.0060712621726834335,-0.004167546436844638,0.0001726158804744915,0.02135673859554177
2021-11-10,0.004184496139387472,0.0008072411464269625,-0.006102579464549651,0.003275334724229806,0.004308707755109942,0.00012421161572246948
2021-11-11,0.00792095787562892,0.0010701070707504923,0.006759626660844398,0.014010967190785272,0.00562115441755393,-0.002299803458074989
2021-11-12,-0.0041515509606770305,-0.0020354689518289003,0.0025630821189925657,0.0014530436820058834,0.002065142355896188,0.006216693316573218
2021-11-15,0.010935232527172888,0.006373006970940287,0.006975615773040844,0.0020716616949509547,-0.002468079774285281,-0.01340331230145817
2021-11-16,-0.0025812156318473444,-0.004112246215276227,-0.008842819784191658,-0.005493796060474054,-0.0083334251540228,-0.005752209522175455
2021-11-17,0.008762239489115854,0.0022504138801340166,0.005277918035081652,-0.008491472749059004,-0.003324441638295961,-0.012086681127411814
2021-11-18,0.004176375919923947,0.003052033176117297,-0.007903589309225545,-0.014985800415498296,-0.00832848919023873,-0.012504865110162678
2021-11-19,-0.010717678595288193,-0.003867503308351161,-0.00958562236755266,0.0008318145251121067,0.013059621889171313,0.02377730048445951
2021-11-22,-0.003419252082710733,0.004024820913029181,0.012370366225080509,0.007935321785888827,0.009393443839311056,0.01281269592202179
2021-11-23,0.0006851265308473575,0.0002030110582355804,0.0072076044941201236,0.0019641415034632238,0.006582321312075612,0.0058971947812282545
2021-11-24,-0.022897408015983122,-0.02713308799605931,-0.026407630277031892,-0.021228437656608513,-0.0216880617898604,0.0012093462261227213
2021-11-26,0.004134664684746658,0.015537931410071593,0.012788614833349,0.005107074701703351,0.016644049624618372,0.012509384939871714
2021-11-29,-0.021935351269372093,-0.015764711235978158,-0.021082903392437957,-0.024463757604807023,-0.022414891538110493,-0.0004795402687384001
2021-11-30,-0.015611307052511524,-0.005493273184361902,-0.020644423767776143,-0.005421123536785322,-0.010860230034430018,0.004751077018081506
2021-12-01,0.009056385275629597,0.009386777581449046,0.01810418436963742,0.020289260626545867,0.019390921799786465,0.010334536524156867
2021-12-02,-0.010082017561628298,-0.011590870021743771,0.0009616594416255175,-0.006921516670123362,-0.007257890499644181,0.0028241270619841167
2021-12-03,0.014284273240907952,0.012810034374593405,0.018453826378705705,0.005146168037739496,0.01181006624728712,-0.002474206993620831
2021-12-06,0.012166396099236698,0.01483703848834721,0.02158668792166838,0.016441670824286613,0.02799964914635722,0.01583325304712052
2021-12-07,0.0019859020755549016,0.0016587050822798766,0.0002971811871718799,-0.005463327290712705,0.002345148853856849,0.00035924677830194733
2021-12-08,0.0038536662595548554,-0.0009940182315707924,-0.0006873831202444447,-0.008318241897792622,-0.012285343116286073,-0.01613900937584093
2021-12-09,0.01613403210941069,0.008880107366521738,0.004553304921940826,0.013495804086403529,0.017848527171973928,0.0017144950625632392
2021-12-10,-0.0028620863468707515,-0.0014947583011779564,-0.0077407726557734095,-0.006823403603689759,-0.018542379796657172,-0.01568029344978642
2021-12-13,-0.011091176448270767,-0.007832208347941082,-0.010905220510111235,-0.0011543952015848013,0.004854907118645735,0.015946083566916503
2021-12-14,0.017370837176421107,0.030368913603634185,0.01500570368741444,0.006187196030810293,0.02584901578912967,0.008478178612708564
2021-12-15,-0.0007730100381537319,-0.0029184394548543934,-0.0010831039410021726,-0.006181392412743669,-0.012594770259408606,-0.011821760221254874
2021-12-16,-0.02332057368971897,-0.007737518623550299,-0.016327126381966973,-0.018112722469624587,-0.011574880859409276,0.011745692830309695
2021-12-17,-0.008569296299562346,-0.011043158843917178,-0.013215563130565312,-0.014361288683392892,-0.008699875778331801,-0.0001305794787694551
2021-12-20,0.01295448429996494,0.014155294811008556,0.01524336314514756,0.01941714456061887,0.01421019152734897,0.00125570722738403
2021-12-21,0.01175183012691613,0.009291314780803538,0.006571514138740664,0.008529810217407664,0.0038659530944056496,-0.00788587703251048
2021-12-22,0.005615936906455376,0.004340869618013876,0.005873729420386442,0.005659465196396607,0.005456041373326437,-0.0001598955331289396
2021-12-23,0.020469193409488672,0.008706247808193424,0.012905364446732315,0.014609263245888737,0.007545406540587174,-0.012923786868901499
2021-12-27,-0.001981170512159347,-0.00160597667193767,-0.0008497993267731485,-0.0006970761465160069,-0.000564621368456908,0.001416549143702439
2021-12-28,-0.0017797764774468926,0.0034695488308248866,-0.002593717161072551,0.001815570726517568,-0.0011781026584813392,0.0006016738189655534
2021-12-29,-0.002643639157371591,-0.0024193952193135916,-0.0038523018813502174,-0.0038419283238961487,-0.0024667103772158527,0.00017692878015573843
2021-12-30,-0.0012510942765948552,0.0007140433743387908,9.559935789363872e-05,-0.005109761593476192,-0.004522433577789098,-0.003271339301194243
2021-12-31,-0.006625566849029263,-0.0035812776885157938,0.017038015102113745,0.014164605187353851,0.014786934431597332,0.021412501280626595
2022-01-03,0.021368881256891202,0.009628333412855305,0.009244609900723389,-0.00662272978927021,-0.0126847019145222,-0.0340535831714134
2022-01-04,-0.0063540171321875725,-0.006326513647044707,-0.0059686940530478405,-0.03062902658325296,-0.027457464977061075,-0.021103447844873502
2022-01-05,0.010035713539521351,0.004535836155130102,0.00045081185328790243,-0.010567084603605448,0.0003466754989928544,-0.009689038040528496
2022-01-06,0.012693730943736426,0.0003991770904484881,-0.005097472145142246,-0.012173851186165752,-0.010982872148939293,-0.02367660309267572
2022-01-07,-0.005265604549245439,-0.0007197050042395458,-0.0036602485044931465,0.000407382377937382,0.00445281760877333,0.009718422158018769
2022-01-10,0.011957057976370245,0.006817077195744314,0.006855869749431476,0.006239863805714274,0.012238783517863583,0.00028172554149333805
2022-01-11,0.000708159651791207,-0.0030256647403956614,-0.0060449389591351824,0.006014573646987242,0.004408677116142024,0.003700517464350817
2022-01-12,-0.004349934615656003,-0.011386740582605259,-0.017807663171984935,-0.008784930280258951,-0.018360599485618877,-0.014010664869962873
2022-01-13,0.008141347560951495,-0.008519860738227114,0.009133297064062606,-0.0039776513069953,-0.012356868731784754,-0.02049821629273625
2022-01-14,-0.01852986279257558,-0.008839027346836148,-0.024591498921619336,-0.02308077310415515,-0.01830890635446979,0.00022095643810578908
2022-01-18,-0.012479335600133302,-0.011337720427992592,-0.005730508212300267,-0.007279013371486831,-0.0054949623232899425,0.006984373276843359
2022-01-19,-0.004054792826554965,-0.016861371895514,-0.016138139189416912,-0.013493785641043254,-0.005947456047443211,-0.0018926632208882462
2022-01-20,-0.014405303481826514,-0.018299637737729156,-0.02974705408988292,-0.014190795602875172,-0.013190077388004906,0.0012152260938216083
2022-01-21,0.0034141375913562698,-0.004585546795628559,0.003659219452373752,-0.0036426499659979574,0.007432331811587589,0.004018194220231319
2022-01-24,-0.010213166959757524,-0.0035304285265454816,-0.018855789228365782,-0.005201194305275969,-0.004470957446489843,0.005742209513267682
2022-01-25,-0.001646822462801545,0.00530441997478438,-0.0029194058377610133,0.00867591174109742,-0.00903825306963485,-0.007391430606833305
2022-01-26,-0.007333803380521742,-0.005121088908596005,0.002304163059781872,-0.0033858440975656824,0.002853509523787967,0.01018731290430971
2022-01-27,0.014027486549168222,0.02472866411928195,0.02278079613159397,0.029919683170871812,0.022300457634557548,0.008272971085389326
2022-01-28,0.01043325979136368,0.01070557201165252,0.013277246518633646,0.030163503835553673,0.025009124889175616,0.014575865097811936
2022-01-31,0.007813832748986338,0.020246709073380453,0.007762174980983116,0.006867874429268461,0.0118840898645172,0.004070257115530862
2022-02-01,0.008642452005048363,0.005983420752949387,0.007208747949539696,0.01665312124244369,0.013872539335644852,0.005230087330596489
2022-02-02,-0.014520810652288597,-0.014491695639382251,-0.04648436844130377,-0.024047116750298025,-0.024740091943736754,-0.010219281291448157
2022-02-03,-0.007222781078871421,0.0031119613245598867,0.004949197099292391,0.00697557413494484,0.01959979387696903,0.02682257495584045
2022-02-04,-0.002959887623154933,0.004976650611104527,-0.005127152766295495,-0.0020449528043492314,-0.010263388131309014,-0.0073035005081540805
2022-02-07,0.007682287526575515,0.013894082463303769,0.002299860671420495,0.01225487201814367,0.002993475126028855,-0.004688812400546661
2022-02-08,0.0032825320771830866,0.01574864552724401,0.01089172017736464,0.009566384857626786,0.020123524408378037,0.01684099233119495
2022-02-09,-0.01562901569891917,-0.016670161169225383,-0.015255823175070038,-0.030329118427710855,-0.018675986725886738,-0.0030469710269675696
2022-02-10,-0.025490886901072308,-0.0230472026841675,-0.019813229628350804,-0.018338448302414833,-0.014857810604713006,0.010633076296359302
2022-02-11,-0.006049423459488034,-0.003475001899489949,-0.0008505195517454544,-0.007856733150465024,-0.004599600893244915,0.0014498225662431191
2022-02-14,0.023073886391558395,0.014706113625254359,0.014078023418501784,0.020780177236918718,0.009258041360762127,-0.013815845030796269
2022-02-15,0.0014640332496958953,-0.005583259952002639,-0.005982977842224369,0.0022714318558040513,-0.002125373114510498,-0.003589406364206393
2022-02-16,-0.02484819914853905,-0.022932977773882635,-0.018824604082551044,-0.01884808616264074,-0.015507773844683848,0.009340425303855203
2022-02-17,-0.00540209035070569,-0.010069318683466477,-0.0011282061561564971,-0.004673926746009316,-0.012109513483986579,-0.006707423133280889
2022-02-18,-0.007339447276861255,-0.017163433264486393,-0.007812837914253846,-0.004478096581481838,-0.004298021219118486,0.0030414260577427688
2022-02-22,-0.017147245471773088,-0.01898288799421949,-0.021216181135979673,-0.007899004059238036,-0.012528940567315506,0.004618304904457582
2022-02-23,0.010279643380799975,0.009533961967310678,0.017444126685749673,0.023789072126676202,-0.006343804007462583,-0.016623447388262557
2022-02-24,0.017621159678940623,0.020178083015645786,0.02418173561918313,0.0293060228400726,0.028808524386286737,0.011187364707346114
2022-02-25,0.010095254695051226,-0.005038655142462966,-0.003228144775732733,-0.012127292035392178,-0.012648283151121875,-0.0227435378461731
2022-02-28,-0.01149341785291994,-0.01623778170190222,-0.018096362076422477,-0.017365500423676107,-0.023372748186835678,-0.011879330333915738
2022-03-01,0.014928612841585276,0.013374089667098054,0.01702038438370157,0.025199891056100654,0.015995720763683784,0.001067107922098508
2022-03-02,0.0038433193113423746,-0.002845366972747276,-0.006726729002329901,-0.011178967693343655,-0.009917075315511104,-0.01376039462685348
2022-03-03,0.007882368240038785,0.0017137484955676795,-0.011278932792683738,-0.02047807119963534,-0.017365778889446147,-0.025248147129484932
2022-03-04,-0.007213848014069812,-0.008142157721104238,-0.03214399593838353,-0.04354057966080345,-0.04364559860544513,-0.03643175059137532
2022-03-07,0.005375175712450941,-0.010344502375053622,-0.017405245411439053,-0.006701107065054035,0.0032893033761127064,-0.002085872336338235
2022-03-08,0.0030820034918145,0.017287186536454315,0.03501417511456091,0.04224224171789141,0.03389999956799037,0.03081799607617587
2022-03-09,0.0012142365886841922,-0.0014006785214922047,-0.014112926531654168,-0.004446676778982428,-0.004531993418169344,-0.005746230006853537
2022-03-10,-0.006765500027655269,-0.00725529303204987,-0.01390265799720708,-0.00842943998289999,-0.008479892819583768,-0.0017143927919284988
2022-03-11,-0.004353819562033267,-0.003984303729666972,0.001456217706090035,-0.006185873628444916,0.002126582281798939,0.006480401843832206
2022-03-14,0.015477735421892513,0.015301773881468394,0.033168752603792685,0.026106389263725015,0.015821582568112235,0.00034384714621972165
2022-03-15,0.01499280248706324,0.017096435296904543,0.020527635419621205,0.021158056006960368,0.03066855537702855,0.01567575288996531
2022-03-16,0.011865525134112409,0.015376693430568267,0.011322076991702068,0.006724183075680035,0.016408671160844168,0.004543146026731759
2022-03-17,0.00988377315363963,0.0026197752997057845,0.008569752588009728,0.021097174762849467,0.011388039137688755,0.0015042659840491246
2022-03-18,-0.005706828460649604,-0.0023362681385363905,-0.009055481345714555,-0.0061820787283527355,0.012206684414815405,0.01791351287546501
2022-03-21,0.00472288721747619,0.0076249776479063724,0.010281553606987803,0.01405389934433795,0.009125501772740852,0.0044026145552646615
2022-03-22,-0.007783006844051999,-0.02462549007436423,-0.012171647283426224,-0.016878635726119882,-0.02086348749885829,-0.013080480654806293
2022-03-23,0.007373045552470181,0.011791766791363201,0.01701405455947521,0.0147766172401133,0.015888655485366675,0.008515609932896495
2022-03-24,0.007346038993817005,0.003933403148277781,0.004059901920137032,0.00427209337390595,-0.0012847303101580555,-0.00863076930397506
2022-03-25,-0.003239804794959322,0.0025587718689442317,0.005946425763278029,0.007976509738351756,0.009966654716497247,0.013206459511456568
2022-03-28,0.007150146181455786,0.0034778641559071732,0.009669796332118563,0.02224095883439734,0.015168086063406893,0.008017939881951108
2022-03-29,-0.003388859342984918,-0.0035119888954372237,0.0007618197217479139,-0.01271296957863104,-0.016561412167801902,-0.013172552824816984
2022-03-30,-0.006774188820777882,-0.013259516633237,-0.010951062992910866,-0.027758068504684395,-0.025095644343071665,-0.018321455522293785
2022-03-31,0.006894305372894249,0.010049896034185667,0.000986246115978273,-0.0033629510408993203,-0.004180948167215526,-0.011075253540109775
2022-04-01,0.007809309378432827,0.0008333460904513035,0.017273106025591966,0.006577916079914525,0.005230194979764536,-0.0025791143986682915
2022-04-04,-0.007693252600880362,-0.012438261585070554,-0.010846733966968525,-0.014566873228104993,-0.01269241762917247,-0.004999165028292108
2022-04-05,0.00395851185911571,-0.004802432601885787,-0.003737578769252936,-0.014886075983732849,-0.01984444174755089,-0.0238029536066666
2022-04-06,0.012607262564537824,0.006028203810769883,0.00286946594933869,0.007116382032035906,-0.004493455100781973,-0.017100717665319797
2022-04-07,0.0051271635606713,0.0007795558214672594,-0.0013872408310963368,-0.0029253681623444884,-0.006079529693803676,-0.011206693254474976
2022-04-08,-0.014857497295237432,-0.018372137211528628,-0.012787259194650702,-0.011923428728572872,-0.02040469213938262,-0.005547194844145186
2022-04-11,-0.004553572795473115,-0.007211586810010317,-0.0009094315893505179,-0.0076932334979234575,-0.004662369948813883,-0.00010879715334076792
2022-04-12,-0.0032399463239912384,0.013441921028689907,0.005404429661142707,0.011090252469860007,0.018372864240523236,0.021612810564514473
2022-04-13,-0.0002957645357127281,0.000909956703798609,-0.010069201663755013,-0.0192347431672537,-0.0201277310617204,-0.01983196652600767
2022-04-14,-0.007963584073457852,0.006977110610870474,-0.003804805664867905,0.002468835141222392,0.0007296198936655007,0.008693203967123352
2022-04-18,0.015798255617075728,0.011285393195295423,0.02009723506397394,0.014942396874484409,0.01703745857951272,0.001239202962436993
2022-04-19,0.007538281818504178,-0.00022513369773433656,0.011554275023659799,-0.03805125389083034,-0.0058686733160331905,-0.013406955134537369
2022-04-20,-0.0072701922102599405,-0.013604626366071671,-0.010055437721262817,-0.023477545382832886,-0.0264955806082372,-0.019225388397977262
2022-04-21,-0.03198440142505834,-0.0236133312812283,-0.030977892039123257,-0.02321912748452848,-0.02868394475987679,0.003300456665181549
2022-04-22,0.005419988855011793,0.012968660644872376,0.007924701320495598,0.007353026332628776,0.0004224953647984142,-0.004997493490213379
2022-04-25,-0.019955791134770362,-0.037430827098547816,-0.0272840627411128,-0.026418568391288533,-0.023028390350657256,-0.003072599215886894
2022-04-26,0.003751353080409703,0.002413412130803705,0.0021074155663787786,-0.0034988592554569763,-0.00422662836914115,-0.007977981449550853
2022-04-27,0.04263974193500057,0.027021470690444284,0.0373430075145736,0.021125083695100334,0.01896632570240079,-0.023673416232599782
2022-04-28,-0.036526270442348394,-0.04245156979539042,-0.028590997642148896,-0.034420918555453095,-0.030885971386739174,0.00564029905560922
2022-04-29,0.012668881831889389,0.011265449415686546,7.595417466271792e-05,0.017235166211659325,0.0005020203317860795,-0.012166861500103309
2022-05-02,-0.0018328411358494168,0.004067377609869383,0.008514223749591866,0.0028067752316660254,0.004849711923344602,0.0066825530591940185
2022-05-03,0.04305586997037185,0.03301973885210365,0.03217510437543112,0.02690880048821982,0.022743077134343183,-0.020312792836028666
2022-05-04,-0.032985007900405094,-0.04099555637533343,-0.04282657300484714,-0.021725297412620102,-0.0342911920946789,-0.0013061841942738073
2022-05-05,-0.005469795274174838,-0.00353214251247812,-0.0033456393249189365,-0.010593658645800853,-0.005537777027415325,-6.798175324048729e-05
2022-05-06,-0.04638753723654513,-0.02070076629117341,-0.034016121461696004,-0.015042744055500979,-0.030989527299457188,0.015398009937087943
2022-05-09,-0.007159627025293258,0.007274941610332297,-0.0028406267335058357,0.01157548033199599,0.009692639234367539,0.016852266259660797
2022-05-10,-0.013977479288697237,-0.012355999741224099,-0.014367695641524481,-0.02285675779384917,-0.005290349745592482,0.008687129543104756
2022-05-11,0.0027994713542084716,0.0008508961105612057,-0.003837637909960867,0.0012483348184295973,0.00405541412015995,0.0012559427659514784
2022-05-12,0.01530924407549602,0.02244889110158379,0.026127562999800326,0.028883205178004422,0.02192163637767388,0.006612392302177859
2022-05-13,-0.0012715326893958934,-0.004790883277747205,-0.0068989936116645055,0.0041021138498675835,-0.002970483856946904,-0.0016989511675510106
2022-05-16,0.02446228483822709,0.0198917989809421,0.02043972273772481,0.011290299896164913,0.020662691966048786,-0.0037995928721783027
2022-05-17,-0.025806132364300516,-0.036586181576230815,-0.03176967401426466,-0.04684343438176949,-0.05531405619214284,-0.02950792382784232
2022-05-18,-0.000188567135063622,-0.0014991836969761919,-0.021258014277234016,-0.004682228049873216,-0.013887651729705908,-0.013699084594642285
2022-05-19,-0.00198421222058901,0.0034085520657271885,0.002880924418517827,0.0023704593940106376,0.01119455426613114,0.01317876648672015
2022-05-20,0.020172665035099957,0.017153981820410103,0.0219742055143907,0.01768145819532898,0.01944406987423707,-0.0007285951608628875
2022-05-23,-0.00511034414938819,-0.009073283737956694,-0.00565739883012466,-0.024064937538725694,0.011281268982435833,0.016391613131824023
2022-05-24,0.001897104586335663,0.002869100724063445,0.014133900847287374,0.01618613624053089,0.006884648294552131,0.004987543708216469
2022-05-25,0.013264441061754118,0.01792587257692463,0.030100893751179213,0.01966940569268196,0.029095692433744345,0.015831251371990228
2022-05-26,0.016601012987576057,0.015162904116805098,0.017642530014218828,0.021585137211662664,0.03811608488291831,0.021515071895342252
2022-05-27,-0.007042603653092616,-0.011375351503719499,-0.01100342190249919,-0.008568775573630939,0.002548427601119352,0.009591031254211967
2022-05-31,-0.00765065037007826,-0.011241707675612911,-0.009590896882699585,-0.009147947692782432,-0.0012010794826242677,0.006449570887453992
2022-06-01,0.03606156104577305,0.029500393578495276,0.011056978386369553,0.017592099035131127,0.007320159868665743,-0.028741401177107308
2022-06-02,-0.021671336907237902,-0.017408085875321076,-0.010923265241531177,-0.011530708688815505,-0.009237088899386658,0.012434248007851244
2022-06-03,0.001503594018079546,-0.003288100725501175,-0.0005353234707528021,0.002121719530121635,0.0011708805026338532,-0.00033271351544569274
2022-06-06,0.006467546568638039,0.011493391492053372,0.004243946141694477,0.009657369198820275,0.012342535974506052,0.005874989405868013
2022-06-07,-0.0036856068555598752,-0.010520852847727491,-0.005886821028863376,-0.012859952287221855,-0.017095423792898544,-0.013409816937338668
2022-06-08,-0.026309200901611096,-0.020525412791466458,-0.015050046978632903,-0.022137728237537468,-0.024089559906447712,0.002219640995163384
2022-06-09,-0.03284073597952779,-0.036858342663425116,-0.027564414926991642,-0.029450560946488357,-0.02676125391054699,0.006079482068980797
2022-06-10,-0.041959369328749566,-0.03475258912480318,-0.03649669047496086,-0.030064597826764062,-0.031500052334804775,0.01045931699394479
2022-06-13,-3.102270780730443e-05,-0.007816655819832919,-0.006039271783783984,-0.00472301650370357,0.0031477884606932126,0.003178811168500517
2022-06-14,0.01575363818166131,0.01692085732414166,0.0167010091563617,0.009342038672187358,0.00901670363872209,-0.006736934542939221
2022-06-15,-0.0411053060830032,-0.02535278034401487,-0.024904415579366634,-0.025876490529617914,-0.025161931162684302,0.0159433749203189
2022-06-16,0.003281528030884995,-0.0007992547360249791,0.0007946200541723236,-0.0027024049851806843,-0.003694900363295228,-0.006976428394180223
2022-06-17,0.0199899083944739,0.02220664402908088,0.016962717330853815,0.024103001471383435,0.0289509066882897,0.008960998293815803
2022-06-21,0.00032752211113576955,0.0018264866061916906,0.008840029465696241,-0.003945902568824533,-0.013032900964213756,-0.013360423075349525
2022-06-22,0.013155414125917175,0.01273970369724491,0.011925224721839623,0.009172278752181762,-0.017900331818162973,-0.03105574594408015
2022-06-23,0.014185592022754568,0.029179800843745652,0.0375069899059854,0.04275819084170074,0.03595537977480303,0.021769787752048464
2022-06-24,0.0003904629725807074,-0.007932463051357952,-0.0054557681957561385,-0.005446113937413555,0.002688922762555157,0.0022984597899744497
2022-06-27,-0.01461887622250343,-0.02307597797288925,-0.019179881346716564,-0.016024781714309287,-0.024128321604070257,-0.009509445381566827
2022-06-28,0.00863161305790532,0.002650176487734901,0.00017243451218864613,-0.003345153480683338,-0.013948489071878966,-0.022580102129784285
2022-06-29,-0.00837080609923876,-0.0037534707856850093,-0.001962240702031548,-0.017554322679702118,-0.0113425289590663,-0.0029717228598275403
2022-06-30,0.006928879945589906,0.007548568374800025,0.009875104338870632,0.01334173576463451,-0.00025518710784548925,-0.007184067053435395
2022-07-01,-0.010354386806427618,-0.001892240256480593,0.003605177955004768,0.009753249459110592,0.007415011570888919,0.017769398377316538
2022-07-05,0.007565289673553044,0.003710284420267418,0.001026522062998758,-0.005075440641382001,0.004042582374353898,-0.0035227072991991463
2022-07-06,0.006653603474699366,0.009745695706232627,0.008149830003826474,0.020013193325789193,0.032161457990205,0.025507854515505635
2022-07-07,-0.00047613146117997385,0.0003921238526359394,0.004701551843995444,3.6359824206011473e-05,-0.0021463491563780356,-0.0016702176951980618
2022-07-08,-0.01117908560665093,-0.014643959477737379,-0.0046751409264985,-0.014572922530571575,-0.009860309682396007,0.001318775924254922
2022-07-11,-0.009377487911633564,-0.016035144456451045,-0.006553814055966478,-0.006447572949782865,-0.002729774596692924,0.00664771331494064
2022-07-12,-0.0017381745830472028,-0.006791652766430356,-0.001960467400895527,-0.004034538415975397,-0.005243462457263315,-0.003505287874216112
2022-07-13,0.011568805688732264,-0.006827746049577932,-0.007819359690891892,-0.009406415786605971,-0.0013842209713299525,-0.012953026660062216
2022-07-14,0.014418933802130617,0.015032739839710818,0.027281033179074664,0.027328249950875506,0.04214139682580713,0.02772246302367651
2022-07-15,-0.006957142556294027,-0.007709477726921177,-0.005831660197696054,-0.0038475377698295567,-0.009619948222013407,-0.0026628056657193805
2022-07-18,0.037160701628433455,0.03514719713285734,0.03240587643299899,0.021690310225148668,0.02353111851980518,-0.013629583108628274
2022-07-19,0.0226130543513706,0.013734662069854742,0.002430089224488474,0.00811742407332513,-0.007682467412286065,-0.030295521763656665
2022-07-20,0.014262033139521391,0.009406029372356194,0.006686847023869347,0.018392574482440017,0.0029004456289116074,-0.011361587510609783
2022-07-21,-0.011363329913900645,-0.013609771907867097,-0.005606043568880703,-0.0069873412649464565,-0.0021255815154489154,0.009237748398451729
2022-07-22,-0.0026240087211957365,-0.00547961104662118,0.00856680793467982,-0.0007758593229136856,0.003831341733907212,0.006455350455102949
2022-07-25,-0.011600805905061917,-0.01638710423203611,-0.0248409996454075,-0.006839168384841454,-0.0051699961021445025,0.006430809802917414
2022-07-26,0.01805292196917513,0.010191106372210223,0.01813564621100825,0.025765005485938863,0.042414699300697065,0.024361777331521936
2022-07-27,0.01625312050779155,0.00802234793846034,0.004137819636647255,0.016944558946622557,0.013406336590243994,-0.0028467839175475573
2022-07-28,0.006071370953663791,0.02004485097300742,-0.0006353332010285761,0.014369928119447683,0.012240494248693567,0.006169123295029776
2022-07-29,-0.006453275237117984,-0.0029702152658955703,0.0020408532660436407,-0.0004916955462826889,0.002315684338791102,0.008768959575909086
2022-08-01,-0.01759376907269322,-0.002378169891267523,-0.006882543545455033,-0.009109112498026406,-0.011844470827440534,0.005749298245252688
2022-08-02,0.016974252849306825,0.010702203751012518,0.008828752008462382,0.021541136917617543,0.010891469569692058,-0.006082783279614767
2022-08-03,0.009054520080616923,-0.005726422746219073,0.0031377281654581756,-0.005372069776668764,-0.0006969317941748043,-0.009751451874791726
2022-08-04,-0.0036255637173433384,0.00039986771731223005,0.001839171207964796,0.000606509533503663,0.0024457930862751944,0.006071356803618533
2022-08-05,-0.007728045172062903,-0.00386878673648946,0.00035194011532011513,-0.0046295827730831515,0.003372366439425989,0.011100411611488892
2022-08-08,-0.013336666346045023,-0.011679957743062675,-0.0011824339358817327,-0.0028902969178311146,0.005735769872145457,0.01907243621819048
2022-08-09,0.022837218582630648,0.031946174905958816,0.01966906717498651,0.0167525848081155,0.0190362449633948,-0.0038009736192358493
2022-08-10,0.004546140575575108,0.0026511081625933963,0.006646414033242875,-0.004406271553457885,-0.007001653976067545,-0.011547794551642654
2022-08-11,0.014726800348358049,0.016787328560187033,0.01413877825316896,0.016819441714323546,0.018712092503922896,0.003985292155564847
2022-08-12,0.0010645131859456035,-0.0009112080882693995,0.007460431317666649,0.004289857035510524,0.008484382177800587,0.007419868991854983
2022-08-15,0.004949669223439613,0.006833426740033977,-0.0013661496152119201,0.0006435549458755907,0.0033662554995237738,-0.0015834137239158388
2022-08-16,-0.007697621816873912,-0.0058456829132281785,-0.006265747415010847,-0.007009981938148668,-0.009933562185621603,-0.002235940368747691
2022-08-17,0.00012285282701068878,0.0017280437479500921,0.010710621428869882,0.004504052266200986,0.008448261344804675,0.008325408517793986
2022-08-18,-0.005099141843196586,-0.013493567097198577,-0.019477450972139078,-0.014139998099296013,-0.01752986462062688,-0.012430722777430292
2022-08-19,-0.012767165952672244,-0.015211685525834195,-0.019571253475600292,-0.0353406674491051,-0.024661076992934582,-0.011893911040262339
2022-08-22,-0.005486047191138399,5.019507937987777e-05,-0.004761316411990591,-0.002174714701642677,-0.0019222748318038275,0.003563772359334572
2022-08-23,0.001067216331733256,0.0025099409423201104,0.004175780172293442,0.004296114230283299,0.0012472333076575248,0.00018001697592426877
2022-08-24,0.010809632494062194,0.019854013598042352,0.01589235294807705,0.015069596512905325,0.010768972598937943,-4.0659895124250944e-05
2022-08-25,-0.027276413753944174,-0.04030589375645801,-0.03867693603591095,-0.0315514567772117,-0.040145066003354435,-0.012868652249410261
2022-08-26,-0.005110683541647498,-0.009090889547872127,-0.004943078487390629,-0.009180529018104223,-0.006543751303383072,-0.0014330677617355736
2022-08-29,-0.015828649137953378,-0.005429391114148729,-0.010819603330593276,-0.00892077017774211,-0.004347886089669429,0.01148076304828395
2022-08-30,-0.005795592375956571,-0.010253906466089202,-0.007150828077083793,-0.00944594408350884,-0.01010590978419077,-0.004310317408234198
2022-08-31,0.011359161193024525,0.003500999889647727,-0.00863250920860179,0.003032006306620616,0.008379384872734052,-0.002979776320290473
2022-09-01,-0.013314282233527819,-0.010756344397918704,-0.008277962627833924,-0.010678169362103907,-0.009717205135605856,0.003597077097921963
2022-09-02,-0.011738442943893212,0.0004338489197289741,-0.0020256417468770384,-0.0040943503561860824,-0.003647554017744492,0.00809088892614872
2022-09-06,0.016851432820039293,0.018555588481457108,0.01596191618459657,0.012560333905007392,0.01409494795535977,-0.0027564848646795224
2022-09-07,0.010184971097015749,0.007134361543435386,0.00739018533919712,0.012322037222768145,0.009256476733921725,-0.0009284943630940238
2022-09-08,0.0065659397500748675,0.008015888327588561,0.01570168673092418,0.021301331510706102,0.02295415203796447,0.016388212287889604
2022-09-09,0.008806680719169502,0.009492373867914272,-0.00020742308775402175,0.00686799065334327,0.011479803219883422,0.00267312250071392
2022-09-12,-0.032062196628916795,-0.038125245824499866,-0.043134066272850935,-0.05508832608780338,-0.05588185822358625,-0.02381966159466946
2022-09-13,-0.003970223714953103,0.005097530625109514,0.006057733176457569,0.004991991670329721,-1.8923647795787703e-05,0.003951300067157315
2022-09-14,-0.011444889287743332,-0.0010857861768212018,-0.00406941297709037,-0.0276357269089753,-0.013539317108384342,-0.0020944278206410094
2022-09-15,-0.008961527747192055,-0.0036951119404622923,-0.0021196839897947516,-0.004789042137805155,-0.003680466372955715,0.00528106137423634
2022-09-16,0.0033075392206228906,0.011626215523590411,0.004224727695756136,0.004145184205399599,0.0046436152901984775,0.0013360760695755869
2022-09-19,-0.008808960860110049,-0.010726153373901781,-0.012947336232385354,-0.01257729784812156,-0.010825042226715275,-0.0020160813666052265
2022-09-20,-0.01508839943442809,-0.014398463443925081,-0.012171713584663879,-0.018573521367852796,-0.01929090529811379,-0.0042025058636857016
2022-09-21,-0.011570865954802934,-0.01068513134388801,-0.0032987443946061235,0.001945633125532331,-0.006667199246809752,0.004903666707993182
2022-09-22,-0.015662045068831853,-0.005945809350994979,-0.012939333253242036,-0.028619124714442314,-0.018319349663758512,-0.0026573045949266592
2022-09-23,-0.005180787019411282,-0.011725115252280127,-0.007888626182945235,-0.01627374851684491,-0.011673439548728792,-0.006492652529317511
2022-09-26,0.00031344038089171634,-0.0013479434670378044,-0.002659008016038955,-0.005992532540962436,-0.005583406644844757,-0.005896847025736474
2022-09-27,0.02085653750803749,0.018182526169274925,0.02903397946976207,0.01704124964941207,0.017590498186797345,-0.003266039321240144
2022-09-28,-0.01818268842725358,-0.015968112572827608,-0.019037437410547076,-0.024842361057001106,-0.013003918468109965,0.005178769959143613
2022-09-29,-0.013344442664005352,-0.015391189806191308,-0.01669676549931164,-0.014277598001799263,-0.014621442775429894,-0.0012770001114245418
2022-09-30,0.022079256677807402,0.03237114727664647,0.027229029918659785,0.0246075880492172,0.027156208343405708,0.005076951665598305
2022-10-03,0.03010052466723736,0.027449551968822306,0.03498021464921153,0.035344362343128544,0.025017466186010816,-0.005083058481226543
2022-10-04,0.0013192202452150803,0.0013384866247593385,0.0001061022072223694,-0.001999915434859123,7.709513481684027e-05,-0.00124212511039824
2022-10-05,-0.0029662148618993522,-0.011113736837721877,-0.009390107162743222,-0.01076835624222786,-0.007984998154111356,-0.0050187832922120035
2022-10-06,-0.0208236633594175,-0.03220984845158335,-0.034478058535441856,-0.023981999976742885,-0.02407334641915414,-0.0032496830597366425
2022-10-07,-0.016656788444025506,-0.0062639836344199114,-0.0042512938661421916,-0.012685751508542741,0.0004493676292296134,0.017106156073255118
2022-10-10,-0.006565427952846814,0.003951817472300478,-0.01355382466039191,-0.014693294646410426,-0.004135799863476586,0.002429628089370228
2022-10-11,-0.006038563198019664,-0.0035617490840292865,0.00200467217679261,0.0034191068888404508,0.00037996627533279923,0.006418529473352463
2022-10-12,0.01622695588297184,0.03230859221829239,0.029539961392528614,0.037927847126892435,0.027209226299864265,0.010982270416892426
2022-10-13,-0.012220731960711995,-0.01205395523493411,-0.018565846850901103,-0.02911099125146487,-0.03005001605109029,-0.017829284090378296
2022-10-14,0.02196471556597146,0.023880214903750897,0.018959729795682966,0.03477399320565018,0.024634942269229954,0.0026702267032584943
2022-10-17,0.012380510206147633,0.011268625454282467,0.009142866263781602,0.013864623088070616,0.011414367874425424,-0.0009661423317222084
2022-10-18,-0.008912548252080566,0.0073171705614824,-0.011120565698471307,-0.00397699328381732,-0.004209344020723193,0.004703204231357372
2022-10-19,-0.007557314741872356,-0.0014253457428636152,0.002302165840502457,-0.010662044541749294,-0.009590156765984393,-0.002032842024112037
2022-10-20,0.037242502445466785,0.01930000457509482,0.020769259944061813,0.02884199082565535,0.026352253597583263,-0.010890248847883522
2022-10-21,0.004884554723128998,0.011471822520937813,0.01664388528523837,0.017819328072779438,0.01605211998483639,0.011167565261707393
2022-10-24,0.008380201001257548,0.011980927534482322,0.008768290022799653,0.016889203192140666,0.029720092550996578,0.021339891549739032
2022-10-25,0.0036226140058871923,-0.00289727552301422,0.005035217463455033,-0.009612177076694272,-0.0025937639423774805,-0.006216377948264673
2022-10-26,0.007199040199515128,0.008729277252163537,0.0069836319321202375,0.005044775344989261,-0.041475660734562866,-0.048674700934078
2022-10-27,0.02536931831307405,0.027040123266559312,0.015538451594188096,0.023480707481262585,0.027133976065516117,0.0017646577524420663
2022-10-28,-0.009559467387136056,-0.01081473101886149,-0.004111723098251019,-0.006383507488486528,-0.012585092049346913,-0.0030256246622108567
2022-10-31,-0.00031193434866283454,0.001211470334820841,-0.0016003254651544506,-0.002206379968936978,-0.010614539610659135,-0.0103026052619963
2022-11-01,-0.01805374450482432,-0.013682366730586582,-0.015093146888400999,-0.025595461776172824,-0.039147177263140064,-0.021093432758315742
2022-11-02,0.005852354409246074,-0.009775415376142581,-0.004474850153455623,-0.01445416018488559,-0.0314652492249393,-0.03731760363418537
2022-11-03,0.022549253638394107,0.01353678936825876,0.017538984121066182,0.011017688714550089,0.012401826665129656,-0.010147426973264451
2022-11-04,0.011803551356051822,0.011463560851282995,0.014553389509577009,0.01857761985340749,0.01975694304085348,0.007953391684801657
2022-11-07,0.008025794734934588,0.010077014244583904,0.0034460634038346316,0.005374538228391878,0.007956303383901419,-6.94913510331692e-05
2022-11-08,-0.022277645029154046,-0.01713813387652091,-0.009710510504055404,-0.013223797116880131,-0.025043186372958538,-0.0027655413438044917
2022-11-09,0.04091626706092237,0.06444324497799665,0.0545688877200277,0.047807011755580574,0.07311146690414187,0.0321951998432195
2022-11-10,0.018150206716043747,0.012986112584111842,0.013954767996013173,-0.004883713868599382,0.0025191147202669574,-0.01563109199577679
2022-11-11,-0.016931526535847764,-0.0016380214168284835,-0.003652345906046206,-0.0017775475710143374,-0.0028618102918158916,0.014069716244031872
2022-11-14,0.016386947834319467,0.0158720707612627,0.01112461593602202,0.0026700596819866805,0.00825561793657259,-0.008131329897746876
2022-11-15,-0.018991797207192428,-0.011816704361991271,-0.0024757244104045895,-0.008806894997545422,0.0034571089174299852,0.022448906124622414
2022-11-16,-0.012812590644867094,-0.0067617821140592334,-0.0026840196644680294,-0.0002509510462452069,0.013711802558402885,0.026524393203269978
2022-11-17,-0.0017846378234732895,0.006568275881888119,0.0017818724600289105,0.004716962499516264,0.007047596733499284,0.008832234556972574
2022-11-18,0.0045936856730733775,-0.008555213764462532,0.0013232182482829868,-0.002696849621833963,-0.007438148641720677,-0.012031834314794054
2022-11-21,0.009834374945936286,0.013565455679557891,0.01486733839413248,0.016709418716861178,0.02212508051421034,0.012290705568274054
2022-11-22,0.0009553884075387487,0.0009732335828516625,0.0020964887009567446,0.005398259138353401,0.013228248483360638,0.012272860075821889
2022-11-23,5.7309602923882874e-05,0.002308967223090763,0.0005799184855324935,-0.0006050660180400014,-0.001984806339658818,-0.002042115942582701
2022-11-25,-0.009775712763574019,-0.011237749069039338,-0.012900227040846968,-0.01975073565687131,-0.01758239725570442,-0.0078066844921304
2022-11-28,-0.003945337359136625,-0.002883045944181084,0.00030697251258015034,-0.004499528141577625,0.0030681065874417655,0.007013443946578391
2022-11-29,0.027859607217736504,0.02900163286580897,0.03186385341091894,0.03508676334150014,0.029583178131622145,0.0017235709138856414
2022-11-30,-0.00643567110683454,0.0039023468347375244,-0.0015797852611252438,-0.005428150991825198,-0.0008489890210943152,0.005586682085740225
2022-12-01,0.002505486800935974,3.0487807987356063e-05,-0.0021654504297629385,-0.0061028393571956,-0.006298677466862812,-0.008804164267798786
2022-12-02,-0.009807084106998343,-0.01401231602102968,-0.020899685132916825,-0.016054335791589415,-0.028573901455282102,-0.01876681734828376
2022-12-05,-0.020185113130831232,-0.01642386174762791,-0.011627885527517456,-0.011331394479179312,-0.017258855374249905,0.002926257756581327
2022-12-06,0.0001453871569033982,-0.000832992062042981,0.0002596109890504961,0.003293380332242468,-0.005119075451920118,-0.005264462608823517
2022-12-07,0.005305177520134763,0.0069895021493110885,0.011757610532487806,0.0084557549290445,0.0049585153907112265,-0.0003466621294235363
2022-12-08,-0.009987904647132895,-0.009169529209049631,-0.008308530550580817,-0.003931618676168624,-0.005780195444208935,0.004207709202923959
2022-12-09,0.01377446128195936,0.01861239806960833,0.0120942306526455,0.012165895273791283,0.01662935778487269,0.002854896502913328
2022-12-12,0.0094429443844135,0.0006806421769113725,0.013291896805334446,0.0085021665453465,0.007944163790946358,-0.0014987805934671417
2022-12-13,-0.0060415524452891445,-0.0012257634352617285,-0.0019728863493816305,-0.010465964111585246,-0.009263074952837003,-0.003221522507547859
2022-12-14,-0.028518046109952677,-0.020854131984212765,-0.030846589513250887,-0.02540150428644038,-0.022236636814191524,0.006281409295761153
2022-12-15,-0.0038304576544023194,-0.004601174080999626,-0.010149727880935799,-0.008834605450869093,-0.011448032465824366,-0.007617574811422046
2022-12-16,-0.014244273418920216,-0.004771263346643384,-0.005973476607226358,-0.002543352186070291,-0.009237595678856236,0.00500667774006398
2022-12-19,0.005138497660939945,0.002327201408988322,0.0037226470664140864,0.0003115912748035465,0.004457647458860148,-0.0006808502020797967
2022-12-20,0.013957966157220758,0.018920909194402525,0.015410270743751963,0.013938695871767348,0.019976769728559284,0.0060188035713385265
2022-12-21,-0.01744415739833093,-0.01136388451959397,-0.01308969307189185,-0.012212017649122098,-0.015404004961721573,0.0020401524366093562
2022-12-22,0.0067029752090348674,0.0077564620669731245,0.0029701001103008217,0.005160633885594579,0.0046783681272011155,-0.002024607081833752
2022-12-23,0.007728982112651328,0.0010749013058366508,-0.003594513948690259,-0.006851315689489457,-0.013981322287186525,-0.021710304399837854
2022-12-27,-0.010401987279503722,-0.00768343848032883,-0.005362240855923239,-0.01169607136392523,-0.013536233718018143,-0.003134246438514421
2022-12-28,0.010275451222532839,0.008270864104011833,0.016838024140325935,0.02224563425743171,0.02449492150361974,0.0142194702810869
2022-12-29,-0.0011623471910195305,-0.00177753965291767,-0.0023011168799026206,-0.001866904969655725,-0.0004800336076835277,0.0006823135833360028
2022-12-30,-0.00589765142433325,0.010069524759234793,-0.0028747848614192662,0.0006508936582332759,-0.004942095681445014,0.0009555557428882365
2023-01-03,0.020902376012039304,0.0022053256088322205,0.012962315218523368,0.01078208530334147,0.005057220334365032,-0.01584515567767427
2023-01-04,-0.0031251221349751224,-0.012239253424947593,-0.020798862587191092,-0.004905494774276186,-0.009794105372578021,-0.006668983237602899
2023-01-05,0.01937481332190629,0.019290136257525257,0.029590737024368964,0.021009343736117403,0.02543949461746826,0.00606468129556197
2023-01-06,-0.0022123274786699843,-0.006516416436629613,-0.0011593122920764976,0.0005444938940612487,0.01118064859584691,0.013392976074516894
2023-01-09,0.01001330191593508,0.015280312292869103,0.009897846708862179,0.00565534031347884,0.0012063154605635562,-0.008806986455371524
2023-01-10,0.006052138672226803,0.006281428678665202,0.015652978656568173,0.01194165472518598,0.008560156077916992,0.0025080174056901884
2023-01-11,0.0040746615668712845,0.009576899447210619,0.007715906108208448,0.006918503682693089,-0.004024801941199596,-0.008099463508070882
2023-01-12,0.005013837132878151,0.00460139550756461,0.007997977830891123,0.0013136366230891649,0.003519314909551585,-0.0014945222233265663
2023-01-13,0.004387536202537512,-0.008217152759577961,-0.0029489814709264704,-0.006545907813394525,-0.0016131118027760682,-0.00600064800531358
2023-01-17,-0.013232900124910952,-0.015493224985006715,-0.013785039499675111,-0.0183023746960023,-0.020432230659907312,-0.00719933053499636
2023-01-18,-0.016427188247549362,-0.01197000783733998,-0.006661060310829437,-0.007436641361942597,-0.014499771652042193,0.0019274165955071691
2023-01-19,0.03206522674937671,0.0242573487916955,0.017903218433156055,0.006506266641200864,0.010274477862523912,-0.021790748886852798
2023-01-20,0.022381792067615945,0.018356060416338072,0.015127749528182443,0.009602381129447446,0.006073860669672826,-0.01630793139794312
2023-01-23,-0.005401380246239418,-0.006629462014563414,0.000532713852400879,0.009974433724302446,0.005913466529649425,0.011314846775888843
2023-01-24,-0.0011696093309758182,0.0007389449305737594,-0.0002653401348692519,0.0011744437427807287,0.00023218897344506884,0.001401798304420887
2023-01-25,0.010546786518597539,0.01665869976493316,0.00829411065939133,0.004771788786595487,-0.003031277678019284,-0.013578064196616823
2023-01-26,-0.0020412249915365277,0.012389353128105685,0.0019713781946558264,-0.004892313174485585,0.0031145262179142707,0.005155751209450799
2023-01-27,-0.015443807834159195,-0.01290492193070648,-0.01139586441930679,-0.011967434757517003,-0.004735147941768714,0.010708659892390482
2023-01-30,0.008256205254660486,0.0088130778064739,0.017481995959060925,0.01789977225608739,0.01030440726190024,0.002048202007239753
2023-01-31,0.009797176921721839,0.004707292055767765,0.008501171798107521,0.02934605343224502,0.004836272531375474,-0.004960904390346365
2023-02-01,0.04951496887172967,0.01779277190487851,-0.007352706162982614,-0.004620106582702577,-0.003305721065208422,-0.05282068993693809
2023-02-02,-0.02186926490709159,-0.011216326171128698,-0.0007119684794910542,-0.004861265359355604,0.0011771389022846913,0.02304640380937628
2023-02-03,-0.009252606017305398,-0.007640210463154373,-0.0029368288220687822,-0.0027944039448004276,0.0022141643939275315,0.01146677041123293
2023-02-06,0.022803344699473437,0.0067383070881193,0.006265525974122987,0.008885112204168844,0.005923640217885162,-0.016879704481588275
2023-02-07,-0.019533496572418308,-0.006923032525460426,-0.013380040507719303,-0.00735718371332249,-0.008664164461458934,0.010869332110959374
2023-02-08,-0.011799732594376134,-0.010662086256317205,-0.0032200675545292377,-0.006659501270072155,-0.004947678560264779,0.006852054034111355
2023-02-09,0.007951630606559023,-0.006248387047120152,0.0028099051793323724,0.00011152463364697552,0.003318235349616172,-0.004633395256942851
2023-02-10,0.011032401054426488,0.008779236140976953,0.014430937426997659,0.01581127645267799,0.013423338006676434,0.0023909369522499453
2023-02-13,-0.004885181367021529,0.0015065482284058684,0.0014891123093237369,0.0009086591187879689,-0.0035752631404296965,0.0013099182265918327
2023-02-14,-0.0036042284255656254,0.0011060751352606202,0.0009405269158893725,-0.0005184100774064393,0.005980041075249886,0.009584269500815512
2023-02-15,-0.0014740577271395328,-0.014013582305720407,-0.016112113839097088,-0.017434155605077373,-0.016927243634709887,-0.015453185907570353
2023-02-16,0.0009279917198588116,-0.001722763377065628,0.0008871026301587425,-0.009516361853328303,0.0020307971533231163,0.0011028054334643047
2023-02-17,-0.016125084497471787,-0.022413228823661525,-0.0173576323637732,-0.02097304292489418,-0.01652746061711794,-0.0004023761196461535
2023-02-21,-0.0023140585446890017,0.0005209590951453569,-0.0027747040572266403,-0.004580882809082976,-0.0018526194200158552,0.0004614391246731465
2023-02-22,-0.004069953178223751,0.0027571907334734804,0.008823290752363277,0.01791080446568103,0.004499478085039444,0.008569431263263195
2023-02-23,-0.00665899465410853,-0.011159056232276499,-0.006491432544426479,-0.0057422234041274115,-0.01810067444325143,-0.0114416797891429
2023-02-24,0.002622222086254111,-0.004889244037670148,0.0009553566650372436,0.0012700895721253214,0.005481076288597497,0.002858854202343386
2023-02-27,-0.003720344486902549,0.000875295930910136,-0.003881622303006893,-0.004315131093196223,0.0010781670302961067,0.0047985115171986555
2023-02-28,-0.006235933294946827,-0.0030624312448035208,-0.0015602498197115789,-0.0037551627159435495,-0.004046608032532961,0.0021893252624138665
2023-03-01,0.01868720650945348,0.0033513975402923004,0.007116024445912172,0.0104954087748669,0.007154650547924168,-0.011532555961529313
2023-03-02,0.016184581899722383,0.01998510646454974,0.009446810630663915,0.012013255876084806,0.01718367658473734,0.000999094685014957
2023-03-03,-0.0013157451142411403,0.002382580469397988,0.002937659314016927,0.002350058316788728,0.005236341932830712,0.006552087047071852
2023-03-06,-0.014579376663525701,-0.01633141608956905,-0.015961993968946153,-0.012903508135903208,-0.017053089695660585,-0.002473713032134884
2023-03-07,0.00030085315460035564,0.002999211873166996,0.001285027504411107,0.0038384163226868884,0.0027402043319977197,0.002439351177397364
2023-03-08,-0.008928583779106991,-0.013764329765518168,-0.013139205392487497,-0.02805119687257531,-0.030112118455661384,-0.021183534676554393
2023-03-09,-0.014464226424650894,-0.013663299840214749,-0.011184243202667065,-0.017930528497626476,-0.013709767582659804,0.000754458841991091
2023-03-10,0.004993727198310283,-0.0025105102204935224,0.002179204540874935,0.007784921805192091,-0.03870070396224794,-0.04369443116055822
2023-03-13,0.029847515775553012,0.010704658786162391,0.0134601814355489,0.010838857633860843,0.031015445724871738,0.001167929949318726
2023-03-14,0.002933469047544235,0.006705183530273951,-0.00010224720012970145,-0.015443053207409185,-0.020582901711138045,-0.02351637075868228
2023-03-15,0.02714476360975022,0.014118638308449194,0.015370552924607794,0.015795865956102096,0.008157906500607914,-0.01898685710914231
2023-03-16,-0.004689529967008765,-0.00691107692408246,-0.012457195966530655,-0.014400013799003585,-0.01836039808396811,-0.013670868116959344
2023-03-17,0.0030967193647159718,0.009852208771069825,0.010474351485794908,0.008143713612123182,0.015027766565145106,0.011931047200429134
2023-03-20,0.008265252178111259,0.011239577669528133,0.007378062687189458,0.014643863202933715,0.023474570093702084,0.015209317915590825
2023-03-21,-0.00937049961986538,-0.012867428411256987,-0.01825540462858157,-0.01732276610297211,-0.016503011111714407,-0.007132511491849026
2023-03-22,0.01863399682922697,-0.0016331378106019367,0.006407516940659519,-0.0016053682848908512,0.006836842106346086,-0.011797154722880886
2023-03-23,-0.0008706690225755431,0.002511766115277536,0.005647898560318632,0.006316153862472662,0.0026394172481259194,0.0035100862707014625
2023-03-24,0.0022601775504890063,0.00303075585263769,0.0027152776680916093,0.002393944742535048,0.014394555597365388,0.012134378046876382
2023-03-27,-0.0024852492829239405,-0.0042507202938593894,-0.0026614023798451126,-0.007688123789747969,-0.0005908923710735813,0.0018943569118503591
2023-03-28,0.010031328680428431,0.012608389947738895,0.01189301709696936,0.013861867076130862,0.012035583029861163,0.0020042543494327315
2023-03-29,0.004737975810541517,0.004153858924005938,0.0021567367548515847,0.002429660975049497,0.007275754745553309,0.002537778935011792
2023-03-30,0.007009017179946664,0.014350909920285381,0.012164531562132397,0.014023414905155995,0.017151689855916863,0.010142672675970198
2023-03-31,0.017148998652995497,0.001548212321624176,0.003771151010526552,0.002791211477176825,0.0026169894058502563,-0.01453200924714524
2023-04-03,-0.009524880896101507,0.0012111667115650925,-0.006063925080638799,-0.008286557554730433,-0.005333893493836605,0.004190987402264901
2023-04-04,0.013619395333191887,0.0020496437362778398,-0.0045343070859361735,-0.007927407829640831,-0.011430597724062175,-0.025049993057254062
2023-04-05,0.0024410934230255977,-0.001107101733389282,0.003642730525991156,-0.0014885682831679904,-0.0002831433888598522,-0.00272423681188545
2023-04-06,-0.006957764704150304,-0.00011481370556684078,0.0004263396433878408,0.010159049781981,0.009601771472645071,0.016559536176795377
2023-04-10,0.0012103407218909013,-0.0003462964354128184,0.0012977930058449493,0.0010247215972214007,0.0013141273088482564,0.00010378658695735514
2023-04-11,0.001439221010341929,-0.0017586532574346725,-0.0012496198331781061,-0.01026919468220755,-0.0045758848757348255,-0.006015105886076754
2023-04-12,0.009954262276119508,0.0068978021341727595,0.013505997589714647,0.011450550155736816,0.022089265688448878,0.01213500341232937
2023-04-13,-0.0005847115915215029,0.01379664478182271,0.0032484503844728008,-0.0022342097340121827,-0.0008351600023890571,-0.0002504484108675542
2023-04-14,0.0056336202251710986,0.007328309641350528,0.006161833909683634,-0.006233790725240507,0.0020555334717166527,-0.003578086753454446
2023-04-17,0.0010661353213395675,0.005797446483112478,-0.0015422576544838252,0.004902110702332508,-0.00037222703905754885,-0.0014383623603971163
2023-04-18,0.002208152688069609,-0.0024163457105056073,0.012075239451909026,8.398851713847799e-05,-0.010485736413488711,-0.01269388910155832
2023-04-19,-0.0036181292528043143,-0.004858722487199418,-0.000500121263540354,-0.0024518557157085286,-0.004901090053621038,-0.0012829608008167234
2023-04-20,-5.755108696569034e-05,0.001449551680915284,0.000717471833737493,0.004468173600808922,0.002942398143495173,0.002999949230460863
2023-04-21,0.0006611107795174819,-0.0038288502885714393,0.000787427526093154,-6.980383780884614e-05,0.0034000956046803866,0.002738984825162905
2023-04-24,-0.007869074098571172,-0.01005351699256125,-0.01981991112747593,-0.016916816699068117,-0.022018506131647242,-0.01414943203307607
2023-04-25,-0.010530776446312128,-0.01555570970207698,-0.01054780849917084,-0.0023697506399151915,-0.00300316907061996,0.007527607375692169
2023-04-26,0.03236321375843128,0.006331237239824372,0.013155514649016608,0.013854431322675964,0.016559040478649912,-0.015804173279781366
2023-04-27,0.0011247160549417768,0.007584061440926449,0.008916027350289846,0.014916702692015994,0.015132645328651773,0.014007929273709996
2023-04-28,0.004917769789686088,0.002737849687838312,-0.0034925784860361355,-0.005466881074704643,-0.0012309770936690834,-0.006148746883355171
2023-05-01,-0.008885323155861269,-0.0025472934371511325,-0.017307376393210127,-0.016781693854568458,-0.015382907145813019,-0.00649758398995175
2023-05-02,-0.008590357445161512,-0.00717705713189396,-0.0014126636409136917,-0.017505212899723167,-0.012458881500261598,-0.003868524055100086
2023-05-03,-0.006765740690443611,-0.0077496445019409445,-0.008641126362502482,-0.013290436457814792,-0.007277659068922404,-0.0005119183784787927
2023-05-04,0.011030714337497338,0.017539577253824247,0.017468285549619943,0.013160828905043321,0.02658839501167536,0.015557680674178022
2023-05-05,0.004240880268789682,0.0037074555179533062,-0.000364619143094258,-0.0021033046177266314,-0.003074088756067106,-0.007314969024856788
2023-05-08,-0.0025755597694670507,-0.0016642925258992692,-0.005809858572937576,-0.0014552390897887735,-0.001497144266910655,0.0010784155025563957
2023-05-09,0.01197136473775905,0.006145782897272145,-0.0051023841221092825,-0.003175941474894128,0.0013884342792126025,-0.010582930458546448
2023-05-10,0.008413906733185006,-0.0027877806038875907,-0.0058664976052919095,-0.0017224847845150881,-0.002394003525032928,-0.010807910258217934
2023-05-11,-0.005285658968412455,0.0010868414513926395,-0.0011991363328211712,0.0014388789329742523,-0.0006079580527131645,0.004677700915699291
2023-05-12,0.0002116628558627709,0.007701770445829048,-0.001633756043450274,0.008369065463820524,0.012448272546238825,0.012236609690376054
2023-05-15,0.0018872826071157812,0.00028785923720623383,-0.009628297282701337,-0.013175210657586468,-0.008864114023278802,-0.010751396630394584
2023-05-16,0.019885792190109462,0.013893916736937406,0.008814495178073246,0.01085980642191744,0.022079185863965158,0.0021933936738556953
2023-05-17,0.01602949777672318,0.015958700833830886,0.012802828597569527,0.0075798895863020575,-0.000597663358899514,-0.01662716113562269
2023-05-18,-0.00048199821249373943,-0.005099033274134068,-0.0036959627742425005,-0.0012227976253549988,0.001963291592676786,0.0024452898051705255
2023-05-19,0.00018849010649297783,0.004211739421104588,-0.0035044537902447657,-0.006183296321565346,-0.009742222092141562,-0.009930712198634539
2023-05-22,-0.010056428356025637,-0.015097873368333247,-0.0024815031502213093,-0.009126231969609943,-0.0029801800822329416,0.007076248273792695
2023-05-23,-0.006691374569794695,-0.00835737982626853,-0.007818195104728597,-0.003843633876784114,-0.006754439003897894,-6.30644341031994e-05
2023-05-24,0.02552420033758921,0.03454073169935488,0.001979375106175385,0.003444204163234532,-0.0032115761592332757,-0.028735776496822487
2023-05-25,0.03589821457422214,0.01161987086433417,0.02349455661094736,0.011180048879381455,0.00387845462222135,-0.03201975995200079
2023-05-26,0.009017671948772565,0.004563270777445938,-0.0017702260846335083,0.00023833647512401247,-0.009038453237790744,-0.01805612518656331
2023-05-30,-0.011951730483456291,-0.005500313050900462,-0.011908462886489923,-0.003424105141084932,0.000239606683159177,0.012191337166615468
2023-05-31,0.007469395095337406,0.013007789614382625,0.003415506570029303,0.00991567919454992,0.008957948946482563,0.001488553851145157
2023-06-01,0.007431128835849732,0.008127444118185657,0.012665461696527625,0.023899893815437646,0.026332129822866944,0.018901000987017212
2023-06-02,-0.004221191087439213,-0.005255014385644252,-0.005959642268018617,-0.0013840714572817437,-0.0022865266289705533,0.0019346644584686597
2023-06-05,0.004480533758254457,-0.00337797967065262,0.0013090947274294051,0.002847418158513637,0.013900512566248423,0.009419978807993966
2023-06-06,0.0024900224507511505,-0.009712402199223502,-0.00354273702712965,-0.005550722648104201,0.0005271835924043344,-0.001962838858346816
2023-06-07,-0.0004984747926334299,0.004294630007665201,0.00023604992307590944,0.019894208978743277,0.008044811833385679,0.008543286626019109
2023-06-08,0.001957043471812714,-0.0031086981329669803,0.00941194183902233,0.009735483936500599,0.0020510906654313656,9.404719361865181e-05
2023-06-09,0.009990375571415622,0.010247561274302852,-0.0007180348235125145,0.013483842947836023,0.011400344647752548,0.0014099690763369251
2023-06-12,0.005963470440968233,0.007455802401895362,0.0033119045866289885,0.008493629178143836,0.0024067828623814624,-0.0035566875785867703
2023-06-13,0.007692892191610135,-1.9559108382694035e-05,-0.0059633476083163165,-0.0009292189589737432,0.0028295367382890403,-0.004863355453321094
2023-06-14,0.014954632937204115,0.006310899419470717,0.01615872844864432,0.010078509708955519,0.013670979472956257,-0.001283653464247858
2023-06-15,-0.007375135694834179,-0.0021941502225345856,-0.008496926078610922,-0.003016781469169594,-0.005100578540668555,0.002274557154165624
2023-06-16,-0.008194962744915935,-0.004309867830180047,-0.007471122728431057,-0.0010712996216775128,-0.00966740506670507,-0.0014724423217891362
2023-06-20,-0.00404244747339586,-0.009268907291653273,-0.0029887755263241834,-0.007418101960582601,-0.00515130220178861,-0.00110885472839275
2023-06-21,0.006151424810646633,0.005465599132259036,-0.0037263478392728032,0.0009953138363984703,-0.005233547122437876,-0.01138497193308451
2023-06-22,-0.0028845078770694866,-0.006475781332966057,-0.004393850759857687,-0.009543551211129053,-0.009170221779454212,-0.006285713902384726
2023-06-23,-0.010812094698181363,-0.00355006421087013,-0.005606323601792052,-0.002342421715551035,0.0035298100688849086,0.01434190476706627
2023-06-26,0.011833459645035415,0.011551225349239368,0.007376724192900197,0.009363935041790606,0.007791163910658571,-0.004042295734376844
2023-06-27,-0.0036123381007574173,-0.0028818608578340954,0.0006169127124696083,-0.0035758620203917403,0.0035034188397292444,0.007115756940486662
2023-06-28,0.0050874640889698956,0.0023725018928522413,0.010538492744220163,0.0027327010471203785,0.015593838995597253,0.010506374906627357
2023-06-29,0.01017017402828967,0.009823598884495289,0.010399419092879548,0.010799364245339982,0.012520365810021916,0.0023501917817322464
2023-06-30,-0.0007931887081209843,0.002037821781061455,0.004790747984821942,-0.003034145815863187,0.0025265476752106665,0.003319736383331651
2023-07-03,-0.004639018333020872,-0.004002213139512811,0.0006164222146322173,-0.002725096372069802,0.0053106164889505595,0.00994963482197143
2023-07-05,-0.008813202960489808,-0.014622221322092089,-0.00841322383392984,-0.012875788049503744,-0.01171402354676132,-0.0029008205862715124
2023-07-06,-0.009968326477936218,-0.009780876901561441,-0.003136528689531892,-0.002125866353376793,0.0040280076513941054,0.013996334129330323
2023-07-07,-0.0008658900812362868,0.005675754131709043,0.01182750620315376,0.01134779648775237,0.009426902968049222,0.010292793049285508
2023-07-10,0.008619469149126225,0.01089648608241145,0.003459032392239125,0.008181326563253367,-0.003484547564770668,-0.012104016713896892
2023-07-11,0.009231572061347615,0.006566590920740067,0.011909702907001118,0.011997896357089833,0.0016946224845516666,-0.007536949576795948
2023-07-12,0.006760298089521699,0.008010314770775606,0.009784178629253126,0.005608948112946188,0.006164998099409402,-0.0005952999901122965
2023-07-13,-0.012776272832468927,-0.003702852667254397,-0.006700403036451285,0.0032296433062345975,0.013213870000184303,0.025990142832653232
2023-07-14,-0.002089569612077136,0.004500237342032432,0.00564457200713705,0.005366896441740154,0.006472464491760721,0.008562034103837858
2023-07-17,0.0063574920344773855,0.015503444646569487,0.008873605998534428,0.020399253627933045,0.001357167468041176,-0.005000324566436209
2023-07-18,0.0014321962884671024,0.0009231922349397959,0.009757042262394567,0.0035126270697989235,0.002589983187748712,0.0011577868992816097
2023-07-19,-0.0012394226448078083,-0.0023547654701437937,0.0018138761490888555,-0.01119006647712969,0.008604648795291991,0.0098440714400998
2023-07-20,0.0017806897247274356,0.009536528960311264,-0.004810853078393651,0.0006874921840969494,0.0029516397482047484,0.0011709500234773128
2023-07-21,0.008211909290251673,0.005004886174431522,0.006590063780325029,0.000489419616805209,0.0014041431198650533,-0.0068077661703866196
2023-07-24,-0.0058627550202396735,-0.0020183307214262534,-0.010420405628601314,0.011277915211980728,0.006396139604216378,0.012258894624456052
2023-07-25,0.003042415734563264,-0.0010506971390778607,-0.01034978047342977,0.004610743792542038,-0.009963557378374233,-0.013005973112937497
2023-07-26,-0.0074492299997257925,-0.006518935635244638,-0.010918146219468705,0.001713030576336605,-0.0022457955550917565,0.005203434444634036
2023-07-27,0.005638630275408141,0.004004693783763324,0.0053150017648073925,0.008096577134596406,0.011134588107873055,0.005495957832464914
2023-07-28,-0.0039401760283577225,0.0009104728804563145,0.008625828588351526,0.000921503342868324,0.006336499649046479,0.010276675677404201
2023-07-31,-0.0032372329979441284,0.00999240284407411,-0.0005020360608564811,-0.003340037856269995,-0.00043284138074876075,0.0028043916171953676
2023-08-01,-0.018549172343237042,-0.0206177249598798,-0.009895907161444062,-0.007353479073858804,-0.010494412932647735,0.008054759410589307
2023-08-02,-0.012252870079038436,0.0045448194953053855,0.0017483609046634817,-0.003360252331164293,-0.004840974344411076,0.007411895734627361
2023-08-03,0.007184104906045275,-0.0061778528196301695,-0.010701800007165141,-0.002920761235803715,0.0035080484054513584,-0.003676056500593916
2023-08-04,0.014469316088783934,0.0128234921329194,0.011094167514358788,0.008169112122951128,0.007811143180344271,-0.006658172908439663
2023-08-07,-0.004058512190102603,-0.006638890929712505,0.008024155265552547,-0.007516761911941361,-0.009897282619437342,-0.005838770429334739
2023-08-08,-0.0034758029136349065,-0.006221221039867564,-0.011131898771248705,-0.009453348196235323,-0.005976004870349638,-0.0025002019567147314
2023-08-09,0.002152322686258923,-0.0002355513535579168,-4.633659181180194e-05,-0.0005670219920685171,-0.0005511943973128486,-0.0027035170835717714
2023-08-10,0.003485553336604552,0.0049881021370550395,-0.0014522114848525946,0.00038366854601661337,-0.0027647317231677127,-0.006250285059772265
2023-08-11,0.00038227910711453595,0.0012452678102419235,0.0005850661771401699,0.009462592468697217,0.016557696613612595,0.01617541750649806
2023-08-14,-0.005202113398386499,-0.00843558872625586,-0.009962034847028267,-0.010284448375608712,-0.018191916343285465,-0.012989802944898966
2023-08-15,-0.005227637608775248,-0.005413885826252296,-0.010514743375191926,-0.008548365495118226,-0.00826554323481572,-0.003037905626040471
2023-08-16,-0.008492483011456409,-0.004551503307159299,-0.005783391409894323,-0.00854895998552153,-0.00034493638788386517,0.008147546623572545
2023-08-17,-0.0014911742949000218,-0.0009323108301039995,0.002375870762627963,0.0004110956111597286,-0.00012679071610702808,0.0013643835787929936
2023-08-18,0.020287364236837146,0.003692389098809046,0.0014058277297378853,-0.0013272942740854888,-0.003356919743768305,-0.02364428398060545
2023-08-21,-0.004601789882486507,-0.003987748028783089,-0.004608619022682348,-0.00726180515878142,-0.007699909793640591,-0.0030981199111540843
2023-08-22,0.014495053345765285,0.01144421507742156,0.01382803233219967,0.011638100355941195,0.0070326530372824105,-0.007462400308482875
2023-08-23,-0.01370117573937626,-0.023093130789060744,-0.018065456348621268,-0.009069815263355884,-0.002995804697153237,0.010705371042223022
2023-08-24,0.0048781291041600896,0.008718660068741734,0.009220781563222535,0.007878514869299691,0.0026287369779941726,-0.002249392126165917
2023-08-25,0.00825016202938087,0.0023969621767885195,0.005641819654003099,0.005354300947803425,0.007513368333312842,-0.0007367936960680273
2023-08-28,0.008111895737554853,0.015914611735232474,0.009768167906555048,0.014141858225419291,0.013144636250627274,0.0050327405130724204
2023-08-29,0.0024092617760212987,0.006121046679433995,-0.0016377666159130167,0.003132223465967321,0.00311781489339501,0.0007085531173737112
2023-08-30,-0.00024219770300460964,-0.0017999683812427003,0.0024208168169830625,0.001757312622888163,-0.003915002775334364,-0.0036728050723297545
2023-08-31,-0.001334842802195979,0.005487671624480883,0.005390016189403768,0.00645695892427498,0.003462297563505845,0.004797140365701824
2023-09-01,-0.00617551460242245,-0.007201176639134266,0.00029872257301569725,-0.0072426742457239015,-0.0023830753656578054,0.0037924392367646442
2023-09-05,-0.0077822281493465815,-0.0004044868122774492,-0.0043116803598314156,-0.009875199043734994,-0.004045909459573904,0.003736318689772677
2023-09-06,-0.010850213283135391,0.005608116455149914,-0.005581696804401992,8.617640000151417e-05,0.004581100189418441,0.015431313472553831
2023-09-07,0.005045073645907472,0.0003405894895917139,0.0016259003110535297,0.005928652643503574,-0.002417268089408009,-0.007462341735315481
2023-09-08,0.001533996530481674,0.007826661828279647,0.0011561037720855371,0.005974848994348192,0.0011988601825383195,-0.00033513634794335445
2023-09-11,-0.01995335710432017,-0.007643744262572217,0.0015253157840438903,0.0006625433948666659,0.002587683811032826,0.022541040915352993
2023-09-12,0.0047735425006030455,-0.0001936471000668738,-0.0008458030045579102,-0.0028624546969965416,0.008062820628838108,0.003289278128235063
2023-09-13,0.008427151600893846,0.007634387679714994,0.012654249148095865,0.00729225016601136,0.0052322789282424845,-0.0031948726726513613
2023-09-14,-0.010801837523296054,-0.011898534798809668,-0.011004256145962376,-0.023213102904950635,-0.00805202266964139,0.002749814853654664
2023-09-15,-0.00013561796167413931,0.0011443891445135467,0.0025880344216644537,0.0023522334500501118,-0.001748556913827992,-0.0016129389521538527
2023-09-18,-0.0011920542753611652,-0.005552838999586562,-0.0007595890386761894,-0.0030427390423965694,0.0025832134366834516,0.0037752677120446165
2023-09-19,-0.009046668018061043,-0.0056460261116027645,-0.003762533340777774,-0.008082187376397232,-0.012275200744029446,-0.0032285327259684027
2023-09-20,-0.010731766586414514,-0.01380762157289469,-0.017960471335840333,-0.021589624355816784,-0.0227188694962565,-0.011987102909841986
2023-09-21,0.0009193645232790538,-0.005071603836638972,-0.00047327926642910524,-0.007367986196886334,-0.0011963593846374243,-0.002115723907916478
2023-09-22,0.004046751551689487,0.004482102880833183,0.004554805156905794,0.0012579296128135465,0.001671259006391934,-0.0023754925452975527
2023-09-25,-0.011342703581720515,-0.010814336962252202,-0.017469146780583998,-0.010843029928666948,-0.013915266726454757,-0.002572563144734242
2023-09-26,0.003957162764789246,0.0032653984762908705,-0.00044003322919944354,-0.0038758799436296567,-0.0017376748485142478,-0.005694837613303494
2023-09-27,0.01333869463984647,0.0012236989523859542,0.003975440709468747,0.005170929324947482,0.005730917882088127,-0.007607776757758344
2023-09-28,-0.00608147547875465,-0.006218610843198735,-0.006224012937935874,0.0017490026750794363,-0.006364539027687577,-0.00028306354893292696
2023-09-29,0.002803939318412374,0.0002325768124290972,-0.002613796830775883,0.002181666585407793,-0.007309269932403539,-0.010113209250815913
2023-10-02,-0.020289519456341422,-0.013976057314809453,-0.00805652223628781,-0.026111818555134003,-0.009411573106008875,0.010877946350332547
2023-10-03,0.015261902986359922,0.004975964322868365,-0.0009983747468330305,0.007649450471211017,0.005168268953420996,-0.010093634032938927
2023-10-04,-0.0006700583092323131,-0.0011390516869169143,-0.00580737962996426,-0.0029901764163942413,-0.004084412725048603,-0.0034143544158162895
2023-10-05,0.017271566872075993,0.01563674494851055,0.010375221828988224,0.00685447219960762,0.0045908089632367925,-0.012680757908839201
2023-10-06,0.0030047130244835853,0.002228747846135881,0.00454680101002034,0.008087101235668515,0.006875269111802862,0.0038705560873192766
2023-10-09,0.0007118114891162874,0.0033598875177237473,0.0030371827841765286,0.008073554220527801,0.010043412095563854,0.009331600606447566
2023-10-10,0.010223285658818793,-0.0018356379857518256,0.006511674481210317,-0.0016087101263392522,-0.007773307059814172,-0.017996592718632964
2023-10-11,0.0017583591758806416,-0.00020724223444943402,-0.010394054607294579,-0.0037312015865591185,-0.013314365358454417,-0.015072724534335058
2023-10-12,-0.010959334370144347,-0.007085525682244531,-0.00020976429921492067,0.002137407656371959,-0.0037790593926912306,0.007180274977453116
2023-10-13,0.005961795611578525,0.008346349166563415,0.007442611097355856,0.016278879121300348,0.012215468809408525,0.00625367319783
2023-10-16,-0.002348580907402953,-0.001364321257384038,0.002782378086823045,0.0003921446532642703,0.0024687851176345976,0.00481736602503755
2023-10-17,-0.01008313518881605,-0.004358097396354244,-0.01083957749584279,-0.01717829880390508,-0.019788165960382343,-0.009705030771566293
2023-10-18,-0.007478362297185348,-0.0029948155687662737,-0.005922172361612799,0.006988568722564969,-0.005754195893053327,0.0017241664041320213
2023-10-19,-0.007282602948057004,-0.021526136055140033,-0.01757330377568749,-0.008184366909730867,-0.0028745107063752108,0.004408092241681793
2023-10-20,0.0006910716856158517,-0.012160390000333,-0.000837589002815553,-0.004144390024320122,-0.0015968279330411783,-0.00228789961865703
2023-10-23,0.007845200045146983,0.015298730468560662,0.00924277391008349,-0.0003039961593208629,0.005770569064472364,-0.0020746309806746197
2023-10-24,-0.01665752693366094,-0.027991106952780665,-0.0059518535486090315,-0.008136891374124933,-0.009151364544883711,0.007506162388777228
2023-10-25,-0.012296157936393904,-0.015618070148618778,-0.008078006900109458,-0.005880913434207114,0.002809416754030303,0.015105574690424207
2023-10-26,-0.013596234730722523,-0.01192417349121212,-0.009601206386822292,0.004160805520789968,-0.01502278368877682,-0.001426548958054297
2023-10-27,0.015485430516359533,0.012372648671728482,0.012643073933785198,0.0177371899765963,0.013131815656684864,-0.0023536148596746687
2023-10-30,0.009413959624821855,0.010998449530374054,0.008761477359265291,-0.004728191401905124,0.0049107218861686565,-0.004503237738653199
2023-10-31,0.009867597461303057,0.007270905344482525,0.01853751450428067,0.007620817897818699,0.01041509683098445,0.000547499369681393
2023-11-01,0.02073852284966693,0.02188382706078079,0.016228035256419117,0.02359826249922725,0.019565399790183104,-0.0011731230594838257
2023-11-02,0.008371221125285178,0.020746260981365484,0.0005047474446536304,0.010219683458739493,0.007092274356192985,-0.0012789467690921931
2023-11-03,-0.0036054613014239734,-0.0012477530649808942,-6.132506516476344e-05,0.004430766925419627,0.010377709965857674,0.013983171267281647
2023-11-06,0.00011454851435994673,0.0009797044994355741,-0.0013234941219381403,0.004849081914342979,0.007629162533981826,0.007514614019621879
2023-11-07,0.004948523203785815,0.0019763243058623647,0.0010726462935301885,0.0006651247580898966,-0.0009711591905745109,-0.005919682394360326
2023-11-08,-0.011697512845679048,-0.006111092621493131,-0.011732679337969943,-0.006799618177181832,-0.007818672968922458,0.0038788398767565894
2023-11-09,0.023763517906178033,0.023129451526155708,0.00876960292123763,0.009821077017122159,0.011181095345050296,-0.012582422561127737
2023-11-10,-0.0004553221022549292,-0.0008600375866576026,0.00034039093885999125,0.004643956397416382,-0.0026962298378130243,-0.0022409077355580952
2023-11-13,0.017717174894574562,0.013126719667103548,0.02033461541946562,0.016473374086799563,0.0207376194683918,0.0030204445738172374
2023-11-14,0.0028011098765182594,0.001257506229935601,0.006952359125144025,-0.0030124253350003794,0.005375248318321457,0.0025741384418031974
2023-11-15,-0.011786212890816893,-0.000990158928364504,0.007064513952348528,0.008151581737883672,-0.0071133326544988605,0.004672880236318033
2023-11-16,0.004899200404882231,0.001770749655257664,0.005243600614050425,0.0026409888125564105,0.0023310009988363302,-0.002568199406045901
2023-11-17,0.004334246471601621,0.004943530000338936,0.0041039437421280245,0.007156643505940963,0.007629429325466608,0.0032951828538649863
2023-11-20,-0.0029670546385277886,-0.004535672748013919,-0.00427519649369631,-0.001435035681495167,-0.0041639952573696345,-0.001196940618841846
2023-11-21,0.00540016347529515,0.003206836874432051,-0.001497306748852034,0.006330904994611997,0.008073776919146902,0.0026736134438517523
2023-11-22,0.0034474424334015596,0.0010552690648780727,-0.00010631342086669937,0.003956451787068183,0.0022201657806995233,-0.0012272766527020363
2023-11-24,-0.003396252599396432,-0.0023319596233100314,-0.004584585561362176,-0.0038855999897572046,0.00029876269843173155,0.0036950152978281635
2023-11-27,-0.0021785629839339406,0.002619998662536471,0.0032332019287924065,0.001077948954170027,-0.004012919864409293,-0.001834356880475352
2023-11-28,-0.0004317574730517082,-0.0011785534783340657,0.0025844787558928608,0.0009347063694479018,0.013930004101135197,0.014361761574186905
2023-11-29,0.01863742085117579,0.004614356336563241,0.003028060165899926,0.008224656037551403,-0.0005896275844560206,-0.019227048435631812
2023-11-30,0.014658494919021669,0.009098032076531204,0.006983271601378072,0.005906150454358628,-0.0005190206597879054,-0.015177515578809574
2023-12-01,-0.0020227566687705976,0.0037289852279934867,-5.398531049255473e-05,-0.004797293656556767,-0.01419862408759225,-0.012175867418821651
2023-12-04,-0.007300982099017661,-0.0024592523990599412,-0.005693432192980408,2.1312497054770673e-05,0.003540244961651162,0.010841227060668823
2023-12-05,-0.0025756688587071142,-0.0019343073925088493,0.0003522919109120837,-0.007074443704435352,-0.009437208591365343,-0.006861539732658229
2023-12-06,0.0008068047779565601,0.004199373498887204,0.0026000115140787485,0.0039693340205157355,0.02606319856606828,0.025256393788111717
2023-12-07,0.00186869579595762,0.0032363654948954434,0.00403613109124199,0.003604522248652664,0.0043757357396220775,0.0025070399436644573
2023-12-08,0.004527501665038469,0.007323493937170711,0.005680928903959837,0.008085774824989622,0.011015400349940484,0.006487898684902015
2023-12-11,0.01303392590229282,0.004189908765505579,0.008926890059608172,0.0031628901106972585,-0.009669711400579395,-0.022703637302872216
2023-12-12,0.008842369259733451,0.01600413586490059,0.018044214447512086,0.01625255925229251,0.017755025042753326,0.008912655783019875
2023-12-13,0.0008167704403534537,0.013796247548708363,0.018291696676022075,-0.002499761931993716,-0.004769273227508308,-0.005586043667861762
2023-12-14,0.0015215373872890404,0.0007917671634744883,0.004913620622687831,-0.0028856218230972506,0.006962209568931277,0.0054406721816422365
2023-12-15,0.00046338046776615014,-0.0029866876243781703,0.00787583558756263,0.008297485619353107,0.012808222773285426,0.012344842305519277
2023-12-18,0.009119602118658587,0.008818123354757724,0.006487650585083304,0.003579391967726331,0.005001086651427833,-0.004118515467230755
2023-12-19,-0.015280534437470183,-0.01587430869138612,-0.01721083957022431,-0.01115950164801316,-0.014319521048232609,0.0009610133892375746
2023-12-20,0.009763950968311352,0.010632268696695025,0.013206947657844725,0.01139717128888713,0.007396827523248439,-0.0023671234450629124
2023-12-21,0.0032443142234400368,0.002535162929347301,0.0035075164746434908,0.0027150321914615307,0.0037976574632488935,0.0005533432398088568
2023-12-22,0.0021201176130282162,0.004139207348130436,0.004283915319811904,0.008833018926203163,0.002968051695749585,0.0008479340827213687
2023-12-26,0.002297566747175539,0.006906758509757971,0.002363307569021722,0.0011882308076008874,0.003810034957345243,0.001512468210169704
2023-12-27,0.002750150851763655,0.0009803976943655647,-0.00010377924191445898,0.0010655894922479204,-0.000566678631343942,-0.003316829483107597
2023-12-28,-0.0013122206635342692,-0.0011708827764418616,-0.003577122608193639,-0.0025184796829275436,-0.003850321299850412,-0.0025381006363161427
2023-12-29,0.013708395508933647,-0.0001035838478743889,0.001179735604925447,-0.009233728158180498,-0.014775888344317024,-0.02848428385325067
2024-01-02,0.0021203796426179757,0.00036232199967876075,-0.013857817947956952,-0.011350155481170554,-0.0113708656394097,-0.013491245282027674
2024-01-03,0.003031201000800565,-0.001120252321664439,-0.0005564193731698031,0.0026218689292017315,-0.006612231241963274,-0.009643432242763839
2024-01-04,0.0019586033850306104,0.0002109324166290394,0.002687941340861244,0.00590608657097712,0.0007451362887635149,-0.0012134670962670956
2024-01-05,0.004547802332769457,0.00796989029762939,0.01041171771907079,0.01934276397268867,0.02118643552549466,0.016638633192725204
2024-01-08,0.0007284923140728039,-0.003968396609642355,-0.0037576394989598193,-0.0018074100359444013,0.002920084951066171,0.002191592636993367
2024-01-09,0.0075664537477020954,0.007746277887167296,0.007953365395011546,0.0007399962584893393,-0.0015138284081533948,-0.00908028215585549
2024-01-10,0.0026882552023945626,0.0013096151790485955,0.004563402506595671,-0.004662085776489277,-0.0033232164420345265,-0.006011471644429089
2024-01-11,0.0011928874621675244,0.005558083429102067,0.0036898028568793095,-0.0018933184615236853,0.0014636898117698748,0.00027080234960235043
2024-01-12,-8.55709768735835e-05,0.0039977385992409405,-0.005477427111508592,-0.006443781688427841,-0.013936788079005336,-0.013851217102131752
2024-01-16,-0.0016696093102784749,-0.002561514778460039,-0.0031834987583892584,-0.005983121811949066,-0.005731779203688258,-0.004062169893409784
2024-01-17,0.010387000176669959,0.009892323964156024,0.0101653194557909,0.0038786855276020326,0.002966742260853761,-0.007420257915816198
2024-01-18,0.02897817873244606,0.012340238663771397,0.007394700874742111,0.008674389656558746,0.009978893318303173,-0.018999285414142884
2024-01-19,0.0003983970601582398,0.0003418846039848655,-0.0025928173558674938,0.003684420368996044,0.006187119815185838,0.005788722755027598
2024-01-22,0.003519726164000958,0.0020063078819678613,-0.0005310951470103076,-0.0026410410981179576,0.015098753819442968,0.01157902765544201
2024-01-23,-0.0011285917369919351,0.008835303918768588,0.007356519296042452,0.00044283281231689565,-0.0026487446185572416,-0.0015201528815653065
2024-01-24,0.004465622020372451,0.013361822963080028,0.009940990981758047,0.00432108255434045,0.004649700334588391,0.00018407831421594044
2024-01-25,0.002180890030687921,0.00020120009732393918,-0.001226688457247227,-6.479080706637275e-05,0.0034312169003939074,0.0012503268697059864
2024-01-26,0.001182913002125674,0.007508374747150525,0.006085014108926412,0.008005976361117084,0.006533710083845112,0.005350797081719438
2024-01-29,0.0021708175885283066,0.004819627165218543,0.007653986864594664,0.00473753231777182,-0.00032861122997978053,-0.002499428818508087
2024-01-30,-0.014083188530218815,-0.02065074202274785,-0.0125405407641209,-0.014171297298568298,-0.0047308691511920966,0.009352319379026718
2024-01-31,0.013070872644831422,0.0161240515604285,0.008755757958929767,0.011686573927553756,0.00701822119541975,-0.006052651449411672
2024-02-01,0.003337026140707988,-0.00038704404171040484,0.01467229496090917,0.027182120858172308,0.0060297308328799756,0.0026927046921719875
2024-02-02,0.0071495970111471905,-0.0053510295567485875,-0.004718713159288868,-0.004796082115373757,-0.0022907199760704654,-0.009440316987217656
2024-02-05,-0.000644033686061507,-0.0007219895432019951,-0.0021422643559474096,-0.0037403807051576087,0.004382371206558933,0.005026404892620439
2024-02-06,0.012170990482349398,0.007772148947583069,0.0008529104144270883,0.004940686829528451,0.007484312924523506,-0.004686677557825892
2024-02-07,-0.0009912293813213124,0.0023673458118896873,-0.0066467375852164775,0.000865170602521137,0.0025744602442755783,0.0035656896255968906
2024-02-08,0.0023843136479450243,0.0010722828150334317,0.0018595891511210328,0.0026836832060349257,0.0007293828484743359,-0.0016549307994706884
2024-02-09,-0.0035150015791547973,0.0023752298278765906,0.003433073832497746,0.003402078907427053,0.0007164410858417125,0.0042314426649965094
2024-02-12,-0.013681338402342712,-0.010901654272424321,-0.014490040601241972,-0.0079362861350045,-0.015835705696283488,-0.0021543672939407753
2024-02-13,0.0176511564190881,0.008117504503505102,0.012023273923708389,0.004199813120471407,0.005859092790676123,-0.011792063628411975
2024-02-14,0.0032083272461225,0.008968725574861147,0.011862329245970383,0.0060644079709616825,0.009374388087352348,0.006166060841229849
2024-02-15,-0.0023462787462072863,-0.0027036605523655167,-0.0016544917033393003,-0.0038683614508426166,-0.013815216564761534,-0.011468937818554247
2024-02-16,-0.010547239241436367,0.0014960470979406225,-0.010285325463666584,0.0034503042571908836,-0.006511671965592225,0.004035567275844142
2024-02-20,0.0031998457242585986,-0.00046265413338878456,0.0019385057723027232,0.0037279281006241003,-7.791618403008016e-06,-0.0032076373426616067
2024-02-21,0.008154711655655145,0.00728855401973042,0.015575285367211112,0.02043221516477709,0.043490389607555045,0.0353356779518999
2024-02-22,0.001488154841160294,0.0015173270726042797,0.002806439971945629,-0.00042823884251664835,0.006252127733402879,0.004763972892242585
2024-02-23,-0.001182667707456364,-0.0033053255048455243,0.000561434586074372,-0.006013801502280725,0.0015014045063282077,0.0026840722137845717
2024-02-26,-0.00250455729493968,-0.0008662097702217597,-0.0015945707122035579,0.0022276300746811306,0.003270842542134833,0.005775399837074513
2024-02-27,0.003729122148680919,-0.0014519945320254912,0.0013782406607567355,-0.004905217871075851,-0.0015869298915536345,-0.0053160520402345535
2024-02-28,0.004617565177301897,0.009172582882517677,0.007029633140326408,-0.0028027468047909453,0.004793911557657538,0.00017634638035564105
2024-02-29,0.006716308783206826,0.019871462002536533,0.010730359873702456,0.012846202740426683,-0.0009156681203778439,-0.007631976903584669
2024-03-01,0.002256148356428489,0.010107484885783159,-0.0020183383706445014,0.0067769480889966925,-0.00944097932801875,-0.011697127684447238
2024-03-04,-0.01341465626945194,-0.010087346228137372,-0.01192021442243496,-0.0033935992907436876,-0.007407738852173484,0.006006917417278456
2024-03-05,0.0051211819780301645,0.012425487907392818,0.005992541376202964,0.002984585333496337,0.00164349758863086,-0.0034776843893993045
2024-03-06,0.014735517168918721,0.012487184527253458,0.0058980225926968275,0.006966244554113021,0.004510833239810053,-0.010224683929108669
2024-03-07,-0.025645626472670147,-0.0071940003552581015,-0.0012751850336496172,-0.00022177498020417019,0.0019456590319863465,0.027591285504656494
2024-03-08,-0.00023635816129550236,-0.008943225473872652,0.0021976126787729643,-0.002486670513848277,0.0023838744725975802,0.0026202326338930827
2024-03-11,-0.0003793716853758955,0.005685898040095283,0.022788463640808554,0.0067757986780795365,0.018469385827645603,0.018848757513021498
2024-03-12,-0.0032275139249760554,0.0021130688061335445,-0.00011661061213871226,-0.0023784702795324407,-0.0008719730244234447,0.0023555409005526105
2024-03-13,0.004966760659558566,-0.007343221982217129,-0.00065918997758031,-0.008713070300840408,-0.008428157159874671,-0.013394917819433238
2024-03-14,-0.007669454774143292,-0.016493311376911624,-0.004734398296628861,-0.0031743346032906184,-0.004289331825300846,0.0033801229488424457
2024-03-15,0.009165229905817241,0.007048097326064573,0.004044732716017863,0.0011199151519658112,0.00635474944052411,-0.002810480465293131
2024-03-18,0.006071534431831871,0.007806445304822385,0.008291453306516195,0.00048058129504721105,0.0034816094066772883,-0.0025899250251545823
2024-03-19,0.005071860569159181,0.013386834073911969,0.010065479032387591,0.011142011306471,0.0039044031844955975,-0.0011674573846635833
2024-03-20,0.003916307874959934,0.006007221402347418,0.010070938908750215,0.0022021255902988646,0.005047840373150725,0.001131532498190791
2024-03-21,-0.010361946644022268,-0.00415931544246354,-0.005386844681149849,0.0011324612831506765,-0.003965172083808255,0.006396774560214013
2024-03-22,-0.004075650797271901,2.372514111579349e-05,-0.006293738928506087,-0.004477222671901782,-0.005989658982281654,-0.0019140081850097523
2024-03-25,-0.002221804970246444,-0.0019775313733692568,0.0010862649139952274,0.0003841538337797989,-0.0006087764488577951,0.0016130285213886487
2024-03-26,0.019196528632343855,0.003646186622245895,0.012332127895950507,0.003884275615951227,0.00966795216897538,-0.009528576463368476
2024-03-27,0.0006730896748961323,0.004271465346094116,0.0011893164180390658,0.001279559321547763,-0.000640102571125345,-0.0013131922460214774
2024-03-28,-0.0034157690332732526,-0.004244631144915412,-0.004319378302347088,-0.0009704537676446856,-0.0034291710242887906,-1.3401991015537986e-05
2024-04-01,-0.0018369898037718935,-0.0044434038639113325,-0.011157113724739343,-0.014012465554484044,-0.004613839616253501,-0.0027768498124816077
2024-04-02,-0.0018403144039883634,0.0004215415515637866,-0.0028859985203087634,0.011312510823702571,-0.0010327257622733677,0.0008075886417149957
2024-04-03,-0.004212141536113689,-0.014962454888257504,-0.018078239622180425,-0.019518887587832868,-0.01082777680917183,-0.00661563527305814
2024-04-04,0.024478163257558694,0.01449250925764276,0.006291979990052076,0.006914111264163425,0.0045788823332152725,-0.01989928092434342
2024-04-05,-0.00441456425259692,5.487276885229875e-05,0.00015132792616886492,0.002394151289727986,0.0018648848029096054,0.006279449055506526
2024-04-08,-0.005209477438263277,0.0027076386444948473,0.0012743498828970523,0.005105398895616642,0.007442175062031963,0.01265165250029524
2024-04-09,-0.005347354677232308,-0.009621437638973463,-0.01852293265970124,-0.011644762511915475,-0.005410484300146267,-6.312962291395944e-05
2024-04-10,0.003835137492218643,0.0054982413122340425,0.01244816109586525,-0.007069883934447874,0.0010749146250980223,-0.0027602228671206206
2024-04-11,-0.012547588358267015,-0.0180789315196077,-0.017020944535370473,-0.012776523282988972,-0.011858034589447198,0.0006895537688198176
2024-04-12,-0.01568480582797923,-0.010162177978287312,-0.013240309841014852,-0.003804447048151105,0.001273555754899003,0.016958361582878233
2024-04-15,-0.0009249463962467507,0.006743641225335273,-0.0009563211182743503,-0.0003626857852402243,-0.004596574514548135,-0.003671628118301384
2024-04-16,-0.01187350109515618,-0.005657479644721253,-0.00037635885950738636,0.0001271906028121439,0.003439711261195988,0.015313212356352168
2024-04-17,-0.0008171398938944141,-0.005701910846553915,0.0027465403918625953,0.00035141778250848967,-0.001354447800556846,-0.0005373079066624319
2024-04-18,0.005310290658806238,-0.009741051732755645,-0.01690929825426112,-0.0008592884095951825,0.005452009171412986,0.00014171851260674773
2024-04-19,0.010414390983832789,0.00803103980505151,0.010504160362768512,0.0072882908597550755,0.013652013114884088,0.003237622131051299
2024-04-22,0.004471494012585264,0.0089811385019961,0.0036933830243762065,0.02292161254009628,0.019063273231773415,0.014591779219188151
2024-04-23,0.0017746726090860365,-0.00291082170123228,-0.0003782681819548328,0.0024979679086839512,-0.004042706996135359,-0.005817379605221396
2024-04-24,-0.003320380784808563,-0.0076265209811371415,-0.0016801264619526134,-0.01202920023729298,0.0026314186461704804,0.005951799430979043
2024-04-25,0.0022039005261443867,-0.0017369350034276976,-0.0035383875650833894,0.017564372819403228,0.018076570951675797,0.01587267042553141
2024-04-26,-0.0012804961513931067,0.0037943065206278103,0.0033318533961740225,0.002672825350817032,-0.0023574071002798514,-0.0010769109488867447
2024-04-29,-0.0175093215315409,-0.010176145187080887,-0.0034102574498365403,-0.016990151233353224,-0.01170782238357423,0.00580149914796667
2024-04-30,-0.02061447267457811,-0.0002961835298756155,0.0009876387457049217,0.004436069392252806,0.0020722466116269377,0.022686719286205047
2024-05-01,0.01599602052731741,0.006234190729907207,0.008000709739797551,0.004068789115897931,0.005297461599716136,-0.010698558927601276
2024-05-02,0.018759163333975593,0.013477692965931144,0.010131974493196073,0.0025354343650091592,0.009711785479244428,-0.009047377854731165
2024-05-03,0.00011661156170925669,0.008950434113528838,0.01626262829593874,0.00903738519288445,0.01351567028566989,0.013399058723960633
2024-05-06,0.0017401469284011207,0.005097547987054885,0.004645773911056039,0.004340264167253594,0.0023808106230772787,0.000640663694676158
2024-05-07,0.0004065030412370163,0.0035996047177335954,0.00017780224211132455,0.002562946165154456,0.0016424695152411628,0.0012359664740041465
2024-05-08,0.010762567018465685,0.005271841092131935,0.006687591404972893,0.0009130389015442608,0.0023513662333361053,-0.00841120078512958
2024-05-09,0.0022830451796975295,0.004089743418808467,0.005221212449553947,-0.0014734996353141239,0.006559981213184751,0.004276936033487222
2024-05-10,-0.004163555355228254,0.0011630416663756748,-0.004828232699622337,-0.0020576079469845966,-0.0008327330587389215,0.003330822296489333
2024-05-13,0.002603695792185101,0.0028380546462985047,0.0018518797617352646,0.007603748455257487,0.008750779464883052,0.006147083672697951
2024-05-14,0.010469431114278649,0.0147867599663557,0.006439731969431717,0.016571340653981116,0.019494770276819763,0.009025339162541115
2024-05-15,-0.005073074155119361,0.0008634806002432938,-0.004772890882243896,0.004818677719538223,-0.0035797662743989765,0.0014933078807203848
2024-05-16,0.0007342313616430007,0.004829521544427395,0.003710639384948178,-0.0020737177040892176,0.0038296117321161005,0.0030953803704730997
2024-05-17,-0.011237024646108573,0.0026719306924862683,0.003676528942080759,0.0005079949733360123,-0.004286422177432336,0.006950602468676237
2024-05-20,0.00439870188967868,0.00771252772292208,-0.00016122749858760166,-0.0015992545800094238,0.0005667950941782407,-0.0038319067955004393
2024-05-21,-0.002059903607956948,-0.003436143181687856,-0.005782320516366113,-0.004028335719838671,-4.790826133874715e-05,0.0020119953466182007
2024-05-22,-0.010884358266204097,-0.014159938841603659,-2.169480371141397e-05,-0.00603176964851303,-0.01668717627131929,-0.005802818005115194
2024-05-23,0.012948616732983764,0.003226581627354297,0.001350469905217766,0.000406157025334275,-0.0023213083470305486,-0.015269925080014311
2024-05-24,0.008419585290369324,0.000560724150035763,-0.006939503457542506,-0.010949168781723594,-0.005824249059584075,-0.0142438343499534
2024-05-28,-0.012175457501503529,-0.005484062982563875,-0.008482849624160271,-0.010342068164305695,-0.008812676047614553,0.0033627814538889755
2024-05-29,-0.010049593283198644,-0.012979078490921336,-0.01768386722350258,0.0022557971544241774,0.004657837165326939,0.014707430448525583
2024-05-30,0.0007416559084381658,0.0069621399152002385,0.01501295221225859,0.009912103349650602,0.017352467609137622,0.016610811700699456
2024-05-31,-0.0103974919295458,0.00368865859532449,8.727794073715156e-06,0.0013959440761937448,-0.00015867124854118675,0.010238820681004613
2024-06-03,0.00752619645042295,0.0004316655504678857,-0.0010317992267468656,0.003280363719281998,0.004258031223370706,-0.003268165227052244
2024-06-04,0.0030177693213607414,0.0026430360449454238,0.00963450964287198,0.010442968530334518,0.02177026178048973,0.01875249245912899
2024-06-05,0.0012460139759891352,0.0023405879193055144,-0.0016383654883776132,-0.0002553476777638952,0.006629988866889225,0.0053839748909000895
2024-06-06,-0.005989492948414043,0.0049781340650418724,0.0001071798527388701,-0.004969475485992314,0.0016425315777413684,0.007632024526155412
2024-06-07,0.0072603212344837355,-0.001543086494647461,-0.00010372901569211113,-0.003661697482994897,0.002101931810924551,-0.0051583894235591845
2024-06-10,0.0013454157206985063,-0.0026634349479949804,0.000643682236270704,-0.007753041242498903,-0.006715126895476498,-0.008060542616175004
2024-06-11,0.0036818398789359996,0.015201854649094982,-0.0012907665003515257,0.00019800918257359968,0.00466922653310986,0.0009873866541738607
2024-06-12,0.013523857532463513,-0.00034902255861810614,-0.003406648620460739,-0.006220761669212449,-0.002242711869689262,-0.015766569402152774
2024-06-13,-0.00015879773462590396,0.0182536258422748,0.001407721178756216,6.262474290027464e-05,-0.000806454960102676,-0.0006476572254767721
2024-06-14,0.012128738436827703,0.008195286338565932,0.00012738451800551332,0.008103165235157795,0.006000666835470059,-0.006128071601357644
2024-06-17,0.006108906775627432,0.0035503162665269537,0.0033451246830017213,0.0004291970470624462,0.006013388092885874,-9.55186827415579e-05
2024-06-18,-0.01625280979153586,-8.848342264355935e-05,0.005250078468234376,0.01382047194618663,0.013796426689138408,0.03004923648067427
2024-06-20,-0.0020345471538847247,8.22965359479233e-05,-0.009060956757453753,0.0023152617974621426,0.004948224954101688,0.006982772107986412
2024-06-21,-0.0010683188843067404,0.001777917589183775,0.0023541362150218625,0.00874379584056798,-0.010885036645931257,-0.009816717761624516
2024-06-24,-0.004381666378113158,-0.003612014776321315,-0.009137984178631509,0.0016998544453648789,0.007479538461225588,0.011861204839338746
2024-06-25,-0.006794011072741979,-0.005079932140629006,0.00393138786102486,-0.0011236206099082048,0.0030155381609126676,0.009809549233654647
2024-06-26,0.003146960998697401,0.003865171490503283,0.004358490877635279,-0.004973962757725681,-0.00510519298563854,-0.00825215398433594
2024-06-27,-0.010768230677083823,0.00378620157105537,0.0032063119766963634,0.004404912955477169,0.004182411044881029,0.014950641721964853
2024-06-28,-0.002456379117994101,0.007416763506001933,0.001218041860404362,-0.0035584773163559015,-0.0042202357607615815,-0.0017638566427674806
2024-07-01,0.006930293471608851,0.005145964048113116,0.010024127072942956,0.003053072899155784,0.0035899255795423858,-0.003340367892066465
2024-07-02,-5.074937598616991e-05,0.006573267315715692,0.0015066743959223916,0.005646683905035754,-0.0018735907881414881,-0.0018228414121553183
2024-07-03,-0.0034915111078120064,0.0077444376224844345,0.003063202338470705,0.00929013235260956,0.009316216728223959,0.012807727836035966
2024-07-05,0.005100501768827226,-0.0007579737685008859,-0.004844057444333094,0.0010438375098443587,-0.0007990398834239465,-0.005899541652251173
2024-07-08,0.0015295463363117045,0.004780165277959758,0.003929765766582316,-0.0015658083713245507,-0.002206270362535223,-0.0037358166988469277
2024-07-09,0.011151383999126008,0.005070082010747301,0.010809915027161688,0.006013661139414461,0.010033047499019676,-0.0011183365001063324
2024-07-10,-0.00713219198979016,-0.0007753517703419033,-0.006158483576098139,0.0044299523673149484,-0.005498288180726052,0.0016339038090641082
2024-07-11,0.009085455016093213,-0.0006074373401619093,0.0011730870303669372,0.0015632429313134355,0.006980969634906265,-0.002104485381186948
2024-07-12,0.002909899278574457,0.004880930135207217,0.003452403998045428,0.005719812875824204,0.005791344776034058,0.0028814454974596007
2024-07-15,0.017944799394102873,0.022203928400963403,-0.003440084910269303,0.0056311079968276116,-0.0012945287971167895,-0.01923932819121966
2024-07-16,0.010468563621263516,0.008526465267220562,0.011393385841696824,-0.022106714287962216,-0.036821751714739615,-0.04729031533600313
2024-07-17,-0.007590585146657836,-0.013944713973041789,-0.012301211327237938,-0.018222566473782852,-0.00038663272081361776,0.007203952425844218
2024-07-18,-0.013278599386472235,-0.008232433352002976,-0.005380684423758597,-0.009371995812895906,0.000683435391631948,0.013962034778104183
2024-07-19,-0.0002581706163639841,0.0033872973113962535,0.01092954313374781,0.00891145376195035,0.02470207223915203,0.024960242855516013
2024-07-22,-0.0037079249125791637,-0.001468732557266883,0.000729593439667453,-0.001379167610697074,0.0032702821934980754,0.006978207106077239
2024-07-23,-0.027064025330673668,-0.005210859651110155,-0.008419716532383348,-0.01562383616180386,-0.019926021246465798,0.00713800408420787
2024-07-24,0.00021018433631319055,0.005519730735123229,-0.003052263587746662,0.0018996105087469184,-0.0008745966763042956,-0.0010847810126174862
2024-07-25,0.012967042503319759,0.006488396284249987,0.014983224287284736,0.0073982352037233355,0.01150569263686596,-0.0014613498664537983
2024-07-26,-0.0055297640563706785,-0.005684915455559547,-0.0008550264354569403,-0.004496150101241514,0.004490018894865067,0.010019782951235744
2024-07-29,0.01034731439131804,-0.010337007997771219,0.006180911299225456,0.0006697067081170571,-0.01624891030386292,-0.02659622469518096
2024-07-30,-0.003013694091910768,0.0043153956587540735,0.009853902065792142,0.011839626486453758,0.034478136685702175,0.03749183077761294
2024-07-31,-0.007678331457344689,-0.0037343535369179447,-0.028805406504419907,-0.018726290436665828,0.004832312179090093,0.012510643636434782
2024-08-01,-0.005773109522180253,-0.02016830701882617,-0.00964938019801358,-0.025492720644510847,-0.020372424498383356,-0.014599314976203103
2024-08-02,-0.03181185867999544,-0.02625846115649959,-0.01834818759409388,-0.026317757292837574,-0.02696224164140205,0.004849617038593389
2024-08-05,0.010961092457173449,0.006660719927511605,0.005110960496940686,0.012886196954110163,0.006867663528464496,-0.004093428928708953
2024-08-06,-0.02001333211216817,-0.007004204461646934,-0.006154737481877681,0.0010286579672285523,-0.0006955968888359698,0.0193177352233322
2024-08-07,0.02979404291795007,0.031276697793019136,0.015676506693291525,0.020859688374548636,0.019577446791164587,-0.010216596126785483
2024-08-08,0.005190073712162113,0.0074427958401614425,0.002179614634694682,0.0007300704950763848,0.004086192252156495,-0.001103881460005618
2024-08-09,-0.0033664181485430376,-0.0026562566991060856,0.0009531476417513729,-0.003527454645170658,-0.002173543340443451,0.0011928748080995864
2024-08-12,0.010674543707445194,0.0076748720838483945,0.013286974497529958,0.014275912547878734,0.01664310870531035,0.005968564997865154
2024-08-13,0.007376126878723121,0.008358349344624838,0.0042892323238348795,0.004722843827797918,0.007539910607432754,0.00016378372870963238
2024-08-14,0.014027218838089873,0.011265508379881495,0.013302293866599858,0.016623471957452507,0.02364523979868276,0.009618020960592888
2024-08-15,0.005095038173388999,0.00252205581283661,0.005446186894377714,0.0003747040928342438,-0.000530476438664118,-0.005625514612053117
2024-08-16,0.013291451857999159,0.010140452415698253,0.004294744516027571,0.005918479544356747,0.008074892937809131,-0.005216558920190028
2024-08-19,0.0006855194243046592,-0.0020943332776014677,-0.002783926864163344,-0.0017525138357925684,0.0009835700122290292,0.00029805058792437
2024-08-20,0.004861319512906937,-0.0022552513411639775,0.0011341915182028982,0.0018686013409754288,0.005804097685693388,0.000942778172786451
2024-08-21,-0.008754666271707201,-0.005252611514352623,-0.004116461183583553,-0.004567991651063019,-0.005388630337034539,0.003366035934672662
2024-08-22,0.0058782964585373685,0.007556008838369444,0.009531764243327034,0.01817075492155329,0.012681174374038828,0.006802877915501459
2024-08-23,0.0011704805412823482,0.002336197500416759,-0.0005671765272268314,-0.0014528476209588637,-0.004349606173032816,-0.005520086714315165
2024-08-26,0.005311318063996562,0.0008797768303068221,0.0015678505168462032,0.001265202489764161,0.0035876619222897864,-0.0017236561417067757
2024-08-27,-0.0017423063323230626,-0.0010071882455585102,-0.0066336872321525854,-0.004577649725147959,-0.010003404194957077,-0.008261097862634015
2024-08-28,0.006069456490145631,0.008091756082979028,0.005955247061861369,-0.0042969547019169555,0.0012338322681562874,-0.004835624221989344
2024-08-29,0.007904839755419136,0.005681545613932915,0.007082219538902601,0.009866818494833085,0.01461016624606527,0.006705326490646134
2024-08-30,-0.006672523800973318,-0.019194407844617713,-0.014982117449345179,-0.019158341716070514,-0.029782578994769437,-0.02311005519379612
2024-09-03,0.003206087904396737,-0.0013234919912422315,-0.00104003478728244,0.0028253684797685088,-0.0007081038573547472,-0.003914191761751484
2024-09-04,-0.00793522108127992,-0.006235639886832844,-0.008713717734654947,-0.006134263340057599,-0.00018892761127371483,0.0077462934700062045
2024-09-05,-0.010032622373306077,-0.019922420966237107,-0.014360336296748166,-0.01645756760419622,-0.014246135720073905,-0.004213513346767828
2024-09-06,0.010636531806123761,0.00791064681695398,0.011878075591958437,0.015454710352350775,0.016332778828712657,0.005696247022588896
2024-09-09,0.014240975231634622,0.012633267434449058,0.004872693098267722,-0.008900649808080984,-0.0059974079098271795,-0.020238383141461803
2024-09-10,0.003711207654661086,0.011205512757324598,0.007374095555185567,0.008144744459383346,0.0005328309476131498,-0.003178376707047936
2024-09-11,0.008961253347173015,0.012535564126208997,0.005067630152284053,0.0023653825646100636,0.0021888964487328357,-0.006772356898440179
2024-09-12,0.006026732893980613,0.0012192351487462117,0.0014941728767948637,0.0065423762741128825,0.006088083350237861,6.135045625724721e-05
2024-09-13,0.008455095331435713,0.0006018302837592748,0.007158268314241667,0.012081555260649158,0.0018540878500779901,-0.0066010074813577235
2024-09-16,-0.009798887316123195,-0.0025659080077746086,0.00452533784888226,-0.0034434484934797284,0.005800977621525339,0.015599864937648533
2024-09-17,-0.0011344182009354275,-0.006889353345726457,-0.005174372630146163,-0.002883066099345599,-0.0013400229433068068,-0.0002056047423713793
2024-09-18,0.017369115633550557,0.015038037622157307,0.011615772534414537,0.010899703008019313,0.024846436126664463,0.0074773204931139065
2024-09-19,-0.003378960166894229,7.417517714902732e-06,0.0004210301845832154,-0.0038636914367711217,0.0018973983484853573,0.005276358515379586
2024-09-20,0.0018725267720149485,-0.0008622863221420584,-0.000443288542090281,0.0057022553249287955,0.004597119179386877,0.0027245924073719284
2024-09-23,0.006000730311987346,0.0034645091875893596,0.0008014652858051696,-0.008997592540549071,0.0016646808159506033,-0.004336049496036743
2024-09-24,-0.0007809197575553539,-0.005005489718388989,-0.006953148432667156,0.0026274925333994114,-0.007842522859736967,-0.007061603102181613
2024-09-25,0.005662639828239779,0.001289191004289647,0.004152461677696806,0.005466075602969378,0.007441305939972276,0.0017786661117324964
2024-09-26,-0.006006997742272202,-0.0010197793194550498,0.0004775053855808231,-0.0013426058839166033,0.0073943000425111035,0.013401297784783306
2024-09-27,0.0035193975271196943,0.003731444385037219,0.0037915680180368393,0.008962435980009453,0.0022336485619767867,-0.0012857489651429076
2024-09-30,-0.0043440421271554895,-0.008140922422646756,-0.0013096773770641112,-0.014075258487216257,-0.002203842644303,0.0021401994828524895
2024-10-01,0.0016203952247314745,0.001583492832290845,0.003510773383508259,0.0010999647421527704,0.0034586260740902875,0.001838230849358813
2024-10-02,0.000260039949600277,-0.004966195812960405,-0.00294958159383889,-0.002793275069614709,-0.0024227726320578792,-0.0026828125816581562
2024-10-03,0.005375331322879762,0.009611822983662376,0.015130378462949578,0.015818294229785045,0.0023943332163034346,-0.002980998106576327
2024-10-04,-0.00523004947593767,-0.009818920393691522,-0.0022208664618844965,-0.011418566681200304,-0.010902859576895362,-0.005672810100957692
2024-10-07,0.004004975966703961,0.0038148054083337103,0.01116328495445119,0.010781913872361937,0.006883967608675501,0.00287899164197154
2024-10-08,0.006425743031352971,0.011190694752088493,0.014780962740239345,0.009965291218033523,0.006313860957215855,-0.0001118820741371155
2024-10-09,-0.006619950141142727,-0.005618331412961608,-0.0020750300328367553,-0.0033429825670917234,-0.00033090125233071755,0.0062890488888120094
2024-10-10,0.011218868133483162,0.011744464003242893,0.008172893964040317,0.008406727022684224,0.008387283549400059,-0.002831584584083103
2024-10-11,0.003363612524730708,0.008550824806723423,0.004171042738277298,0.006692588727751881,0.008754705354957681,0.005391092830226973
2024-10-14,0.0006376267461843721,-0.0025729799837350244,0.0014556939237063693,-0.011743926860264643,-0.018225570385665368,-0.01886319713184974
2024-10-15,0.008916703045195174,0.007920768354654873,0.0009908278927377111,0.001954079506835138,0.00806375358555277,-0.0008529494596424044
2024-10-16,-0.0012200394698510975,0.0012489026400646862,-0.00553311524312875,0.0034861784778851047,-0.001962603396862106,-0.0007425639270110084
2024-10-17,-0.0008073514473627031,0.00423833939035102,0.0003512641283903162,0.002201918100580158,0.010608067250517671,0.011415418697880375
2024-10-18,-0.009216482974513473,-0.005862623908335429,-0.0036064388814571967,-0.004391365864827168,-0.004583355829933189,0.004633127144580284
2024-10-21,-0.002445597369743113,-0.008643973514902403,0.0007277824500377172,-0.0011517433633554063,0.003711121922524996,0.006156719292268109
2024-10-22,-0.008377480227676726,-0.0109113611441084,-0.003727607462471594,-0.012867421732822293,0.0013367466052428222,0.009714226832919549
2024-10-23,-0.005205230490002344,-0.0012068825875405365,0.00046730821692425595,0.0018358048191547626,-0.007390686193284235,-0.0021854557032818904
2024-10-24,-0.004080962620149564,-0.0008451375843794185,-0.001926704440158189,-0.0020505306538675327,-0.01114787189865436,-0.007066909278504795
2024-10-25,0.003148757494112553,0.006402880103728081,0.006051474273483337,0.0036068340760428306,0.0004968394072423554,-0.0026519180868701973
2024-10-28,0.009009893229629062,0.004658915441098444,-0.007373852305065709,0.004371157981936502,-0.007392092820939456,-0.01640198605056852
2024-10-29,-0.014402490221560316,-0.0018019255454467698,-0.003153517587018595,-0.0008595255546535397,-0.005663228687259614,0.008739261534300703
2024-10-30,-0.01940053731682053,-0.01408503877482552,-0.0179056415243656,-0.00281655759190218,-0.00574367612434562,0.01365686119247491
2024-10-31,0.0068717764317759444,0.0077193533622822,0.004291180209347012,0.005651149155095181,0.001630871854970628,-0.005240904576805316
2024-11-01,-0.006148196474511291,-0.005322218581354376,-0.003949892383060561,-0.0009321508223510633,0.00019415947043210924,0.0063423559449434005
2024-11-04,0.00889208804320366,0.010121181084022868,0.013722580407724927,0.011364662380077084,0.005021550386977258,-0.0038705376562264025
2024-11-05,0.0156349769934483,0.028297005282525666,0.04343818352341995,0.03852157900535961,0.014464679491719335,-0.0011702975017289664
2024-11-06,-0.015282832083653308,-0.0018754392040903124,0.005064902404549898,0.008857689561450489,0.016272111260530842,0.03155494334418415
2024-11-07,0.008757696653858681,0.004284274502037655,0.00179154426747129,0.009101585559849256,0.006929566177653135,-0.0018281304762055462
2024-11-08,0.013461804660892817,0.013761193315767927,0.001449083238020843,-0.01127015779720858,-0.00843968908830881,-0.021901493749201625
2024-11-11,-0.001450303172166978,-0.004805771245488399,-0.0029470954799595715,-0.006993747218769686,-0.008484484055197593,-0.007034180883030616
2024-11-12,0.00015189009497970085,0.003238334065778303,0.0010453680395010156,-0.002091128841590817,-0.0020419462203388637,-0.0021938363153185645
2024-11-13,-0.009533960219044202,-0.00962687524089989,-0.003072899325089873,-0.0016661008005537715,-0.004303588818176362,0.00523037140086784
2024-11-14,-0.005314155247503449,-0.006822889790940823,-0.010512388373146886,-0.016059025895230773,-0.022744968373317177,-0.017430813125813727
2024-11-15,0.0024471350233239543,0.00046086311692360437,0.004339474813068012,0.007565261315762795,0.00017288841542476563,-0.0022742466078991886
2024-11-18,-0.0028086210149576908,0.0019771927350461073,-0.0027699778645668637,-0.0009149770787315603,0.0015466068700660585,0.004355227885023749
2024-11-19,-0.0029550568190463864,-0.005952668261335193,-0.002828148136304709,0.00011272278441841755,0.015427639692177319,0.018382696511223706
2024-11-20,0.00853986145993998,0.013650657944687328,0.0032408609128358966,0.007912262879803822,0.005846022293597109,-0.002693839166342871
2024-11-21,0.005182551226350751,0.01165980954318573,0.005431586960189816,0.005397717428332016,0.0022254476152219647,-0.0029571036111287865
2024-11-22,-0.0013042385877916173,-0.0007875491518710587,0.008328536139724252,0.0075610096344399195,0.010595511588555151,0.011899750176346768
2024-11-25,0.00039373349921585367,0.011256761600497133,0.001399469974821843,0.0038669082584482095,0.003157717003176874,0.0027639835039610203
2024-11-26,0.00048176009374525377,-0.007991484390480707,0.0006359216519993604,0.0007720961197282827,-0.010678642230396463,-0.011160402324141717
2024-11-27,-0.0006503178916811958,0.003939794652789663,0.0037901713794304182,0.007758798232636999,0.008322886931204287,0.008973204822885482
2024-11-29,0.00030107366947533797,-0.004789758783413356,-0.004643774222997365,0.005600203599518849,0.0037681727185051696,0.003467099049029832
2024-12-02,0.006245800901095655,-0.0013089915915852734,-0.006069255438674215,-0.003951504201627864,0.004097743330114756,-0.002148057570980899
2024-12-03,0.004921566924002663,0.0018771471201581625,-0.0007425902690716302,0.004182504859581704,0.012154270029816738,0.0072327031058140746
2024-12-04,-0.003696919691441103,-0.004766284719067593,-0.0010841432084041426,-0.00640439243458526,0.0008960748466688373,0.004592994538109941
2024-12-05,0.011259764901769631,0.0016800204126536822,0.003344708045753131,-0.0007803213723027614,-0.0016932520215153014,-0.012953016923284932
2024-12-06,-0.007873078213051277,-0.006979644615233293,-0.008942864382924142,-0.00554802616252531,0.00010525749764429548,0.007978335710695571
2024-12-09,-0.012421397990163363,0.003223722413418573,-0.007874721920255734,0.0033524671534066242,-0.002082533344905413,0.010338864645257951
2024-12-10,0.00961544455517962,0.012818316827604393,-0.0058164139644940275,0.005317296398318938,-0.006685136873679132,-0.016300581428858752
2024-12-11,-0.01913706572904711,-0.0030960756394428413,-0.004110946062879583,-0.00251703622438465,-0.010813936398166047,0.008323129330881062
2024-12-12,0.014961312595016707,-0.002945862807777233,-0.004630079478868665,-0.0019755836215308185,-0.0031607984174016448,-0.01812211101241835
2024-12-13,0.02351595240013259,-0.0009655059717018633,-0.0021298629945959214,-0.014222268334325027,-0.0070706126275486446,-0.030586565027681235
2024-12-16,-0.006256116276297852,-0.004400164950640839,-0.0034356507364208034,-0.0018618435333874084,-0.007687996780324269,-0.001431880504026417
2024-12-17,-0.03444199494181849,-0.02756582248260314,-0.018963109767588904,-0.028862059450224575,-0.021071461276817048,0.01337053366500144
2024-12-18,-0.0011299115261089732,-0.0003969989225832582,0.00809125769128156,0.003541860901813898,-0.009596707158178851,-0.008466795632069878
2024-12-19,0.009680740408456623,0.01265156060570447,0.013010191002938131,0.005062600601923239,0.011367776760615955,0.0016870363521593323
2024-12-20,0.00299368883794926,0.010195209396498173,0.007177465415576079,0.00726902689492096,0.004305567550110867,0.0013118787121616073
2024-12-23,0.009259434867110894,0.01152536540639144,0.00913495780494027,0.012219261377973046,0.008759055605426003,-0.0005003792616848912
2024-12-24,0.00011600826084100513,-0.0010626680908514263,0.0021819445141429304,0.0011503054225510457,-0.0009087199324319228,-0.001024728193272928
2024-12-26,-0.009412834769831745,-0.00825080073138792,-0.005778929606904582,-0.005302505574882421,-0.00889319593112593,0.000519638838705816
2024-12-27,-0.01252622264744394,-0.009947776865458068,-0.010682816802528295,-0.009872244836759548,-0.01123971028641101,0.001286512361032931
2024-12-30,-0.005887779963163564,-0.0006310838681060083,0.0015658273472241024,-0.0009740310833983523,-0.0005225944698692864,0.005365185493294278
2024-12-31,-0.00019045560312231925,-0.004044535945019812,0.0010652747085863501,-0.0009703923638827439,-0.0011352310729194736,-0.0009447754697971544
2025-01-02,0.010141928748731566,0.008826549780661408,0.011139694214150708,0.009482792943989082,0.0013336028197268091,-0.008808325929004757
2025-01-03,0.011569595413683409,0.008188189535572387,-0.0011690473239538202,-0.005164838256763704,-0.005919767022371325,-0.017489362436054735
2025-01-06,-0.00678386934428572,-0.0013711715167616823,-0.011014967560064237,0.0011391447332937954,-0.004836834869647611,0.0019470344746381095
2025-01-07,-0.005137076842588584,-0.006215628646932325,0.005841035269969197,0.0036538451331823095,0.005273558646232879,0.010410635488821464
2025-01-08,-0.01162200374052691,-0.007221991259704663,-0.016682998867807608,-0.015303505254882577,-0.025223643107386173,-0.013601639366859264
2025-01-10,0.002097237794534701,0.007452551197404589,0.007545902628137591,0.007756005979887115,0.0026386720713540645,0.0005414342768193634
2025-01-13,0.006457823307378252,-0.0019459995291127962,0.0029868131105395433,0.0007532533087580507,0.002580232158004647,-0.0038775911493736047
2025-01-14,0.014753697675074718,0.0245532429639864,0.009879783038277778,0.01384356019653885,0.022027433014929754,0.007273735339855036
2025-01-15,-0.00096718747821678,-0.0016216026081165903,0.003741726236909404,0.006763647167851006,-0.003097276074402855,-0.002130088596186075
2025-01-16,0.013708249663012363,0.0040951732075262814,0.0014378945321154135,0.010143620475679172,0.01194164979259602,-0.001766599870416342
2025-01-17,0.01062788698239837,0.015782540091228592,0.014270827208685,0.016569510657554843,0.005881035099925436,-0.004746851882472935
2025-01-21,-0.007227222179700843,0.006414670076236762,-0.0008204547552345786,0.016445061799439276,0.005296716145936531,0.012523938325637373
2025-01-22,0.021739588124175778,0.010073870857311373,0.009470087170728803,0.005032948141333626,0.008027263173717769,-0.013712324950458009
2025-01-23,-0.003616350167449556,-0.005160090663646644,-0.0015615033550659297,-0.004208247921651476,-0.0003353580569448678,0.0032809921105046882
2025-01-24,-0.015768452247059427,0.017468382644107838,-0.02220560281759206,0.003840640155794406,0.01753089169451293,0.03329934394157236
2025-01-27,-0.002609158550596613,0.0009434698349699233,-0.004226207317353692,0.002757738973154222,0.012196271468955678,0.014805430019552292
2025-01-28,-0.0018089862814879565,-0.0017304179884584214,0.0002117206866089849,-0.003942700326729343,0.000647381579940709,0.0024563678614286655
2025-01-29,0.011797661981392616,0.005743424990027712,0.010440759238664988,-0.0014866454426977426,0.02761804255231006,0.015820380570917447
2025-01-30,-0.0038904099831800544,-0.0008468534275027695,-0.004360195660264676,-0.009936722748426385,-0.003929306427312362,-3.889644413230782e-05
2025-01-31,0.0035079806955335747,-0.0023493995598600327,-0.0037927374445414163,-0.0021134208090773264,-0.010698655826776015,-0.01420663652230959
2025-02-03,0.00699975177325044,-0.00940817739773222,0.009591630549953522,0.002742764303974632,0.003787549228160547,-0.0032122025450898924
2025-02-04,0.0026605481297647614,0.009724964467844122,0.00959629021510484,0.005002494300743554,0.006793590110607706,0.004133041980842944
2025-02-05,-0.004355919832605115,-0.0029544821544491783,0.0006880812109710699,0.010531287889161144,-0.00769195928414178,-0.0033360394515366655
2025-02-06,-0.007525341104607552,-0.007792196260683814,-0.004784052257905691,-0.005480367025076716,-0.012756966230660482,-0.0052316251260529295
2025-02-07,0.003391912664455277,0.01128355292113451,0.0020815737230803323,0.00761708230415129,0.005257784844019587,0.0018658721795643098
2025-02-10,0.0027063901804718514,0.0031272934812444976,0.008321101790897211,0.00896857307304183,-0.002109922885505011,-0.004816313065976862
2025-02-11,-0.0009202287260969722,-0.0037149743852913364,-0.0025018101737673383,-0.008619260771771286,-0.00845538923349638,-0.007535160507399407
2025-02-12,0.005345359011491713,0.009056535528608911,0.009231555697676641,0.004503171932282712,0.0031786191322905498,-0.0021667398792011633
2025-02-13,-0.001926531564696321,0.0007127282790634571,-0.007239486959238461,-0.0010811757978978266,-0.00019563514012825854,0.0017308964245680623
2025-02-14,-0.002240706949905291,0.0015787564106969243,-0.0016731278254772275,0.006841350715969807,0.006748500218335595,0.008989207168240886
2025-02-18,0.0005014766581310726,0.0075951344456884114,0.0050744563690054865,0.001262677424704095,0.004702246297793544,0.0042007696396624715
2025-02-19,-0.007007330758826602,-0.01076061058688893,-0.001583637441207386,-0.002724814486995386,-0.008290901094329905,-0.0012835703355033026
2025-02-20,0.00034409237016070905,-0.00858108656794312,-0.01604823886838295,-0.025013854142662405,-0.02275836887351861,-0.023102461243679318
2025-02-21,0.005892984052379968,-0.004825994164293523,-0.0025887213261435614,-0.006523424128962218,-0.00950194868833254,-0.015394932740712509
2025-02-24,0.010195295003299455,-0.002420468666807041,-0.004237349266193502,-0.004402136071600104,0.0066660911964524505,-0.003529203806847004
2025-02-25,-0.011376085683402292,-0.011246499425146272,-0.001848038636322813,0.013220557237299368,0.004553824290324937,0.01592990997372723
2025-02-26,0.0014933943320040942,-0.019401217397725233,-0.003648694898388383,-0.015213540963771288,-0.011151853913906152,-0.012645248245910247
2025-02-27,0.014967475884084803,0.014922487321729804,0.015880254285161398,0.01903133687154246,0.012267639476942527,-0.0026998364071422754
2025-02-28,-0.00775139240723568,-0.004644727214780297,-0.013008889472121254,-0.010419889347061206,-0.02809304287687118,-0.0203416504696355
2025-03-03,-0.028126845609215932,-0.023527180601806474,-0.013107633656620377,-0.015166505600686275,0.0031670772317841543,0.031293922841000084
2025-03-04,0.01466174865116272,0.009758581459709958,0.010006439316023496,0.008232731280982708,0.011003185415909644,-0.003658563235253076
2025-03-05,-0.017233264381418312,-0.0036544564972425643,-0.010745720306727314,-0.01642285397258868,-0.02895269802781364,-0.011719433646395327
2025-03-06,0.01203715003479735,-0.002512178620879124,-0.0039176845417096765,0.0101590913754383,-0.0008995376214076978,-0.01293668765620505
2025-03-07,-0.028826786518461055,-0.008039487177480343,-0.009795138070290787,-0.02741304906635037,-0.0357109065169262,-0.0068841199984651415
2025-03-10,-0.012587031008012983,-0.00792919434433731,-0.018277723735551497,-0.006028284295261421,-0.00523175585408091,0.0073552751539320725
2025-03-11,0.00512892178216392,-0.0010515317607885932,0.0036084415916378455,0.004884003933557368,-0.004682577976561841,-0.00981149975872576
2025-03-12,-0.01569792909003671,-0.01679346900279679,-0.01231482492218311,-0.01326191659717807,-0.016084314768562626,-0.0003863856785259155
2025-03-13,0.024834412716609845,0.0220836409723991,0.020773456929567446,0.007120060833128728,0.017388610375836566,-0.007445802340773279
2025-03-14,0.011899297350935067,0.015944540683673503,0.006682779054980071,0.011187939880709097,0.010207924317673677,-0.0016913730332613897
2025-03-17,-0.006247764148041579,-0.007536758788774411,-0.008890862494304897,-0.008138696672996649,-0.00759607496212038,-0.001348310814078801
2025-03-18,0.015151205472523943,0.014789872395321669,0.003613833650223186,0.00792682103560236,0.008333673011465103,-0.00681753246105884
2025-03-19,0.0005709832324627073,0.004792243804186147,-0.0008379603439140126,-0.010436477429075153,-0.0013820505566659702,-0.0019530337891286776
2025-03-20,-0.0015494047206127237,-0.00037308777319916553,-0.007978946559695188,0.0020977204807593798,0.004814447425711377,0.006363852146324101
2025-03-21,0.023326389736461117,0.014851944451924549,0.015716671771311152,0.009473973560327587,0.017154796928372185,-0.006171592808088933
2025-03-24,0.004343577788439979,0.0024166425297234228,0.0068436263042162436,-0.0019052632462282393,-0.012367514560943005,-0.016711092349382985
2025-03-25,-0.016194376065310434,-0.008835977929373318,-0.0025470515477808873,-0.0026541302346344774,-0.005197485026018145,0.01099689103929229
2025-03-26,-0.002206749703266053,-0.005535889557048446,-0.005392246587122696,0.00047579766469652007,-0.006790645477636537,-0.004583895774370484
2025-03-27,-0.02009869276764159,-0.016433713498361136,-0.016162559026937307,-0.026127769501786923,-0.011161949023612306,0.008936743744029285
2025-03-28,0.014813314274000854,0.01137297179979011,0.009577395517584575,0.0034076347520010986,0.0011774847703558745,-0.01363582950364498
2025-03-31,0.000760314418744823,0.0024035786020381146,-0.011372818465724976,-0.0013517097626566832,0.0030771431195439902,0.0023168287007991673
2025-04-01,0.0028288810644030216,0.00019609946163010595,0.006962369449770911,0.005730242831036669,0.014351744790435295,0.011522863726032274
2025-04-02,-0.01879566198198278,-0.04959127231036201,-0.03755583800525607,-0.06034524313544334,-0.06341230094714914,-0.044616638965166364
2025-04-03,-0.04926178989417916,-0.05766256243388954,-0.05631778107944403,-0.07525530205614264,-0.06702084399779312,-0.01775905410361396
2025-04-04,0.0031831951205552487,0.003772447542504853,-0.005616999817335622,-0.01254560031880111,-0.0019017118326355332,-0.005084906953190782
2025-04-07,-0.009847189589584715,-0.008863888917342277,-0.014015988976094896,-0.00324896368837293,-0.027598233239372827,-0.017751043649788113
2025-04-08,0.11777843754923618,0.09108053889534648,0.07100039741390947,0.08721923115778729,0.060252033483963574,-0.05752640406527261
2025-04-09,-0.038470995433281606,-0.02819076983062576,-0.026108590651185936,-0.02984959400322964,-0.04394969081994193,-0.0054786953866603275
2025-04-10,0.01986354804822841,0.01066272271120966,0.01140335605530054,0.014417978000786124,0.017617011274275396,-0.002246536773953013
2025-04-11,-5.3176156533085715e-05,0.005213460489730382,0.013120781074119126,0.015576059885924021,0.014141519148477822,0.014194695305010907
2025-04-14,-0.005344982676956389,-0.004756267316906859,0.004843994106556548,-0.001562167704502626,-0.0011854675722560825,0.0041595151047003065
2025-04-15,-0.027102353873313733,-0.015283887354266645,-0.0190590216164341,-0.020955132292882594,-0.017754073593788222,0.00934828027952551
2025-04-16,0.013782316450109012,-0.017236209580754936,0.007212403990427918,0.009380674633899532,0.006008370632038384,-0.007773945818070628
2025-04-17,-0.014400329394062428,-0.017486448486271143,-0.01862676625951041,-0.01869477377489711,-0.034086401946531675,-0.019686072552469246
2025-04-21,0.03044670470046098,0.02746599575497235,0.010504608517359449,0.024657496884901087,0.02263161914666756,-0.00781508555379342
2025-04-22,0.0076124307490781805,0.008208853035343865,0.0036470291496037087,0.018445117592032333,0.027000379022691635,0.019387948273613453
2025-04-23,0.024138541190858176,0.016290403752344106,0.023008835780040027,0.015512094683543887,0.014788879149502675,-0.0093496620413555
2025-04-24,0.006108091976494523,0.007974484180549513,0.002692065352430206,0.0056103080590083065,0.005700836097323125,-0.0004072558791713976
2025-04-25,0.003964435554981294,0.00026863277486627313,-0.0013153191913417351,0.0010206196374066613,0.0037787703501619085,-0.00018566520481938563
2025-04-28,0.006038268306700678,0.005767522157671812,0.0077462769301875015,0.0007841163860987987,0.011044452886809043,0.0050061845801083645
2025-04-29,0.002799739206165919,0.004149648185438471,0.0008539578144105553,0.001402392929971008,0.003199253250818912,0.00039951404465299323
2025-04-30,-0.009489590423194926,0.007456009670161479,-0.002374556929400806,-0.0015875538542485467,-0.0015944286224706561,0.00789516180072427
2025-05-01,0.02131187531459423,0.01796017076748615,0.009603777628339371,0.016626131371470045,0.02082069022177404,-0.0004911850928201907
2025-05-02,-0.0007735764578782889,-0.001729722209014406,-0.008842343693644594,-0.005585481596853381,-0.0076930862528348685,-0.00691950979495658
2025-05-05,-0.009371508164798948,-0.00478645532601375,-0.008513132603402496,-0.01626529236548594,-0.008492633179486475,0.0008788749853124722
2025-05-06,0.008301807980217712,0.0010436346016486908,0.009288440291236344,0.006844276756932388,0.007709068786634921,-0.0005927391935827914
2025-05-07,0.007980371713802592,0.011508124874014203,0.0018323397261666874,0.001760029308468114,-0.005329955627123628,-0.01331032734092622
2025-05-08,0.0014762872100512413,-0.0022421186631455536,0.0012587318786840163,-0.00015592200578566916,-0.01147194794749915,-0.012948235157550392
2025-05-09,0.03193564297788669,0.052542911165709215,0.021211741159328334,0.01444737178853217,0.03819370707243084,0.006258064094544151
2025-05-12,0.013039843066015477,0.01226827559903183,0.007177799161316134,-0.023891025505191576,-0.00984286101287648,-0.02288270407889196
2025-05-13,0.0008251959103649731,0.0035093063530399647,0.0018127206994959177,-0.013865100863201262,-0.0048371738658863125,-0.005662369776251286
2025-05-14,-0.002866960100251603,-3.199783046834437e-05,0.013723823978301108,0.020558388883299215,0.00900202615108917,0.011868986251340773
2025-05-15,0.0031867421977841205,0.004451237287571375,0.0028775407962620568,0.008033836404644501,0.01884081375563278,0.015654071557848658
2025-05-16,-0.00020165366050183263,0.002354846710853187,0.001558400758623002,0.004753181335297585,0.007205957210335079,0.0074076108708369115
2025-05-19,-0.0024825447516404475,-0.004660611354703437,-0.004658218294968275,-0.001405711209395144,-0.0021725470422185866,0.0003099977094218609
2025-05-20,-0.011157386113413947,-0.011831904948949434,-0.019358252130924226,-0.015722011526096112,-0.020566015178917107,-0.00940862906550316
2025-05-21,-0.005866106556412199,0.0026121310197324667,-0.008386369659449711,-0.0028141859983199847,0.0023662408351315055,0.008232347391543705
2025-05-22,-0.0037769179856643963,-0.005521440054704107,-0.004590931774372331,-0.012093282370487391,-0.00538940685923176,-0.0016124888735673634
2025-05-23,0.019738530748865668,0.01882835879057391,0.016596413420346633,0.019428685478246166,0.02169352361493897,0.0019549928660733025
2025-05-27,-0.0004305168023984174,-0.00799063884209954,-0.0069978693613641394,-0.003973844824719885,-0.0038579637473494465,-0.003427446944951029
2025-05-28,0.0026959807650323688,0.004197662099178834,0.006639476608993356,0.0032118496211865576,-0.00010714038765440304,-0.0028031211526867716
2025-05-29,-0.0001646022414688253,0.0013613359972045602,0.00716165194185917,0.0005950342912356188,0.002267595296879621,0.002432197538348446
2025-05-30,0.003979335023447916,0.004189276196812175,0.008151595833090464,-0.003630232970813474,0.0013515479231307915,-0.0026277871003171248
2025-06-02,0.0047926790798876965,0.004473733436548966,0.005933413143285016,0.0037656843112561455,0.008128868420422874,0.003336189340535178
2025-06-03,0.004964364853753378,0.0016747500804053406,-6.921562056503295e-05,0.001307216943918843,-0.00038319539660114366,-0.005347560250354521
2025-06-04,-0.008142654367370527,0.0005693681102752146,-0.0011034529415014593,-0.005624085961509762,0.0033009302656279993,0.011443584632998527
2025-06-05,0.0030826247532114936,0.007494825416252726,0.008433446544999345,0.013216655552084788,0.015262505988160813,0.012179881234949319
2025-06-06,0.005786466430587778,0.010775286944975381,-0.0031665467714803498,-0.0008761259520409182,-0.0027914522979445855,-0.008577918728532363
2025-06-09,0.0038869619317156157,0.009826227721094916,0.002501563200914059,0.004847166999019004,-0.0005463978089029764,-0.004433359740618592
2025-06-10,-0.005258252012756171,-0.0010944450465813049,0.00215991506961688,0.002688144967649142,-0.003799023808043156,0.0014592282047130147
2025-06-11,0.012175025026634489,0.004038750687860559,0.002626326509786725,0.002471348645209448,0.0016363760515626714,-0.010538648975071818
2025-06-12,0.004734419804418644,-0.012151787504560075,-0.015277878838175574,-0.02278160660078087,-0.0152993306305373,-0.020033750434955942
2025-06-13,-0.001148322092761167,0.006675480727583183,0.0218336042755658,0.004753205448284603,0.00966716625419205,0.010815488346953218
2025-06-16,-0.00497099551050072,-0.008265907493144108,-0.01188175025618593,-0.011428283935472582,-0.00801786617068746,-0.0030468706601867396
2025-06-17,0.0031417292126376672,0.002907094974815083,0.0013932672346652075,-0.009833316438215745,-0.003171491482345301,-0.006313220694982968
2025-06-18,0.000185839802525134,-0.0013759343039280946,-0.0010077223830778138,-0.0015475608874772283,-0.007649920705516622,-0.007835760508041755
2025-06-20,0.0018236198710444684,0.011764717004928715,0.015181898962236018,-0.001552886402092446,0.014562789323047021,0.012739169452002553
2025-06-23,0.01935268370013119,0.014043838624029447,0.001947791272064836,0.014697599008164508,0.015259708658989336,-0.004092975041141856
2025-06-24,0.008774199862426547,0.0002939933113648263,-0.0032783758338981285,-0.0058291627004169125,0.002133219005657894,-0.006640980856768653
2025-06-25,0.007754647757716471,0.007881820596657808,0.001833443329624629,0.004112934406659496,0.009462928166020235,0.0017082804083037636
2025-06-26,0.005527649610845564,0.004963980146413083,0.003205700440394599,0.009895451961469393,0.002659974011057442,-0.002867675599788122
2025-06-27,0.0036899469992467625,0.0017655480910060972,0.010868281498783716,0.008574092475910644,0.005697539302010812,0.0020075923027640494
2025-06-30,0.0015829904263522155,-0.0019882665038302603,0.004933533206433471,0.007433247906324647,0.015000378206401644,0.013417387780049429
2025-07-01,0.0014361716155374738,0.005594753726835422,0.0007767751691825752,0.011352028001066694,-0.0044176405163534604,-0.005853812131890934
2025-07-02,0.005717968911533955,0.0031001246884915013,0.007119596417239993,0.010521689609792407,0.00657725925091941,0.000859290339385455
2025-07-03,-0.01077510660302533,-0.01158297362306221,-0.004480504236738891,-0.005974761736420808,-0.0068516867669447205,0.00392341983608061
2025-07-07,-0.00871484110040741,0.00494469939648765,-0.0012818066070495403,-0.0030417884493752602,0.0029764886549737855,0.011691329755381195
2025-07-08,0.002342287811695487,0.00488960767477854,0.0016424067841201873,0.0010439350134055724,0.00669085797724841,0.004348570165552923
2025-07-09,0.0058749675512139166,0.006343125788827531,0.004470916527020874,-0.0033204735028307232,0.005883338562978846,8.371011764929381e-06
2025-07-10,-0.0005977443487203415,-0.0026605945962145496,-0.00840848784484094,-0.004079936484923596,-0.008328802151697479,-0.007731057802977137
2025-07-11,0.000995519349419416,0.000734564504795554,-0.0006402738806921438,0.006592143414213913,-0.00015950661644573705,-0.0011550259658651531
2025-07-14,-0.0027570423414891242,-0.011257870530989334,-0.0018448048230181424,-0.012274268822177303,-0.007267147052744827,-0.004510104711255703
2025-07-15,0.004959553091128166,0.00866612496689303,0.006246192034976927,0.0029103586306828853,0.0025195324336681037,-0.0024400206574600623
2025-07-16,0.0038062098599622287,0.012056273089943503,-0.0032405660094449893,0.008643064081170704,0.00536385004816925,0.001557640188207021
2025-07-17,-0.006934933502436147,-0.004781980079519754,-0.0025026549258365784,-0.0048328044413277985,0.0022103339585507697,0.009145267460986917
2025-07-18,-0.0008248445492728517,0.00389315599862462,0.0018416882374509337,0.000668935046096153,-0.0028874206941932544,-0.002062576144920403
2025-07-21,-0.003723615793660107,0.001368337675659792,0.009469980650739663,0.001948161913108304,0.010674819820336235,0.014398435613996341
2025-07-22,0.007802932070906254,0.008362736441106033,0.01999324951379916,0.016756012454903192,-0.0035663709722923652,-0.011369303043198619
2025-07-23,-0.000441606516679105,0.002019724348326757,-0.00373648337712964,-0.002057065004156777,0.005297025747433381,0.005738632264112486
2025-07-24,0.002311193076041129,0.0047786849344254815,0.00565544358278749,0.0038787917657666206,0.004302112911896527,0.001990919835855398
2025-07-25,0.0001312582313141686,0.0013158435062259777,0.002652911718444928,-0.003695442827310813,0.0016451844405593109,0.0015139262092451423
2025-07-28,-0.0038620157383420285,-0.002682243221124048,0.006037784943581726,-0.004693236400677048,-0.0019210297338053573,0.0019409860045366712
2025-07-29,-0.0003574625679842569,0.0036909088954758308,-0.0071425391350699256,-0.0026423963637371983,-0.005136172738341649,-0.004778710170357392
2025-07-30,-0.006603937480696098,0.00039887586025327826,-0.0223683261656743,-0.017222014914171357,-0.003399535232445172,0.003204402248250926
2025-07-31,-0.016801433083526673,-0.0196942063312584,-0.0039205599482461054,-0.00436625421732102,-0.007975107754660172,0.008826325328866501
2025-08-01,0.021662063073873417,0.019160713637396198,0.0135896903171559,0.007961580270715862,-0.0018115480690783948,-0.023473611142951812
2025-08-04,-0.006265919097399919,-0.002434085483953785,-0.004579187487300085,-0.0007245329739716588,-0.0026043484481401923,0.0036615706492597266
2025-08-05,7.47902828812208e-05,0.007705220199837081,-0.012290400410655955,0.0060556836401008726,0.012660390287530132,0.012585600004648912
2025-08-06,-0.001159497029365819,0.004422175964570829,-0.012115583371436011,-0.005221051209536087,-0.007456023256763822,-0.006296526227398003
2025-08-07,0.009128407360123093,0.010400761178364349,0.008713907424025214,0.010380907170630782,0.0021866571569508,-0.006941750203172293
2025-08-08,-0.002916056548301638,-0.00019795195473142345,-0.001965956761246823,-0.00021559234335772893,-0.00844360584342303,-0.005527549295121391
2025-08-11,0.007520488352209542,0.013059272673948064,0.015262612825133548,0.0162669203017173,0.009603327359631497,0.002082839007421954
2025-08-12,-0.006962734659620784,0.0018105481520511613,0.009788515966206456,0.014461858335503596,0.00966888897292093,0.016631623632541715
2025-08-13,-0.0031761786462571216,0.00018101512525594554,0.0017732441667270727,0.0070162948918634175,0.006160327544424349,0.00933650619068147
2025-08-14,0.003460135252727792,0.001704922620809457,0.004723825179651475,-0.0038228321057099833,-0.0016177885471684527,-0.0050779237998962445
2025-08-15,0.0012593136306744412,0.0008411778554059723,-0.002855519237644921,0.00023622511181213833,0.003529902201084145,0.002270588570409704
2025-08-18,0.003037497364130781,0.008148338889452034,-0.007684870425742674,-0.0037578049730554674,-0.009598007269580289,-0.01263550463371107
2025-08-19,-0.0007703253365305751,0.0022551155069134967,0.0013205488543151732,0.0036184059573621807,-0.0016199745324686266,-0.0008496491959380515
2025-08-20,-0.00018674015238979714,-0.004751049300662747,-0.005325071074875165,-0.002496883694154761,-0.004283485838984147,-0.00409674568659435
2025-08-21,0.015361425272944474,0.012729426852777604,0.01501229024049674,0.012894776651838413,0.01712101539585903,0.0017595901229145554
2025-08-22,-0.007093882916073091,-0.006560185994823919,-0.004456971011097155,-0.009477655917046812,-0.004414743774335339,0.0026791391417377514
2025-08-25,0.002883540040252097,0.003090293608284034,0.000454868261947472,0.008258742057420521,0.006736972907620686,0.003853432867368589
2025-08-26,0.003105879692153213,0.001300305404897084,-0.0007493876150307943,0.0005467009283387503,0.00653258332099479,0.0034267036288415766
2025-08-27,0.00462682299937327,0.005662414732523535,0.005163928376826765,0.0005145782034311486,-0.003455221673927622,-0.008082044673300893
2025-08-28,-0.0012125504633227814,-0.0042744568703451,-0.016316979640016115,0.005991148098001475,0.006268220939446079,0.007480771402768861
2025-08-29,-0.005233271021752628,-0.006787847774761868,-9.557066074837861e-05,-0.005403772708785159,-0.005104468087988989,0.00012880293376363837
2025-09-02,0.0006428577442821326,0.007674710536362472,-0.0016465318488876,0.0015581176997669145,-0.00489174946991473,-0.005534607214196863
2025-09-03,0.0020151285642790117,0.008334066889660707,0.006655341801245584,0.010319724266020791,0.001657205868534306,-0.00035792269574470566
2025-09-04,-0.006654331869371954,0.007229247720463261,-0.01208284808347313,-0.004556042457624676,-0.002480256214732113,0.004174075654639842
2025-09-05,0.004031688903738284,-0.00402445832533993,0.0013781985175750576,0.0013425070744368162,0.004994350766690259,0.0009626618629519747
2025-09-08,0.0002945394741961316,0.009873930099459772,0.0016473790887580942,0.0029773005250921525,0.007903150241643708,0.007608610767447576
2025-09-09,0.03541757103664904,-0.008863376007882662,0.0008232441248831046,-0.001248052371689068,-0.0006465574129926987,-0.03606412844964174
2025-09-10,-0.0037903572062359834,0.009625866904128966,0.00803930257122103,0.016047145469298085,0.012528448274105064,0.016318805480341047
2025-09-11,-0.007614430054762378,-0.006168181054753097,-0.00438689959087013,-0.004080722155874605,-0.0054425338174173945,0.0021718962373449835
2025-09-12,0.005606537877039608,0.002478527544199105,0.0024350194117866097,-0.006054253705699719,0.0024580799301678335,-0.003148457946871774
2025-09-15,0.0007759314558460906,0.0024005951013797875,0.0008297841572844411,-0.0006498099092684395,0.004080021943450529,0.0033040904876044386
2025-09-16,0.004807319293152401,-0.006476916444810854,0.009402000640677033,0.007914519486737392,0.009350453870720699,0.004543134577568298
2025-09-17,0.0029115286328733614,0.004410872890970407,-0.007442878167748046,-0.004104245528680628,0.0041088017949436504,0.001197273162070289
2025-09-18,0.004451278312401041,-0.00014403922608124953,0.005502549575245807,-0.0015511776932756404,0.0059239738209066585,0.0014726955085056174
2025-09-19,0.00614735211393389,-0.0018869315464941528,0.004535879244653962,-0.0014936242815656974,-0.0012614290332374045,-0.007408781147171295
2025-09-22,-0.0006063423184353711,-0.008739549794122215,-0.0020633547949495566,-0.005392581882256742,-0.0021809743845411012,-0.0015746320661057301
2025-09-23,-0.006575935210039597,-0.00489100523137318,-0.0032133059836759402,0.0008845680635812703,-0.0028326406599219365,0.00374329455011766
2025-09-24,-0.009271606329472049,-0.007182219800955614,-0.0030645331727590097,-0.000516131976210088,-0.010583613082326648,-0.001312006752854599
2025-09-25,0.004451321808479658,0.0054593025250566085,0.001617954941146793,0.0025429677194482524,0.005360474111556513,0.0009091523030768552
2025-09-26,-0.006038311896435633,0.005373908135803141,0.005488271440385206,-0.0002132206025223793,0.0010571133735101878,0.007095425269945822
2025-09-29,-7.913852744073635e-05,-0.003162136689925521,0.007246940778105493,-0.0049761188181309925,0.018961051594434054,0.01904019012187479
2025-09-30,0.01911039343782186,0.0031094154630267544,0.002119306466792281,0.004852191234396131,-0.013895034947811802,-0.03300542838563366
2025-10-01,-0.007074352811031337,0.0038729319761431013,0.005219184884720107,-0.0017623323305258286,0.0013114597671383676,0.008385812578169704
2025-10-02,0.0072393211160611814,-0.0014160436815372824,-0.001182877739227628,0.004368705884113322,0.0017619954350232337,-0.005477325681037948
2025-10-03,-0.005404974025278619,0.02732265810299972,2.77157890433255e-05,0.006803645247726431,-3.524819025599868e-05,0.005369725835022621
2025-10-06,0.001119605774818011,0.000777279585958679,-0.0050020199794481805,0.0009959028012625048,-0.0027514998517025103,-0.0038711056265205213
2025-10-07,0.013797124012395624,0.003021310202028371,0.0028654863294448885,0.002622997464396004,-0.004228374443990268,-0.018025498456385892
2025-10-08,5.910608106097781e-05,-0.005185750879196316,-0.0019670784829185052,0.001110113238882615,0.0022751537172471803,0.0022160476361862023
2025-10-09,-0.03008650295474542,-0.015854978126695007,-0.019140769678232028,-0.019968753325667554,-0.020012300136215067,0.010074202818530352
2025-10-10,0.011717986091691713,0.011490211969134356,0.021545143531067745,0.0059796205366767444,0.012439866713436309,0.0007218806217445962
2025-10-13,-0.007503213446180002,-0.0004878323124257178,0.014901030084681,0.004644551187210466,0.012213049442196477,0.01971626288837648
2025-10-14,0.0043490952222960625,0.014768341179793087,0.004883257733210555,-0.0010457692740739265,-0.0032971517563490037,-0.007646246978645067
2025-10-15,-0.014194214956923046,-0.002571623206324336,-0.003602989382272437,-0.006567681111905655,-0.002520125676950191,0.011674089279972856
2025-10-16,-0.006377503083442504,0.008743866422417878,0.006244864272977746,0.006620855430778294,0.00862634708094725,0.015003850164389754
2025-10-17,0.0030760314306763847,0.009638485877687054,0.012931866676694059,0.011481322262659388,0.0149318260891112,0.011855794658434815
2025-10-20,0.0003098895624179088,-0.001861647642948283,0.009378946430314805,0.012660611647813225,-0.0022484850753014983,-0.002558374637719407
2025-10-21,-0.007462578524913976,-0.017698332671034545,-0.0035870899877505024,0.0003264881909724737,-0.007095687722352961,0.00036689080256101497
2025-10-22,0.0028307086894381883,0.005730256811063738,-4.302642729964168e-05,0.005504856790586476,0.00793453295448936,0.005103824265051172
2025-10-23,-0.003031741951472011,0.001401019084781896,0.0014342971543642613,0.013966736631396382,0.013528652123274077,0.016560394074746087
2025-10-24,0.0049887541056786834,0.008448321813741,0.025002100177679964,0.008517075873815816,-0.0021291317236963756,-0.007117885829375059
2025-10-27,-0.0044751388051568084,0.001837276280164679,-0.0009449528931243179,0.0016553913220952675,-0.007352155009817896,-0.002877016204661087
2025-10-28,0.000976774632426669,-0.007919261280824175,-0.009950348098491412,-0.004084366687249108,-0.010623498306530688,-0.011600272938957358
2025-10-29,-0.009298712017797483,-0.003639386773024678,-0.002882850565684858,0.004450342981345135,-0.0003916883169703289,0.008907023700827153
2025-10-30,-0.0007736090529191885,-0.0010944561847551436,0.013369785046255855,-0.0013761200447453548,0.00019840429097321975,0.0009720133438924083
2025-10-31,0.00978155594985759,-0.0035350705407989347,-0.00642193273544629,-0.008990578979613705,-0.01173948065001391,-0.0215210365998715
2025-11-03,-0.016849033227865472,-0.004704915725204384,-0.00907565848205133,0.0009470271850604561,0.004226780644261896,0.02107581387212737
2025-11-04,0.016066050532486408,0.002401015229150616,-0.0015783805213789083,0.005190004468845888,0.00285336814387428,-0.013212682388612128
2025-11-05,-0.005345886771882846,-0.011498459719668263,-0.013736034455950863,-0.0007971870072209563,-0.012635805211982853,-0.007289918440100007
2025-11-06,0.0013322872147300102,-0.00028054134077666327,0.008292643520923714,-0.001707325240077362,0.003680017191836071,0.0023477299771060608
2025-11-07,0.008131465668739523,0.006588733744184771,0.005444054474837113,0.008350498770929004,0.01304878269983234,0.004917317031092817
2025-11-10,0.01944550943830934,0.008570096188323485,0.005200268510056704,0.005749922566700616,-4.5386657388779564e-05,-0.01949089609569812
2025-11-11,0.005537071714313779,0.0032351801341759857,0.006597662775639568,0.0033226755922344587,0.014516473205740111,0.008979401491426332
2025-11-12,-0.0018114060944717902,-0.008155540942111007,-0.007977953990724828,-0.01645057623182211,-0.017278525372192478,-0.015467119277720688
2025-11-13,0.003108605390006458,-0.008498776476143489,-0.003484445259425184,-0.007698883523313105,-0.001361715680439679,-0.004470321070446137
2025-11-14,0.00034934848490674185,-0.015470373136782078,-0.015135773186783674,-0.009467781269830989,-0.016703353607989746,-0.01705270209289649
2025-11-17,-0.0013833111408847799,-0.006607426527956794,0.002484324020315054,-0.00833879443041743,-0.011509769915636636,-0.010126458774751856
2025-11-18,0.0008173193204829343,-0.0016725017381015949,0.0005402256617168643,-2.346018703099917e-05,0.005692859922400495,0.004875540601917561
2025-11-19,-0.019905248966018273,-0.014469670739630592,-0.006590715637087563,-0.021258094158669284,-0.0014184395752900648,0.018486809390728207
2025-11-20,0.004456120216705895,0.009935646698700973,0.011674865401082313,0.01096598048260703,0.014300822882028386,0.009844702665322492
2025-11-21,0.012480020775355472,0.00028439624506286786,0.003903159992366301,0.007383833165629161,0.009123634299440275,-0.0033563864759151973
2025-11-24,0.017897702633637835,0.01906164175848706,0.016175961234857584,-0.0049750988245696685,0.0037820179727377614,-0.014115684660900074
2025-11-25,0.0039536854233163,0.0036238268772328386,0.010888085686098326,-0.0013062831071252278,0.017047613087800385,0.013093927664484084
2025-11-26,0.0035326568885299947,0.004191693705664657,0.00675371326275378,0.009993182398605005,0.006518279761243839,0.002985622872713844
2025-11-28,-0.006311144096408339,-0.01124693319084139,-0.012836892842585235,0.002440118720912898,-0.0037604739610007432,0.002550670135407596
2025-12-01,0.0016041411345037338,0.0008036831828015734,0.002036489122003027,-0.003187310938215149,0.0025950472356006116,0.0009909061010968778
2025-12-02,0.014349687369533615,0.012546982837990916,0.010323678411409331,0.012645759581648586,0.0021571439361600998,-0.012192543433373516
2025-12-03,-0.0024976903903578653,0.0016216251437446982,-0.001706098880450624,0.0013003065779149114,-0.0029266574749342356,-0.00042896708457637036
2025-12-04,0.007621709404803579,0.008495785741090589,-0.0007825808328701056,-0.004195757677614642,-0.001976920136133142,-0.00959862954093672
2025-12-05,-0.001193327219089424,-0.004143393912024429,-0.006696596861436544,-0.001403956474644663,-0.013518637586086646,-0.012325310366997222
2025-12-08,0.003071121221928408,-0.0010526366913611418,0.0033158157683378818,-0.006946354505964658,-0.005337686016356214,-0.008408807238284622
2025-12-09,0.011207743320691476,0.00985521343969934,0.004527916519964559,0.01480300868413068,0.0011178875452924285,-0.010089855775399047
2025-12-10,-0.004949468357977516,0.004081580714656696,0.0035285760226513195,0.011825524153208177,0.013609203267685699,0.018558671625663214
2025-12-11,-0.0005603824211856789,-0.017070468791879366,-0.0029242086059783736,-0.0008663351447422918,0.003520091544960102,0.004080473966145781
2025-12-12,0.003169116706609687,0.002939727521362534,0.00010653876117985294,-0.0027076719274300664,-0.00586743210783951,-0.009036548814449197
2025-12-15,-0.009235473985351628,-0.009348517045354143,-0.012044219976689186,-0.006249135753356838,0.006876944611841918,0.016112418597193544
2025-12-16,-0.0038864503323474573,0.0009843522223831336,0.0029279555348212137,-0.004710401438323741,-0.02218584795337797,-0.01829939762103051
2025-12-17,-0.0011354780977425704,0.004479150481419125,-0.0008590066369224103,-0.00015053021693037794,0.008957175868127998,0.010092653965870568
2025-12-18,0.003065995760280682,0.007556114958643756,0.004931797034105079,-0.00036396640481024535,0.02485914004408437,0.02179314428380369
2025-12-19,0.0137310070732512,0.008202322253143046,0.004813780248693311,0.007366626855204473,0.002689622744463971,-0.01104138432878723
2025-12-22,0.0051044102336941346,0.00040640996739322867,0.004840028731571311,-0.00039139137297172777,-0.00474021608879881,-0.009844626322492944
2025-12-23,0.004637817302767999,0.00493141328982315,0.005847814930597328,0.0038529084163254736,0.003975325666422891,-0.000662491636345108
2025-12-24,0.0005496666218342105,-0.0008042370743640337,-0.0002055783908784581,-0.0014076795771002294,0.0031239148377511404,0.0025742482159169296
2025-12-26,-0.006430137950650438,-0.004515044322751993,-0.001855764828159323,-0.0021916558830419874,-0.0027670897992700615,0.003663048151380377
2025-12-29,-0.0019431330014704207,-0.002113804436472644,7.078883322864105e-05,0.001473825923719807,-0.0031545428140562935,-0.0012114098125858728
2025-12-30,-0.0048943965761579335,-0.006187017826774643,-0.005904667899280935,-0.0072632101648018475,-0.0073200663328043866,-0.002425669756646453
2025-12-31,0.0029157909779868874,-0.0002139699041562526,-0.0009996100653373752,-0.0004004305443546352,0.017126176878267996,0.014210385900281109
2026-01-02,0.015948634139953243,0.007406271522748542,0.0007938183992741044,0.008580977888064,0.005620036694775443,-0.0103285974451778
2026-01-05,-0.006146377702064753,0.012351621879604003,0.017144092019402257,0.012448239486890245,0.004695691302206461,0.010842069004271215
2026-01-06,-0.022491167101018884,-0.010689870505400855,-0.0036900518289055494,0.005151043158720536,0.0018160899114106233,0.024307257012429508
2026-01-07,-0.0034219504659411927,0.011447759135975233,0.009110360582744337,-0.00456102166196678,0.0032928873291769188,0.0067148377951181115
2026-01-08,0.011823734000881537,0.004004780457264445,0.0008414783366396227,0.00010251528766858087,0.0019732621398063756,-0.009850471861075162
2026-01-09,0.0018026468602068356,0.0005623214988832448,-0.0002861098116677119,-0.001802390557333422,0.003655085933144919,0.0018524390729380835
2026-01-12,0.00525015966055038,0.000665510217835541,-0.0044945998685903986,-0.013808385992721717,-0.006833146740583629,-0.01208330640113401
2026-01-13,0.008543440129432955,-0.001342838186673867,-0.0033471126495467573,0.004228100832495895,-0.0126049451598489,-0.021148385289281854
2026-01-14,4.190458742306946e-05,0.005714249174586417,0.0056468352042971515,0.0025167601672525185,-0.00032529136690538917,-0.0003671959543284586
2026-01-15,0.006370258371472093,-0.00392575340390886,0.00401202591034675,-0.003516333088361123,-0.002556253400604025,-0.008926511772076118
2026-01-16,-0.01456418707651208,-0.0212879035001731,-0.016326629326614273,-0.019945848059029603,-0.019616787815081683,-0.005052600738569602
2026-01-20,0.019054768734883366,0.01683039785204493,0.014698824284914137,0.011348982293264764,-0.0048069222988125545,-0.02386169103369592
2026-01-21,0.005674925683555543,0.001202208331781507,0.0008129146795516462,0.009631602178033072,-0.001156347837399141,-0.006831273520954684
2026-01-22,0.00023346087693595363,-0.010302468404950938,0.0006538380716313962,-0.00018572179658730149,-0.004694423657655489,-0.004927884534591443
2026-01-23,-0.0017712827655416597,0.003438884738252246,0.009775021265539197,0.0005965754376389465,0.01468858051295301,0.01645986327849467
2026-01-26,-0.011955181496224532,-0.004309403732041061,0.00439808986179574,-0.0037668589431637534,-0.0019242573494670733,0.010030924146757459
2026-01-27,-0.004783497878479292,-0.0008483813286660702,0.0016428302825942764,-0.003719596967384198,-0.00015964706696935949,0.004623850811509933
2026-01-28,0.005771200517955111,-0.005160968486358264,0.004807880009682797,0.007704975103989176,-0.0011767221490264323,-0.006947922666981543
2026-01-29,0.0013899913406288044,0.00022490509073446184,0.0016184926533465039,0.001108664694492012,-0.006656917594746814,-0.00804690893537562
2026-01-30,0.011197421027341758,0.01638990663416786,0.008149763058158843,0.008646522361165665,0.0031162831941365155,-0.008081137833205243
2026-02-02,0.01699154861766371,0.0032264220457703828,0.00016301125176668708,-0.028030852122089178,-0.0346479450560897,-0.05163949367375341
2026-02-03,0.003710874964541333,0.011102938385549798,-0.008938079879315285,-0.017739239556463105,0.003742495325225903,3.1620360684569884e-05
2026-02-04,0.0010598867515608124,-0.007048875863133752,-0.009205928586704493,-0.018300962481122618,-0.034969859406995527,-0.036029746158556336
2026-02-05,0.016383522415961416,0.028683667786450418,0.012874298163209997,0.020382360553092803,0.0189787042131238,0.002595181797162383
2026-02-06,-0.009453869988388087,-0.0017750421327215825,-0.0014051186244606328,0.011991118104988274,0.013803764403380835,0.023257634391768922
2026-02-09,-0.004596547309809929,-0.012266280174339362,0.0043301499188699525,-0.0016378446812609804,-0.012338910053640285,-0.007742362743830356
2026-02-10,0.005347262702401967,-0.0035679017768353027,-0.004056754930386186,-0.002933188750946658,-0.014683588205485487,-0.020030850907887456
2026-02-11,-0.02441705331272932,-0.003627150341911134,-0.006571651486374097,-0.024737228383843658,-0.0045677796323151275,0.01984927368041419
2026-02-12,0.00022077476595971923,0.007976411958975582,0.006977726929996875,-0.0006903616005717983,-0.001210272168696458,-0.0014310469346561772
2026-02-13,-0.00867638619670975,-0.003206029944564459,-0.0014495248046704657,-0.0005053797397574722,0.011019857314163028,0.019696243510872777
2026-02-17,-0.0016514282825257243,-0.0013017037565056012,0.004632255791969508,0.013619981767660484,0.01684441982818654,0.018495848110712265
2026-02-18,-0.003798320094078755,-0.0034962128343619227,-0.005972151885677212,-0.004398249800715237,-0.007614816526454493,-0.0038164964323757376
2026-02-19,0.004294820990555948,-0.0035579183839591242,0.0015776983144558886,0.004513030650430206,0.00951602778234104,0.005221206791785093
2026-02-20,-0.01754094466744801,-0.007857201933261093,-0.023819310520994407,0.0051801239395549035,-0.020624407365398768,-0.0030834626979507583
2026-02-23,0.005606457312855262,-0.0031118633839839816,0.00983208685018221,0.006690305715004685,0.01441766533402673,0.008811208021171468
2026-02-24,-0.0023441517475137675,0.008277956922016239,0.00531705840344181,0.0030743135863874225,0.017792085193563213,0.020136236941076982
2026-02-25,-0.004918277986904529,-0.005589441629931369,-0.0009821213428931718,0.0029215946358731705,0.01996839249723432,0.02488667048413885
2026-02-26,0.013579475569530009,-0.0061705382036714605,0.0041783764657190355,2.042005410111125e-05,-0.01053663735540803,-0.024116112924938038
2026-02-27,-0.006202292898809103,-0.013271762576609902,0.0006011271179525935,0.005826955041305848,0.0003713744147807452,0.006573667313589849
2026-03-02,0.00032787238488541927,-0.006400932806308268,-0.00714384747943968,-0.011596792458873805,-0.006440647308565872,-0.006768519693451292
2026-03-03,0.004236909787101961,0.005160123682206852,0.007302194006722951,0.0019427605771544232,0.008850460406117722,0.004613550619015761
2026-03-04,-0.0011983440694692039,0.001568962500856308,-0.015515407178052531,-0.009627264956680537,-0.016933474175014573,-0.015735130105545368
2026-03-05,-0.004151484188477161,-0.009238324396200648,-0.0030919948951033892,-0.01275268755811183,-0.017220736790976722,-0.01306925260249956
2026-03-06,0.0009882473177528217,-0.0033232422201382563,0.004434037468232554,0.012489525064859253,0.009596443439017444,0.008608196121264622
2026-03-09,-0.010255653200331293,-0.009787552442003555,-0.001992467141362653,-0.00041740407533245036,0.007658145772941316,0.01791379897327261
2026-03-10,0.009392469466158094,-0.0015738906745003888,-0.0062420664975126,-0.004854608495711399,-0.0033309974561001156,-0.01272346692225821
2026-03-11,-0.005196472054429535,-0.017898502889095957,-0.021106705102400945,-0.02473591205222723,-0.013158803760169646,-0.007962331705740112
2026-03-12,-0.010117022341382297,-0.0055075496573393275,-0.0016921673005878212,-0.0071218185958480725,-0.004049173684786278,0.0060678486565960196
2026-03-13,0.008371641261828799,0.0019225925359227958,0.009475669384845443,0.010192109032158192,0.014184558325342756,0.005812917063513957
2026-03-16,0.0038417262295556754,-0.00020846711796919105,-0.0014484703786701524,-0.008900633531385305,0.002692899992197184,-0.0011488262373584913
2026-03-17,-0.009817870791390381,-0.009677549412889697,-0.015315458070209198,-0.016507572358529465,-0.019622575089100792,-0.009804704297710411
2026-03-18,0.006976733635007759,-0.0067597724782491484,0.0037108705332489444,-0.006705728832581415,-0.0050059804799108655,-0.011982714114918625
2026-03-19,-0.0001653453785929404,-0.009749175566348267,-0.01170136766114801,-0.012754303097527642,-0.007765937476827656,-0.007600592098234715
2026-03-20,0.01145543336432293,0.011287197490935364,0.016449662179517776,0.003095204232298443,0.006436909217744602,-0.005018524146578328
2026-03-23,0.011539344095818294,-0.004636804508346748,-0.0199718914613047,-8.354589548369429e-05,-0.002879049796147093,-0.014418393891965387
2026-03-24,0.00965791102391591,0.007466736718120026,0.006034590249388172,0.004900550764648659,0.006005235984051493,-0.0036526750398644175
2026-03-25,-0.013249400068406225,-0.006059631889794992,-0.011586021177868855,-0.0028198863814129504,-0.013682295460307447,-0.0004328953919012224
2026-03-26,-0.0202594045524519,-0.017939781965465206,-0.009918143505861187,-0.01977398096053743,-0.013564144635217467,0.006695259917234431
2026-03-27,-0.013222555992361195,0.008331141562381817,-0.0035189765513886305,0.007103418819929097,0.012990011379874367,0.02621256737223556
2026-03-30,0.012944371864811255,0.021534730828118253,0.027704966687895672,0.015622127765385773,0.038236371630424724,0.02529199976561347
2026-03-31,-0.006125353298176506,0.005992006960551355,0.0007744404938277328,0.0009207796946066104,0.009265278109859942,0.015390631408036448
2026-04-01,0.002651024908630073,0.0038923415870925184,-0.003680583376139823,-0.0034061203746413747,0.008093352302712931,0.005442327394082858
2026-04-02,0.002593103663287355,0.0032051016832739475,0.004743837644018678,0.003306602043063811,0.007318877501751952,0.004725773838464597
2026-04-06,0.0038537211460372032,-0.002043894774058863,-0.008666388276149895,-0.005069274841683469,0.006052567924408348,0.0021988467783711444
2026-04-07,0.028955646181835926,0.04331517899979172,0.021492590524083966,0.0017738092521892511,0.027211907237095146,-0.0017437389447407803
2026-04-08,0.009029414225118493,0.016554109130694862,0.006261575628234173,-0.0024761458449557685,-0.008745872506898178,-0.01777528673201667
2026-04-09,-0.0004156534785991095,-0.004828713112423966,-0.006911020560854675,-0.011763759329210977,-0.00994073457780903,-0.00952508109920992
2026-04-10,0.012693609043325105,0.00743001007867492,-0.0017810884601397793,0.006503565478739004,0.03949716109561292,0.026803552052287818
2026-04-13,0.014187371383838809,0.01803856337764449,0.010307598281974095,0.0027194230882241375,-0.002861082840569151,-0.01704845422440796
2026-04-14,0.010128750209500603,0.0011811620135461665,0.00836983159612048,0.0010504136311498713,0.005426211520310575,-0.004702538689190028
2026-04-15,0.0020635955745479497,0.0038402656975398907,0.0020756551401322153,-0.005557276990744553,-0.004583012343891824,-0.006646607918439774
2026-04-16,-0.006565374419309078,0.008498964239703232,0.012447401533550428,0.01820138149505731,0.01635176149077704,0.022917135910086116
2026-04-17,0.0022238165075441963,-0.009670022675615286,0.0016048945077576705,-0.004512866409817784,-0.0005678586457385393,-0.002791675153282736
2026-04-20,0.0075996179743541,-0.0026054681340005547,-0.0050570819962306056,-0.008166994789334015,-0.023625130661420402,-0.031224748635774503
2026-04-21,0.018372915803673562,0.010265464737175378,0.002290148087250288,0.0015785079262966017,-0.008755663000501923,-0.027128578804175484
2026-04-22,-0.0009459620566202975,-0.0036085123469614456,-0.000606443558852976,-0.007617000679843211,-0.013252188308602008,-0.012306226251981712
2026-04-23,0.009569027417989729,-0.0030288515196794097,0.012394901985645024,0.0014940099435759024,-0.003659936605764713,-0.013228964023754442
2026-04-24,-0.006701864226514953,-0.005602824348945268,0.003701423977200946,-0.0021368355499941207,-0.0013453451025408735,0.005356519123974079
2026-04-27,-0.009332821043324547,0.005835844615541774,-0.00012714741568006226,0.0029159360462801985,0.0016481280565815437,0.01098094909990609
2026-04-28,0.008734009344662263,-0.003130254981507741,0.007886200127898146,0.00046346556641716494,-0.0054962407818833995,-0.014230250126545663
2026-04-29,0.0241813725248639,0.02213038381911713,-0.001121660365231092,0.006293366527504363,0.022068671185918275,-0.002112701338945623
2026-04-30,-0.005645020313664706,0.0035128878280643373,-0.000905617080716592,-0.0067385678224366145,0.002537609645730765,0.008182629959395471
2026-05-01,-0.006505808365197763,-0.0023077947071519335,-0.007670016610548091,-0.00571702930930944,-0.013737494028352703,-0.0072316856631549405
2026-05-04,0.015533199293627065,0.009775643638448562,0.0019121773482822402,0.004730016506022239,0.005542977347652156,-0.009990221945974908
2026-05-05,-0.0040994700630412,0.01996090235351866,0.005674670127493464,0.017718679269684658,0.01581295649171316,0.019912426554754357
2026-05-06,-0.004634481054795936,-0.001841851541757067,-0.010412285581040992,-0.0005029482276287745,0.00911592744940215,0.013750408504198086
2026-05-07,0.015440811566629154,-0.001433228421970023,-0.0006214883788979054,0.002959428488521898,-0.013117643116168675,-0.02855845468279783
2026-05-08,0.019025146987785145,-0.01276926929529234,-0.0010309747015738945,-0.004355919899870631,-0.005307150487941848,-0.024332297475726992
2026-05-11,-0.01131905709571116,0.0030334411494100768,-0.003082582124001143,0.009567907695890577,0.009175404192457137,0.020494461288168297
2026-05-12,0.007908733385788602,0.002620171730940657,0.0030236629124031356,-0.001813366477555267,-0.017568997660125853,-0.025477731045914456
2026-05-13,0.012717476039810471,0.0036227399316936305,0.0011472237953321861,0.008871669173261165,0.006011499655022068,-0.006705976384788403
2026-05-14,0.002008211930730308,-0.01899440947806429,-0.0076082140040299225,-0.00527752838404888,0.005681788710717428,0.0036735767799871196
2026-05-15,0.00659436864975158,0.007256615001094979,0.0023779065116060205,0.010036137711806902,0.014377521183607045,0.007783152533855465
2026-05-18,0.0035488714793069807,-0.006650486217695728,-0.007132557230862646,-0.003113244755433209,-0.010764783741031958,-0.01431365522033894
2026-05-19,-0.014664480218614995,-0.0001955966992249647,0.009299194262098886,0.02077307671712425,0.022224147930643156,0.036888628149258154
2026-05-20,-0.005710546675307848,0.005369993029846231,0.002762103217146661,-0.0023339612985597614,0.0077209895827239135,0.013431536258031762
2026-05-21,0.0071867284427667875,0.007937770477675543,0.013322690020684369,0.008003394413469755,0.0038106534789370096,-0.003376074963829778
2026-05-22,0.007795079659564319,-0.000656791998802353,-0.006071216624478637,-0.006441536303644824,-0.001682958019130265,-0.009478037678694585
2026-05-26,-0.006272007231448895,-0.004022009536426263,0.010048031784792123,0.003481283653663736,-0.005215488701235704,0.0010565185302131913
2026-05-27,0.01305649939496717,0.0074136255994147636,0.005514406957995377,0.00043315257617579925,0.0018195311340647668,-0.011236968260902402
2026-05-28,0.01424984438856206,-0.0007596228473765621,0.020179249938349908,-0.002587266945565192,-0.001929065701046373,-0.016178910089608433
2026-05-29,0.01971941440335172,-0.0017308701044751128,-0.012487413153662618,-0.0034904381175660305,-0.0021298614406389583,-0.02184927584399068
2026-06-01,-0.015851357872361825,0.004040213727107489,0.0005591897436689863,0.0038575755562514137,0.0018367313079991176,0.017688089180360942
2026-06-02,-0.022981993227011575,-0.010414890907823104,0.00046228038776289224,0.003041717509571684,-0.0025159044305509194,0.020466088796460655
2026-06-03,-0.0018597702010573313,0.017330130348875504,0.02026452987752414,0.013024665249939383,0.014966719540914108,0.01682648974197144
2026-06-04,-0.02955927700661447,-0.006917904276246533,-0.027937555504331402,-0.008351765985416338,0.0032023096662786464,0.03276158667289312
2026-06-05,-0.0019419107618112385,-0.002848647462010301,-0.0035754760248913444,-0.0051647094317107565,0.005456266575315472,0.007398177337126711
2026-06-08,0.0071227735526264825,0.012885898702528353,-0.003721713681314809,0.004395347712473597,-0.013659335519461935,-0.02078210907208842
2026-06-09,-0.010482059828188417,-0.013684844389167339,-0.005201840765803112,-0.021286715924877974,-0.016377977949922285,-0.005895918121733868
2026-06-10,0.00817026701813437,0.014986079911183026,0.0051388421520937476,0.0040483082007855,0.010415368993394802,0.0022451019752604325
2026-06-11,0.008432168559489884,0.004179988236351661,0.010307244593512687,0.0007290342994699883,-0.0017532136674503374,-0.010185382226940222
2026-06-12,0.012429322868978843,0.007024350890944153,-1.770690557361121e-05,0.003056312304330322,0.021888396248177434,0.009459073379198591
2026-06-15,0.010567440956840179,0.005309976911950442,0.0060249066584637575,-0.008554228192437997,-0.003538721537891909,-0.014106162494732087
2026-06-16,-0.004345938976608699,-0.00806184685891712,-0.009995559219440009,-0.015274236829050047,-0.02391778443079958,-0.019571845454190884
2026-06-17,-0.00787212910163485,0.016690148297117603,0.007491495250001257,-0.0028528051136241573,-0.02388765732062097,-0.016015528218986122
2026-06-18,0.009539371718813982,-0.004334330425086385,-0.023329659348531463,0.0001349208649372824,-0.0030890049547038336,-0.012628376673517815
2026-06-22,-0.017872277561436434,-0.01756897517363575,0.012849364109382533,-0.003935437327854174,0.013617043192702915,0.03148932075413935
2026-06-23,0.000183042680767731,0.0030421704308534305,0.00445033357379182,0.0017536870633028223,-0.009272446643883969,-0.0094554893246517
2026-06-24,0.022105918330365893,0.006764940505354334,-0.0057567620833227865,-0.015112227386799825,-0.016353096589939498,-0.03845901492030539
2026-06-25,0.010427330792854328,-0.010178934129031003,0.004069528951185797,-0.0015154451846078221,0.018099323072825302,0.007671992279970974
2026-06-26,0.0014791134185680344,0.0029868468969102002,-0.0006874875130084779,0.004511593757785137,0.0008621539880205309,-0.0006169594305475035
2026-06-29,-0.007353298561703791,-0.0034753210656722324,-0.0009496606550650211,0.005958632792920915,0.002585217507350157,0.009938516069053948
2026-06-30,-0.004506960282555372,0.01248339214584776,0.02241265591526779,0.010953441239052564,-0.0010369910971228414,0.003469969185432531
2026-07-01,0.01967688632477037,0.02793187333528634,0.018941837147327688,0.003954108811980994,0.0005861643838695696,-0.019090721940900803
2026-07-02,0.0005553611775573452,-0.005506354843073225,-0.005622542174282952,0.011924087034131947,0.024934412295681652,0.024379051118124308
2026-07-06,0.004436293673175618,0.011296448851493756,0.006120584215996749,-0.0058898684892850104,-0.014424590996807573,-0.018860884669983192
2026-07-07,-0.011671008802189919,-0.018587699662516066,-0.013671177014386337,-0.0058579037473691755,0.0023296031870175815,0.0140006119892075
2026-07-08,0.001328397895493505,0.001998605505198714,0.002992757908498489,0.010101471122050542,0.013897846420070015,0.012569448524576511
2026-07-09,0.005955485312132613,-0.006492155155322921,0.010351760374687435,0.0011637923288124296,0.002542710246878921,-0.003412775065253692
2026-07-10,-0.004642994753869112,-0.005738388425759888,0.0028376146954266048,-0.0039186494343650844,0.0007739524765447148,0.005416947230413827
2026-07-13,-0.00577522119232522,-0.005801514835469146,0.015180108045412543,-0.014434924162092144,-0.009111712451669507,-0.003336491259344287
2026-07-14,-0.0035120507145346203,0.015574795859881141,0.004640546314016248,0.005614612266212926,0.008757613364852057,0.012269664079386677
2026-07-15,-0.0015610108640255027,0.006740709415416768,0.0036780061370597196,0.0007261002199124511,0.01159226736717196,0.013153278231197461
2026-07-16,-0.00526435429305282,-0.013626498881463412,-0.013823772949078373,-0.017352236242234597,0.004080592285215567,0.009344946578268388
2026-07-17,-0.001456795218561424,-0.0013435652605552795,-0.007370046341737113,-0.008438789164177863,-0.004942620064888781,-0.003485824846327357
2026-07-20,0.0021561454207188356,-0.00796623120882437,0.005421226161447634,0.007099137095053931,0.014934224912907978,0.012778079492189141
2026-07-21,0.0019094410572894516,-0.005891703890419653,0.0014977238253862212,0.0033072231109915196,0.00047279365425563215,-0.0014366474030338195
2026-07-22,0.007367669675744782,-0.0019259764201266405,-9.625117453997412e-05,-0.008355790949823572,-0.021028391322919483,-0.028396060998664263
2026-07-23,-0.008082565015143595,0.003928024188625678,0.004732129230303361,0.010609238343765226,0.01771673825559711,0.025799303270740703
2026-07-24,-0.004622277973801425,-0.0026762625509221373,0.011560292881528522,0.013925472238130987,0.027548225720592547,0.03217050369439397
2026-07-27,0.007184518279605911,0.02255676348452391,0.015778241407311412,-0.002355807200308824,0.0031315109260331765,-0.004053007353572734
2026-07-28,-0.007365232661338428,0.00108220112075198,-0.000570392136507869,-0.020262822747516028,-0.0246329661306783,-0.017267733469339873
2026-07-29,-0.016688706992103387,-0.00967935311349224,0.0030171151946724152,0.01238136566683914,0.03047863006845166,0.04716733706055505
2026-07-30,0.0033257384746742556,-0.00017684526877683737,0.016111492894021417,0.0011855419450994664,0.001826867037111779,-0.0014988714375624766
2026-07-31,0.02405106134160958,-0.0003957948170977499,0.008325111355299498,0.0049425973047238945,0.009928890575848203,-0.014122170765761376
2026-08-03,0.007146242455156692,-0.00020930280325893725,0.013746194500139386,0.019623300596820936,0.030660774876171026,0.023514532421014332
2026-08-04,-0.009725926375936,0.002483321865520083,0.010460832360093708,0.0027087780532865204,0.0031844711018877204,0.01291039747782372
2026-08-05,0.0018437943953945935,-0.002397159723985831,-0.006457381564532738,-0.003129651757645624,-0.000770561346286891,-0.0026143557416814845
2026-08-06,0.003562309508453454,0.008972294499620347,-0.0006413797018665068,0.0017379674582133965,0.013202003836265375,0.00963969432781192
2026-08-07,0.009722325173580116,0.0022454161331492916,0.007891908697528737,-0.0004753132907923785,0.0008199915498107391,-0.008902333623769377
2026-08-10,-0.0071316694316627014,-0.0031173336326650535,0.0008067117480636155,-0.0026141946158797615,-0.008622889830559134,-0.001491220398896432
2026-08-11,0.005522201138996918,0.0030487890306290623,-0.006060357248727588,0.0029912100204772087,0.003926690225987928,-0.00159551091300899
2026-08-12,-0.0003148224038792335,-0.0018410791527878057,0.01804537216940786,0.0016292370648611,0.002484796680333856,0.0027996190842130898
2026-08-13,-0.002982808856545438,-0.003579278920058282,-0.00659001187842394,0.0012678650101954013,0.002353568978774312,0.00533637783531975
2026-08-14,-0.005642262315491753,-0.009126543935611109,-0.01077782594206277,-0.013051355434281564,-0.003614784059547238,0.002027478255944515
2026-08-17,-0.007401583872209061,0.010071006612238398,0.013215976520836892,-0.0018120189546219523,0.0032988905712570183,0.01070047444346608
2026-08-18,0.020006313940122266,-0.004045229116320515,-0.004678676744092935,0.013607281905691038,0.003641077950751093,-0.016365235989371174
2026-08-19,-0.005881325062462484,-0.005149180152608235,-0.012787681200883805,-0.024877880406790266,-0.010175518804656936,-0.0042941937421944526
2026-08-20,0.006838739127082915,0.005328915105690235,0.00975628268478237,0.013580936146791034,0.0064944445398079755,-0.0003442945872749398
2026-08-21,0.00020686805791813033,0.009569425486144556,-0.00297574092463454,-0.005248281788145059,0.0087949405785398,0.00858807252062167
2026-08-24,-0.0009128735983330638,-0.0012338622517547916,-0.00524162574437882,0.012663625521992095,0.0055534558014926575,0.006466329399825721
2026-08-25,-0.00821947230459864,-0.0008901609166973911,-0.005066323299737952,-0.0010462349231981417,0.002200371019337044,0.010419843323935684
2026-08-26,-0.004583601656005643,-0.004519483541353631,0.016084085055443766,0.001596824777716599,-0.001816260408459136,0.0027673412475465067
2026-08-27,0.0062890758209553695,-0.003740067396644553,-0.0026437501835330224,0.000770279205304425,0.009693763032825453,0.003404687211870084
2026-08-28,-0.005873936496362697,-0.0034253956218742833,-0.0027152728353623478,-0.004093371211170071,-0.002781678078826055,0.003092258417536642
2026-08-31,-0.006419810609378218,-0.007289937184981154,-0.0022496200542288848,-0.004745123134066209,-0.010738471120595616,-0.0043186605112173985
2026-09-01,-0.0008183950209032064,0.009416621584049812,0.006974244277230724,0.001035365996054316,0.0026045214345424726,0.0034229164554456792
2026-09-02,0.0067159965574214555,0.014132933462664055,0.01710789305353052,-0.00021175628970863115,0.009098480995347203,0.0023824844379257476
2026-09-03,-0.008458643445759894,-0.017436349725879076,-0.002556168147295612,-0.008968232552627752,0.007332168886938217,0.015790812332698113
2026-09-04,-0.00023201043292554458,-0.01167885845160913,-0.014426768639718868,-0.006616335560829934,-0.012767968782300753,-0.01253595834937521
2026-09-08,0.009115805730309257,-0.007590342685675888,-0.007510649637125166,-0.006167547536871254,-0.00822118225305699,-0.017336987983366248
2026-09-09,-0.014033043801342238,-0.006334986171701573,-0.004169688243785929,0.0037348258430059955,-0.008888750543793466,0.005144293257548772
2026-09-10,0.011866387614636386,0.009620735276178249,0.008301437533914791,0.004333911667735025,0.0034292570550986555,-0.00843713055953773
2026-09-11,-0.016256614283125748,-0.013108401909663647,0.0034853086357902628,0.011828266511154872,0.01685751882848866,0.03311413311161441
2026-09-14,0.005607263483768754,-0.005024833736159062,-0.0038468294852646357,-0.009333941300080372,-0.0060950830220167,-0.011702346505785454
2026-09-15,-0.006457853049352169,-0.012976522606919528,-0.011321711171901339,-0.0034129318871798596,-0.005549259823686048,0.0009085932256661213
2026-09-16,0.005905856431438572,0.0031919301485258122,0.00840767975614325,0.0019707681325137672,0.01088296182644114,0.004977105395002568
2026-09-17,-0.011709931087687975,-0.0034056605539175442,-0.0031882310123052095,0.0029515745121260983,-0.0014646645278074467,0.010245266559880528
