date,ic
2012-04-27,-0.13243595310464612
2012-04-30,0.3498697351280938
2012-05-01,-0.21819366044290053
2012-05-02,-0.31437255753365173
2012-05-03,-0.15338688666956143
2012-05-04,-0.07588752623161402
2012-05-07,-0.15838037342596611
2012-05-08,0.19876248371689104
2012-05-09,-0.14481111593573598
2012-05-10,-0.05080330004342163
2012-05-11,-0.17325227963525838
2012-05-14,-0.1440512375162831
2012-05-15,-0.10811984368215373
2012-05-16,-0.5142205818497613
2012-05-17,0.20115067303517153
2012-05-18,0.2177594442032132
2012-05-21,-0.004233608336951802
2012-05-22,0.100412505427703
2012-05-23,0.3141554494138081
2012-05-24,0.2101606600086843
2012-05-25,0.061224489795918366
2012-05-29,0.011723838471558836
2012-05-30,-0.001628310898827616
2012-05-31,-0.13547546678245767
2012-06-01,0.2127659574468085
2012-06-04,0.24120712114633086
2012-06-05,0.11485019539730787
2012-06-06,0.11452453321754233
2012-06-07,0.3316326530612245
2012-06-08,-0.2101606600086843
2012-06-11,-0.047112462006079034
2012-06-12,-0.06220147633521493
2012-06-13,-0.010855405992184108
2012-06-14,0.28137212331741207
2012-06-15,0.3327181936604429
2012-06-18,0.32142857142857145
2012-06-19,0.09769865392965696
2012-06-20,0.22416413373860183
2012-06-21,-0.34476769431176724
2012-06-22,0.09379070777247069
2012-06-25,0.07218844984802432
2012-06-26,-0.002713851498046027
2012-06-27,-0.06665219279201041
2012-06-28,0.4877333912288319
2012-06-29,-0.014437689969604862
2012-07-02,0.1876899696048632
2012-07-03,0.1845419018671298
2012-07-05,-0.07273122014763353
2012-07-06,-0.28343465045592703
2012-07-09,-0.18323925314806774
2012-07-10,-0.08195831524099
2012-07-11,-0.1661962657403387
2012-07-12,0.310790273556231
2012-07-13,-0.2789839339991315
2012-07-16,-0.3285931393834129
2012-07-17,0.4178245766391663
2012-07-18,0.0027139251509438202
2012-07-19,0.0755536257056014
2012-07-20,0.15762049500651323
2012-07-23,0.2346938775510204
2012-07-24,0.2778983933999132
2012-07-25,-0.28376031263569257
2012-07-26,0.17488059053408597
2012-07-27,0.17965696917064697
2012-07-30,0.17531480677377334
2012-07-31,0.05644811115935735
2012-08-01,-0.13124185844550587
2012-08-02,0.22014763352149372
2012-08-03,-0.1316760746851932
2012-08-06,-0.4288970907511941
2012-08-07,0.19068038110531282
2012-08-08,-0.2346938775510204
2012-08-09,0.15599218410768562
2012-08-10,0.14861050803300044
2012-08-13,0.17596613113330437
2012-08-14,0.3089448545375597
2012-08-15,-0.20125922709509333
2012-08-16,-0.16071864743889305
2012-08-17,0.11751295903586742
2012-08-20,-0.001845419018671298
2012-08-21,0.10616587060356056
2012-08-22,0.210377768128528
2012-08-23,0.31285280069474597
2012-08-24,-0.10790273556231002
2012-08-27,-0.12364307425097698
2012-08-28,-0.05557967867998263
2012-08-29,-0.4777464177160225
2012-08-30,0.06914893617021275
2012-08-31,-0.3380373425966131
2012-09-04,0.06057316543638732
2012-09-05,0.037234042553191495
2012-09-06,-0.22090751194094657
2012-09-07,0.04429005644811116
2012-09-10,-0.18541033434650456
2012-09-11,-0.2087494572297004
2012-09-12,-0.14285714285714282
2012-09-13,0.03397959183673469
2012-09-14,0.3596938775510204
2012-09-17,0.01489795918367347
2012-09-18,-0.010715379176115808
2012-09-19,-0.02959183673469387
2012-09-20,-0.1107142857142857
2012-09-21,-0.21357142857142855
2012-09-24,-0.670612244897959
2012-09-25,0.0003061224489795918
2012-09-26,0.2838775510204081
2012-09-27,-0.176734693877551
2012-09-28,0.011734693877551019
2012-10-01,-0.11780912782220734
2012-10-02,-0.022346938775510205
2012-10-03,0.06999999999999999
2012-10-04,0.05122448979591836
2012-10-05,-0.1737755102040816
2012-10-08,-0.027653061224489794
2012-10-09,-0.2096938775510204
2012-10-10,-0.20530612244897958
2012-10-11,0.24220005620269305
2012-10-12,-0.24102040816326525
2012-10-15,0.09112244897959182
2012-10-16,0.10540816326530611
2012-10-17,-0.2971428571428571
2012-10-18,0.03673469387755102
2012-10-19,-0.20061224489795915
2012-10-22,0.2874489795918367
2012-10-23,-0.09479591836734691
2012-10-24,0.053775510204081625
2012-10-25,0.11163265306122448
2012-10-26,0.1413265306122449
2012-10-31,-0.05153061224489795
2012-11-01,0.1711224489795918
2012-11-02,-0.031938775510204076
2012-11-05,-0.1439322432163044
2012-11-06,0.28581632653061223
2012-11-07,-0.21061224489795918
2012-11-08,0.053775510204081625
2012-11-09,0.10995178452007658
2012-11-12,-0.1683673469387755
2012-11-13,0.17459183673469383
2012-11-14,-0.020510204081632653
2012-11-15,0.013367346938775507
2012-11-16,0.1437755102040816
2012-11-19,-0.1877551020408163
2012-11-20,-0.2246938775510204
2012-11-21,0.33163265306122447
2012-11-23,-0.07581632653061224
2012-11-26,-0.1407142857142857
2012-11-27,0.15224489795918364
2012-11-28,0.1480612244897959
2012-11-29,-0.3415903468036718
2012-11-30,-0.13785714285714284
2012-12-03,-0.0496938775510204
2012-12-04,0.19816326530612244
2012-12-05,0.18826530612244896
2012-12-06,-0.23673469387755097
2012-12-07,0.1959183673469388
2012-12-10,0.20020408163265305
2012-12-11,-0.019693877551020405
2012-12-12,0.013367346938775507
2012-12-13,-0.31265306122448977
2012-12-14,0.07408163265306122
2012-12-17,0.021938775510204078
2012-12-18,-0.41295918367346934
2012-12-19,-0.11244897959183672
2012-12-20,-0.04030612244897959
2012-12-21,0.025868006845326603
2012-12-24,0.0323469387755102
2012-12-26,0.20581632653061221
2012-12-27,-0.18408163265306118
2012-12-28,-0.3120408163265306
2012-12-31,-0.1536734693877551
2013-01-02,-0.040510204081632646
2013-01-03,0.1689795918367347
2013-01-04,-0.1104081632653061
2013-01-07,0.07091836734693877
2013-01-08,-0.050408163265306116
2013-01-09,0.07826530612244896
2013-01-10,-0.058571428571428566
2013-01-11,-0.06551020408163265
2013-01-14,0.13581632653061224
2013-01-15,-0.033163265306122444
2013-01-16,-0.19887755102040813
2013-01-17,-0.2427551020408163
2013-01-18,-0.07469578307999634
2013-01-22,0.2676088676602328
2013-01-23,0.12857142857142856
2013-01-24,-0.22408163265306122
2013-01-25,0.2037755102040816
2013-01-28,0.2931632653061224
2013-01-29,0.2198979591836734
2013-01-30,0.08846938775510203
2013-01-31,0.01357142857142857
2013-02-01,0.15642857142857142
2013-02-04,-0.11224489795918366
2013-02-05,-0.12142857142857141
2013-02-06,-0.17602040816326528
2013-02-07,0.1580612244897959
2013-02-08,0.251734693877551
2013-02-11,0.15418367346938774
2013-02-12,0.03387755102040816
2013-02-13,0.057756575441636517
2013-02-14,0.2664863900456427
2013-02-15,-0.311734693877551
2013-02-19,0.10357142857142856
2013-02-20,-0.20448979591836733
2013-02-21,0.0973469387755102
2013-02-22,-0.4801020408163265
2013-02-25,0.13622448979591836
2013-02-26,0.5033673469387754
2013-02-27,-0.15418367346938774
2013-02-28,-0.049183673469387755
2013-03-01,0.002755102040816326
2013-03-04,0.2688775510204081
2013-03-05,0.17387755102040817
2013-03-06,0.14316326530612242
2013-03-07,0.10397959183673468
2013-03-08,-0.011326530612244897
2013-03-11,0.11612244897959183
2013-03-12,-0.08020408163265307
2013-03-13,0.2437755102040816
2013-03-14,0.011428571428571427
2013-03-15,0.045204081632653055
2013-03-18,-0.08479591836734694
2013-03-19,0.03908163265306122
2013-03-20,-0.10153061224489794
2013-03-21,-0.10224489795918366
2013-03-22,-0.20795918367346936
2013-03-25,-0.21505650661351408
2013-03-26,0.005510204081632652
2013-03-27,-0.19617847400449856
2013-03-28,-0.0064285714285714285
2013-04-01,-0.29244897959183674
2013-04-02,-0.34622448979591836
2013-04-03,0.000510204081632653
2013-04-04,-0.02183673469387755
2013-04-05,0.15020408163265306
2013-04-08,0.27867346938775506
2013-04-09,0.07622448979591837
2013-04-10,0.26153061224489793
2013-04-11,0.08918367346938774
2013-04-12,-0.10265306122448979
2013-04-15,0.0933673469387755
2013-04-16,-0.20795918367346936
2013-04-17,0.22989795918367345
2013-04-18,-0.1607142857142857
2013-04-19,0.28908163265306114
2013-04-22,0.3493877551020408
2013-04-23,0.3711224489795918
2013-04-24,-0.011734693877551019
2013-04-25,0.23551020408163262
2013-04-26,-0.14091836734693874
2013-04-29,-0.3375270108043217
2013-04-30,0.12528211284513804
2013-05-01,0.0846578631452581
2013-05-02,-0.08340936374549819
2013-05-03,0.027034813925570226
2013-05-06,0.3063699009262647
2013-05-07,-0.09003601440576231
2013-05-08,0.18674669867947177
2013-05-09,-0.1359423769507803
2013-05-10,0.21210084033613444
2013-05-13,-0.100984393757503
2013-05-14,-0.13565426170468187
2013-05-15,0.36576230492196876
2013-05-16,-0.22103241296518605
2013-05-17,-0.05805522208883554
2013-05-20,-0.025306122448979586
2013-05-21,0.10444177671068428
2013-05-22,-0.0993517406962785
2013-05-23,-0.042881152460984395
2013-05-24,-0.14256902761104442
2013-05-28,0.07591836734693877
2013-05-29,-0.023001200480192076
2013-05-30,-0.06996398559423768
2013-05-31,0.33454981992797117
2013-06-03,0.0546938775510204
2013-06-04,0.13478991596638654
2013-06-05,0.30909963985594235
2013-06-06,0.07217286914765905
2013-06-07,-0.012917166866746698
2013-06-10,0.4129171668667466
2013-06-11,0.10684273709483794
2013-06-12,0.28124849939975993
2013-06-13,0.1865110807519768
2013-06-14,0.006386554621848738
2013-06-17,-0.1264345738295318
2013-06-18,-0.07697478991596637
2013-06-19,-0.2276590636254502
2013-06-20,0.16024009603841535
2013-06-21,0.21023313891147127
2013-06-24,-0.03798319327731092
2013-06-25,0.07764705882352942
2013-06-26,0.17291716686674669
2013-06-27,0.216619846877489
2013-06-28,0.272124849939976
2013-07-01,0.07591836734693877
2013-07-02,-0.19020408163265307
2013-07-03,0.22199279711884753
2013-07-05,0.13968787515006
2013-07-08,0.1824249699879952
2013-07-09,0.3204321728691476
2013-07-10,0.08148859543817527
2013-07-11,0.16912771019785336
2013-07-12,-0.1847298919567827
2013-07-15,-0.08177671068427371
2013-07-16,-0.035390156062424974
2013-07-17,0.16456182472989198
2013-07-18,0.11683073229291716
2013-07-19,0.02280912364945978
2013-07-22,-0.1630252100840336
2013-07-23,0.15184038036502334
2013-07-24,0.11875150060024009
2013-07-25,0.045235179729238455
2013-07-26,-0.0844657863145258
2013-07-29,0.0022569027611044415
2013-07-30,0.2542617046818727
2013-07-31,-0.020312124849939977
2013-08-01,-0.25454981992797115
2013-08-02,-0.16436974789915965
2013-08-05,0.1063625450180072
2013-08-06,0.2620408163265306
2013-08-07,0.06861944777911164
2013-08-08,0.2552220888355342
2013-08-09,-0.1657142857142857
2013-08-12,0.09003601440576231
2013-08-13,0.0453781512605042
2013-08-14,0.04172869147659064
2013-08-15,-0.09099639855942376
2013-08-16,0.38099354137131414
2013-08-19,-0.20393757503001197
2013-08-20,0.018871548619447776
2013-08-21,-0.09435774309723889
2013-08-22,0.059789655944996176
2013-08-23,-0.0823529411764706
2013-08-26,0.37181272509003604
2013-08-27,-0.1348859543817527
2013-08-28,-0.021848739495798315
2013-08-29,0.012340936374549819
2013-08-30,0.11519807923169266
2013-09-03,0.2993037214885954
2013-09-04,0.002352941176470588
2013-09-05,-0.05824729891956783
2013-09-06,-0.0025450180072028807
2013-09-09,-0.09195678271308522
2013-09-10,-0.00475390156062425
2013-09-11,0.35855942376950783
2013-09-12,0.06967587034813925
2013-09-13,0.05968787515006002
2013-09-16,0.06650660264105641
2013-09-17,0.23793517406962783
2013-09-18,-0.08312124849939975
2013-09-19,-0.08533013205282113
2013-09-20,0.02127250900360144
2013-09-23,-0.02588235294117647
2013-09-24,0.19635054021608642
2013-09-25,-0.3447298919567827
2013-09-26,-0.1787755102040816
2013-09-27,0.18175270108043215
2013-09-30,-0.29555822328931575
2013-10-01,-0.14612244897959184
2013-10-02,-0.014069627851140454
2013-10-03,-0.1032893157262905
2013-10-04,0.38679471788715486
2013-10-07,0.22391356542617047
2013-10-08,-0.26665066026410567
2013-10-09,0.0027370948379351738
2013-10-10,0.09493397358943578
2013-10-11,0.2859543817527011
2013-10-14,0.04605042016806723
2013-10-15,-0.01771908763505402
2013-10-16,-0.24600240096038412
2013-10-17,-0.18050420168067227
2013-10-18,0.12653061224489795
2013-10-21,0.052100840336134456
2013-10-22,-0.0760144057623049
2013-10-23,-0.002064825930372149
2013-10-24,0.4404801920768307
2013-10-25,-0.11049219687875149
2013-10-28,-0.09877551020408162
2013-10-29,-0.023001200480192076
2013-10-30,-0.08849939975990395
2013-10-31,0.2735654261704682
2013-11-01,0.03404561824729892
2013-11-04,0.15889555822328932
2013-11-05,0.04364945978391356
2013-11-06,-0.26021608643457383
2013-11-07,0.25243697478991595
2013-11-08,0.06775510204081632
2013-11-11,0.12489795918367347
2013-11-12,0.06794717887154862
2013-11-13,0.15255702280912364
2013-11-14,0.10540216086434574
2013-11-15,0.3487970049224957
2013-11-18,-0.04989195678271309
2013-11-19,0.11097238895558223
2013-11-20,-0.09762304921968785
2013-11-21,-0.08581032412965187
2013-11-22,-0.0035054021608643456
2013-11-25,0.1908763505402161
2013-11-26,-0.12480192076830732
2013-11-27,-0.25726360393361003
2013-11-29,-0.06545018007202881
2013-12-02,0.33032412965186075
2013-12-03,0.0658343337334934
2013-12-04,0.00552220888355342
2013-12-05,0.23918367346938774
2013-12-06,-0.22698679471788716
2013-12-09,0.12124849939975989
2013-12-10,0.22516206482593037
2013-12-11,0.03308523409363745
2013-12-12,-0.22496998799519805
2013-12-13,-0.023289315726290515
2013-12-16,-0.1057863145258103
2013-12-17,0.02645858343337335
2013-12-18,0.007346938775510203
2013-12-19,0.13939975990396156
2013-12-20,-0.27894357743097237
2013-12-23,-0.16591034603452107
2013-12-24,-0.1237454981992797
2013-12-26,-0.23207683073229293
2013-12-27,-0.2582054791975745
2013-12-30,0.041344537815126044
2013-12-31,0.3554861944777911
2014-01-02,0.08869147659063625
2014-01-03,-0.29498199279711884
2014-01-06,0.035006002400960384
2014-01-07,-0.21603841536614646
2014-01-08,0.09608643457382952
2014-01-09,-0.029339735894357743
2014-01-10,-0.04076830732292917
2014-01-13,0.018007202881152456
2014-01-14,-0.14218487394957982
2014-01-15,0.07294117647058823
2014-01-16,0.15563025210084033
2014-01-17,-0.027611044417767107
2014-01-21,-0.375750300120048
2014-01-22,0.258391356542617
2014-01-23,0.18012004801920767
2014-01-24,-0.018007202881152456
2014-01-27,0.375078031212485
2014-01-28,-0.0728451380552221
2014-01-29,-0.05805522208883554
2014-01-30,-0.10924369747899158
2014-01-31,0.21613445378151258
2014-02-03,-0.17166866746698678
2014-02-04,-0.051236494597839126
2014-02-05,0.23092436974789915
2014-02-06,-0.005714285714285714
2014-02-07,-0.016758703481392558
2014-02-10,0.21498199279711883
2014-02-11,-0.11337334933973588
2014-02-12,-0.043169267707082834
2014-02-13,0.03644657863145258
2014-02-14,-0.07668667466986795
2014-02-18,-0.27078031212484993
2014-02-19,-0.008691476590636255
2014-02-20,0.033326130288844465
2014-02-21,0.0875390156062425
2014-02-24,0.252539076641258
2014-02-25,-0.18559423769507805
2014-02-26,0.15764705882352942
2014-02-27,-0.055703618350229946
2014-02-28,-0.3375270108043217
2014-03-03,0.24849939975990393
2014-03-04,0.18837935174069628
2014-03-05,-0.09570228091236495
2014-03-06,-0.09090036014405761
2014-03-07,0.13872749099639856
2014-03-10,0.21959183673469387
2014-03-11,0.0974309723889556
2014-03-12,-0.10751500600240095
2014-03-13,-0.053733493397358945
2014-03-14,0.2605104565086185
2014-03-17,-0.05354141656662665
2014-03-18,0.013685474189675868
2014-03-19,-0.28950780312124846
2014-03-20,0.053637454981992794
2014-03-21,-0.21709483793517406
2014-03-24,0.04773223848286945
2014-03-25,-0.21210084033613444
2014-03-26,-0.02895558223289316
2014-03-27,-0.31150060024009607
2014-03-28,0.081968787515006
2014-03-31,0.26031212484994
2014-04-01,0.11078031212484994
2014-04-02,-0.022905162064825933
2014-04-03,-0.17435774309723887
2014-04-04,-0.013781512605042016
2014-04-07,-0.03078031212484994
2014-04-08,0.6587755102040818
2014-04-09,-0.3825690276110444
2014-04-10,-0.37402160864345735
2014-04-11,0.15668667466986794
2014-04-14,0.10924369747899158
2014-04-15,-0.1076110444177671
2014-04-16,-0.022424969987995196
2014-04-17,0.18665066026410562
2014-04-21,0.30948379351740696
2014-04-22,0.13863145258103243
2014-04-23,0.08283313325330133
2014-04-24,0.09493397358943578
2014-04-25,-0.16283313325330132
2014-04-28,0.5782953181272509
2014-04-29,0.2168067226890756
2014-04-30,0.33406962785114036
2014-05-01,0.3929506111723549
2014-05-02,-0.31774309723889554
2014-05-05,0.12825930372148858
2014-05-06,0.2735654261704682
2014-05-07,0.19558223289315724
2014-05-08,0.21325842163221656
2014-05-09,0.44374549819927966
2014-05-12,0.09426396794957016
2014-05-13,0.0060984393757503004
2014-05-14,0.24331332533013206
2014-05-15,-0.19759903961584632
2014-05-16,-0.13997599039615843
2014-05-19,0.012148859543817525
2014-05-20,0.10088835534213686
2014-05-21,-0.06881152460984392
2014-05-22,-0.1986602319956045
2014-05-23,-0.24379351740696276
2014-05-27,0.0885954381752701
2014-05-28,0.004561824729891957
2014-05-29,0.1201920768307323
2014-05-30,0.05277310924369748
2014-06-02,-0.12681872749099637
2014-06-03,-0.03260504201680672
2014-06-04,0.30804321728691475
2014-06-05,0.18770708283313325
2014-06-06,-0.26818727490996397
2014-06-09,0.19798319327731093
2014-06-10,0.1472749099639856
2014-06-11,0.02770708283313325
2014-06-12,-0.1046843862099149
2014-06-13,0.10703481392557021
2014-06-16,-0.1280672268907563
2014-06-17,0.14909963985594235
2014-06-18,0.00936374549819928
2014-06-19,-0.04797118847539015
2014-06-20,0.1904921968787515
2014-06-23,-0.21190876350540214
2014-06-24,0.02770708283313325
2014-06-25,-0.12691476590636253
2014-06-26,0.20941176470588235
2014-06-27,0.043169267707082834
2014-06-30,-0.09243697478991596
2014-07-01,-0.11443251942120515
2014-07-02,0.012533013205282113
2014-07-03,-0.09695078031212485
2014-07-07,-0.16465786314525807
2014-07-08,-0.17839135654261706
2014-07-09,-0.1607202881152461
2014-07-10,0.19951980792316923
2014-07-11,0.03519807923169268
2014-07-14,0.07255702280912364
2014-07-15,-0.1059783913565426
2014-07-16,-0.04701080432172868
2014-07-17,0.14765906362545017
2014-07-18,-0.2802881152460984
2014-07-21,-0.0823529411764706
2014-07-22,-0.37873658442091684
2014-07-23,-0.037118847539015606
2014-07-24,-0.08801920768307324
2014-07-25,0.05277310924369748
2014-07-28,0.0035054021608643456
2014-07-29,-0.2292917166866747
2014-07-30,0.11270108043217285
2014-07-31,0.30295318127250903
2014-08-01,-0.03342217101013797
2014-08-04,-0.09301320528211285
2014-08-05,-0.06631452581032413
2014-08-06,0.22247298919567823
2014-08-07,0.20451380552220885
2014-08-08,-0.0974309723889556
2014-08-11,0.04235395809043346
2014-08-12,0.37795918367346937
2014-08-13,-0.04067226890756302
2014-08-14,-0.22785114045618246
2014-08-15,0.33368547418967587
2014-08-18,-0.10953181272509004
2014-08-19,0.07025210084033613
2014-08-20,0.146890756302521
2014-08-21,-0.09608643457382952
2014-08-22,0.10876350540216086
2014-08-25,-0.011188475390156062
2014-08-26,0.20422569027611043
2014-08-27,0.09282112845138055
2014-08-28,-0.09435774309723889
2014-08-29,0.18924369747899158
2014-09-02,0.09704681872749099
2014-09-03,-0.036638655462184866
2014-09-04,-0.0468187274909964
2014-09-05,-0.2611764705882353
2014-09-08,0.0993517406962785
2014-09-09,0.16470983701835235
2014-09-10,0.031068427370948382
2014-09-11,-0.1578391356542617
2014-09-12,0.08388955582232892
2014-09-15,0.1733013205282113
2014-09-16,-0.33397358943577427
2014-09-17,-0.161968787515006
2014-09-18,0.13133253301320527
2014-09-19,-0.2500360144057623
2014-09-22,0.0050420168067226885
2014-09-23,0.24187274909963982
2014-09-24,-0.012917166866746698
2014-09-25,0.196062424969988
2014-09-26,-0.16379351740696277
2014-09-29,-0.16024009603841535
2014-09-30,0.020792316926770707
2014-10-01,0.04797118847539015
2014-10-02,-0.146890756302521
2014-10-03,-0.06055803706557444
2014-10-06,-0.08657863145258103
2014-10-07,0.16254501800720286
2014-10-08,-0.451812725090036
2014-10-09,-0.45939975990396154
2014-10-10,0.02127250900360144
2014-10-13,0.2558943577430972
2014-10-14,0.5205762304921968
2014-10-15,0.2168067226890756
2014-10-16,0.055654261704681865
2014-10-17,0.43990396158463385
2014-10-20,-0.34463385354141657
2014-10-21,0.29997599039615847
2014-10-22,0.045954381752701084
2014-10-23,-0.03932773109243697
2014-10-24,-0.12557022809123647
2014-10-27,0.05421368547418968
2014-10-28,0.14986794717887153
2014-10-29,-0.06496998799519808
2014-10-30,0.22737094837935176
2014-10-31,0.02885954381752701
2014-11-03,0.06516206482593037
2014-11-04,-0.13584633853541417
2014-11-05,0.3696998799519808
2014-11-06,-0.09368547418967586
2014-11-07,0.3200480192076831
2014-11-10,0.256956949820759
2014-11-11,-0.14420168067226888
2014-11-12,-0.21267707082833132
2014-11-13,0.027322929171668665
2014-11-14,-0.12835534213685473
2014-11-17,-0.18396158463385354
2014-11-18,0.08763505402160864
2014-11-19,-0.03692677070828331
2014-11-20,-0.2048019207683073
2014-11-21,-0.03174069627851141
2014-11-24,-0.052292917166866744
2014-11-25,0.043169267707082834
2014-11-26,-0.027515006002400956
2014-11-28,0.06621848739495799
2014-12-01,0.15649459783913564
2014-12-02,0.3350300120048019
2014-12-03,-0.11683073229291716
2014-12-04,-0.4758223289315726
2014-12-05,-0.3686434573829531
2014-12-08,0.06881152460984392
2014-12-09,0.08408163265306122
2014-12-10,-0.15851140456182472
2014-12-11,0.196734693877551
2014-12-12,0.07082833133253301
2014-12-15,0.302280912364946
2014-12-16,0.09887154861944776
2014-12-17,0.0968547418967587
2014-12-18,-0.03010804321728691
2014-12-19,0.27750300120048016
2014-12-22,-0.2395678271308523
2014-12-23,0.5132773109243698
2014-12-24,0.20414925897363753
2014-12-26,0.028283313325330132
2014-12-29,-0.04912364945978391
2014-12-30,-0.23015606242497
2014-12-31,-0.10194477791116446
2015-01-02,0.2913325330132053
2015-01-05,0.1727250900360144
2015-01-06,-0.1169267707082833
2015-01-07,0.044897959183673466
2015-01-08,-0.2548379351740696
2015-01-09,-0.21286914765906362
2015-01-12,0.026554621848739496
2015-01-13,-0.15207683073229292
2015-01-14,-0.16400134542342323
2015-01-15,-0.23150060024009603
2015-01-16,-0.15505402160864346
2015-01-20,-0.09752701080432173
2015-01-21,0.1038655462184874
2015-01-22,-0.11414165666266506
2015-01-23,0.25291716686674665
2015-01-26,-0.07745498199279711
2015-01-27,0.17157262905162063
2015-01-28,-0.0981032412965186
2015-01-29,0.14641056422569024
2015-01-30,0.3335894357743097
2015-02-02,-0.1607202881152461
2015-02-03,-0.13603841536614644
2015-02-04,-0.0030252100840336134
2015-02-05,-0.23207683073229293
2015-02-06,-0.19270108043217285
2015-02-09,0.3129411764705882
2015-02-10,-0.0014885954381752698
2015-02-11,-0.15611044417767103
2015-02-12,0.10693877551020407
2015-02-13,0.09138055222088834
2015-02-17,-0.05546218487394958
2015-02-18,-0.2510924369747899
2015-02-19,-0.1363298038761231
2015-02-20,0.037310924369747894
2015-02-23,0.3988955582232893
2015-02-24,0.034333733493397356
2015-02-25,-0.13834333733493398
2015-02-26,0.09349339735894358
2015-02-27,0.08254501800720286
2015-03-02,-0.04067226890756302
2015-03-03,-0.030492196878751498
2015-03-04,-0.0561344537815126
2015-03-05,0.1251860744297719
2015-03-06,0.15015606242496998
2015-03-09,0.3043937575030012
2015-03-10,-0.16888355342136854
2015-03-11,-0.02645858343337335
2015-03-12,0.14066176888585846
2015-03-13,-0.30122448979591837
2015-03-16,0.0658343337334934
2015-03-17,0.12777911164465786
2015-03-18,-0.2504201680672269
2015-03-19,0.15082833133253298
2015-03-20,-0.12364945978391356
2015-03-23,0.061992797118847545
2015-03-24,-0.0006242496998799519
2015-03-25,0.3362785114045618
2015-03-26,0.3963025210084033
2015-03-27,-0.03807923169267707
2015-03-30,0.15879951980792315
2015-03-31,0.09781512605042017
2015-04-01,-0.07572810873992468
2015-04-02,0.08158463385354141
2015-04-06,0.33868760364152745
2015-04-07,0.20393757503001197
2015-04-08,0.008115246098439374
2015-04-09,0.05594237695078031
2015-04-10,0.04057623049219687
2015-04-13,-0.07649459783913565
2015-04-14,0.0034093637454981987
2015-04-15,0.018967587034813924
2015-04-16,0.09358943577430971
2015-04-17,0.05238895558223289
2015-04-20,0.1700360144057623
2015-04-21,0.12585834333733492
2015-04-22,0.2349579831932773
2015-04-23,-0.37920768307322933
2015-04-24,0.21440576230492195
2015-04-27,0.027034813925570226
2015-04-28,-0.08120048019207683
2015-04-29,0.06304921968787515
2015-04-30,0.3741176470588235
2015-05-01,0.011092436974789914
2015-05-04,-0.173109243697479
2015-05-05,-0.0033133253301320525
2015-05-06,0.21440576230492195
2015-05-07,0.09963985594237695
2015-05-08,-0.16600240096038413
2015-05-11,0.17944777911164464
2015-05-12,0.07783913565426169
2015-05-13,-0.05181272509003601
2015-05-14,0.19462184873949578
2015-05-15,-0.028475390156062427
2015-05-18,0.2670348139255702
2015-05-19,-0.019208144258699985
2015-05-20,0.09906362545018006
2015-05-21,0.042785114045618244
2015-05-22,0.2613685474189676
2015-05-26,0.022713085234093634
2015-05-27,0.010324129651860744
2015-05-28,0.1454501800720288
2015-05-29,0.15937575030012002
2015-06-01,0.4404801920768307
2015-06-02,-0.02645858343337335
2015-06-03,-0.049411764705882356
2015-06-04,-0.36873949579831933
2015-06-05,0.14660264105642254
2015-06-08,-0.05604379798217714
2015-06-09,-0.13219687875150057
2015-06-10,0.14199279711884752
2015-06-11,-0.15956782713085235
2015-06-12,0.2759663865546218
2015-06-15,-0.11500600240096039
2015-06-16,0.27135654261704684
2015-06-17,-0.019735894357743092
2015-06-18,-0.2533973589435774
2015-06-19,0.30343337334933973
2015-06-22,0.06948379351740695
2015-06-23,-0.09474189675870348
2015-06-24,0.07582232893157262
2015-06-25,0.008691476590636255
2015-06-26,0.04835534213685474
2015-06-29,0.041344537815126044
2015-06-30,-0.20825930372148857
2015-07-01,0.21805522208883552
2015-07-02,-0.35481392557022806
2015-07-06,0.03558223289315726
2015-07-07,-0.4196398559423769
2015-07-08,0.11078031212484994
2015-07-09,0.15879951980792315
2015-07-10,-0.026266506602641054
2015-07-13,0.29075630252100837
2015-07-14,-0.09416566626650659
2015-07-15,-0.2901800720288115
2015-07-16,-0.20789511693645654
2015-07-17,-0.07668667466986795
2015-07-20,-0.10156062424969987
2015-07-21,0.1074189675870348
2015-07-22,0.17176470588235296
2015-07-23,-0.024537815126050418
2015-07-24,0.13690276110444177
2015-07-27,0.11981079981364112
2015-07-28,0.06266506602641056
2015-07-29,0.10501800720288115
2015-07-30,-0.31362097538392397
2015-07-31,-0.07707082833133252
2015-08-03,-0.16004801920768308
2015-08-04,-0.2287154861944778
2015-08-05,0.24312124849939976
2015-08-06,-0.0050420168067226885
2015-08-07,0.21939975990396157
2015-08-10,0.1567827130852341
2015-08-11,-0.07683257703479994
2015-08-12,0.2943097238895558
2015-08-13,0.14890756302521005
2015-08-14,0.005330132052821128
2015-08-17,-0.0640096038415366
2015-08-18,-0.19361809412769582
2015-08-19,0.07860744297719087
2015-08-20,-0.024057623049219684
2015-08-21,-0.29373349339735894
2015-08-24,0.27663865546218486
2015-08-25,-0.05815126050420167
2015-08-26,-0.2072989195678271
2015-08-27,-0.22641056422569028
2015-08-28,0.1971188475390156
2015-08-31,0.5339255702280913
2015-09-01,-0.31841536614645854
2015-09-02,0.22458583433373347
2015-09-03,-0.07630252100840335
2015-09-04,-0.14468187274909963
2015-09-08,0.004945978391356542
2015-09-09,-0.12585834333733492
2015-09-10,-0.09915966386554621
2015-09-11,0.22122448979591836
2015-09-14,0.062088835534213675
2015-09-15,-0.033373349339735896
2015-09-16,-0.1505402160864346
2015-09-17,-0.16388955582232892
2015-09-18,0.029243697478991592
2015-09-21,-0.17387755102040817
2015-09-22,-0.2401440576230492
2015-09-23,-0.173109243697479
2015-09-24,-0.1472749099639856
2015-09-25,-0.29997599039615847
2015-09-28,0.09445378151260504
2015-09-29,0.20326530612244897
2015-09-30,0.5315246098439376
2015-10-01,0.16206482593037216
2015-10-02,0.037695078031212484
2015-10-05,-0.16945978391356542
2015-10-06,0.1185594237695078
2015-10-07,-0.297987803324258
2015-10-08,0.21719087635054019
2015-10-09,0.17944777911164464
2015-10-12,0.24394343208548974
2015-10-13,0.24667466986794717
2015-10-14,0.2139255702280912
2015-10-15,-0.21373349339735895
2015-10-16,0.18444177671068426
2015-10-19,0.3738295318127251
2015-10-20,0.01915966386554622
2015-10-21,0.0792797118847539
2015-10-22,0.4042737094837935
2015-10-23,0.16945978391356542
2015-10-26,0.06909963985594238
2015-10-27,0.2639615846338535
2015-10-28,0.19193277310924367
2015-10-29,0.2700120048019207
2015-10-30,-0.17723889555822328
2015-11-02,-0.0015846338535414166
2015-11-03,-0.05056422569027611
2015-11-04,0.23481956356260725
2015-11-05,-0.07303721488595438
2015-11-06,0.034717887154861946
2015-11-09,0.06938775510204082
2015-11-10,-0.0331812725090036
2015-11-11,0.09301320528211285
2015-11-12,0.26012004801920763
2015-11-13,0.21411764705882352
2015-11-16,-0.04326530612244897
2015-11-17,0.08523409363745497
2015-11-18,0.1775270108043217
2015-11-19,0.15399759903961585
2015-11-20,-0.31928737794024037
2015-11-23,0.20297719087635052
2015-11-24,-0.08701289349191091
2015-11-25,0.15870348139255702
2015-11-27,0.10040816326530612
2015-11-30,0.29536614645858345
2015-12-01,0.09771908763505403
2015-12-02,0.17013205282112842
2015-12-03,-0.04163265306122449
2015-12-04,-0.165906362545018
2015-12-07,-0.04499399759903961
2015-12-08,0.24725090036014405
2015-12-09,-0.1773349339735894
2015-12-10,-0.19222088835534215
2015-12-11,-0.1280672268907563
2015-12-14,0.1874189675870348
2015-12-15,0.26069627851140453
2015-12-16,0.11212484993997598
2015-12-17,0.34463385354141657
2015-12-18,0.2363985594237695
2015-12-21,-0.022040816326530613
2015-12-22,0.14218487394957982
2015-12-23,0.15693053859357886
2015-12-24,0.03692677070828331
2015-12-28,0.07054021608643457
2015-12-29,-0.37181272509003604
2015-12-30,-0.04825930372148859
2015-12-31,0.37277310924369744
2016-01-04,-0.18357743097238896
2016-01-05,-0.033565426170468184
2016-01-06,-0.3105402160864345
2016-01-07,0.018007202881152456
2016-01-08,0.17234093637454984
2016-01-11,0.11300004854504095
2016-01-12,-0.10136854741896759
2016-01-13,-0.09157262905162064
2016-01-14,-0.2533973589435774
2016-01-15,0.03092511225650697
2016-01-19,-0.14804321728691477
2016-01-20,0.021656662665066023
2016-01-21,0.44201680672268906
2016-01-22,-0.3682593037214886
2016-01-25,0.32984393757503
2016-01-26,0.11001200480192078
2016-01-27,-0.11596638655462185
2016-01-28,0.3700840336134454
2016-01-29,0.004081632653061224
2016-02-01,-0.15889555822328932
2016-02-02,0.35193277310924365
2016-02-03,0.32878751500600234
2016-02-04,-0.11222088835534214
2016-02-05,-0.2717406962785114
2016-02-08,0.16811524609843936
2016-02-09,0.46295318127250895
2016-02-10,0.09253301320528211
2016-02-11,0.43577430972388953
2016-02-12,0.3840096038415366
2016-02-16,-0.05354141656662665
2016-02-17,0.12701080432172868
2016-02-18,-0.3458823529411765
2016-02-19,-0.27270108043217284
2016-02-22,-0.135078031212485
2016-02-23,-0.12835534213685473
2016-02-24,0.20902761104441775
2016-02-25,0.25618247298919566
2016-02-26,0.1038655462184874
2016-02-29,0.04019207683073229
2016-03-01,0.035006002400960384
2016-03-02,-0.31649459783913564
2016-03-03,-0.1268217724680666
2016-03-04,-0.09887154861944776
2016-03-07,0.3967827130852341
2016-03-08,0.2514765906362545
2016-03-09,0.06468187274909963
2016-03-10,0.30122448979591837
2016-03-11,-0.009555822328931571
2016-03-14,-0.12835534213685473
2016-03-15,-0.03673469387755102
2016-03-16,0.05815126050420167
2016-03-17,0.17195678271308523
2016-03-18,0.09637454981992796
2016-03-21,0.2532052821128451
2016-03-22,0.17551020408163265
2016-03-23,0.26549819927971186
2016-03-24,0.08917166866746698
2016-03-28,-0.25791116446578627
2016-03-29,0.20989195678271308
2016-03-30,0.18511404561824726
2016-03-31,0.14516206482593036
2016-04-01,-0.24432759497066375
2016-04-04,-0.22957983193277312
2016-04-05,-0.09330132052821127
2016-04-06,-0.3424249699879952
2016-04-07,0.412436974789916
2016-04-08,0.28854741896758695
2016-04-11,0.16465786314525807
2016-04-12,0.10405762304921969
2016-04-13,-0.3773829531812725
2016-04-14,0.34424969987995196
2016-04-15,0.11606242496998799
2016-04-18,-0.05805522208883554
2016-04-19,-0.21027611044417766
2016-04-20,-0.27836734693877546
2016-04-21,-0.07879951980792316
2016-04-22,0.33176470588235296
2016-04-25,-0.3089075630252101
2016-04-26,-0.20883553421368548
2016-04-27,0.20364945978391355
2016-04-28,0.13968787515006
2016-04-29,0.07313325330132053
2016-05-02,0.1590876350540216
2016-05-03,-0.32945978391356545
2016-05-04,-0.018487394957983194
2016-05-05,-0.26569027611044416
2016-05-06,-0.390828331332533
2016-05-09,0.5208643457382953
2016-05-10,0.08936589116360165
2016-05-11,-0.20605042016806724
2016-05-12,-0.12240096038415366
2016-05-13,-0.16773109243697476
2016-05-16,-0.07774496388708817
2016-05-17,-0.3398319327731092
2016-05-18,0.06794717887154862
2016-05-19,-0.26357743097238895
2016-05-20,-0.21834333733493394
2016-05-23,-0.41570228091236494
2016-05-24,-0.13815126050420168
2016-05-25,-0.14516206482593036
2016-05-26,0.01042016806722689
2016-05-27,-0.18645858343337332
2016-05-31,0.42857142857142855
2016-06-01,-0.06813925570228091
2016-06-02,-0.1249939975990396
2016-06-03,0.29728691476590635
2016-06-06,-0.1007923169267707
2016-06-07,-0.26569027611044416
2016-06-08,-0.4944176332189375
2016-06-09,-0.31774309723889554
2016-06-10,-0.28345738295318124
2016-06-13,-0.3349339735894358
2016-06-14,0.3784393757503001
2016-06-15,-0.1472749099639856
2016-06-16,0.04854741896758703
2016-06-17,0.18194477791116445
2016-06-20,-0.062953181272509
2016-06-21,0.13891956782713086
2016-06-22,-0.06362545018007203
2016-06-23,0.5072268907563025
2016-06-24,-0.2507082833133253
2016-06-27,0.3387755102040816
2016-06-28,0.20115246098439374
2016-06-29,0.2855702280912365
2016-06-30,-0.10789915966386554
2016-07-01,-0.5329651860744297
2016-07-05,-0.021080432172869146
2016-07-06,0.3995294005809596
2016-07-07,0.27500600240096035
2016-07-08,0.06650660264105641
2016-07-11,0.5227851140456182
2016-07-12,0.2763505402160864
2016-07-13,-0.18482593037214884
2016-07-14,-0.01474189675870348
2016-07-15,-0.17205282112845138
2016-07-18,0.10434824368538766
2016-07-19,0.12451380552220888
2016-07-20,0.100984393757503
2016-07-21,-0.19519807923169266
2016-07-22,-0.2072989195678271
2016-07-25,-0.16331332533013204
2016-07-26,-0.23899159663865546
2016-07-27,0.22957983193277312
2016-07-28,-0.004273709483793517
2016-07-29,-0.26127250900360144
2016-08-01,0.16350540216086432
2016-08-02,0.48158463385354144
2016-08-03,0.23812725090036013
2016-08-04,0.08398559423769507
2016-08-05,0.04633853541416567
2016-08-08,-0.05181272509003601
2016-08-09,0.2639615846338535
2016-08-10,0.04912364945978391
2016-08-11,-0.06775510204081632
2016-08-12,0.23092436974789915
2016-08-15,0.00552220888355342
2016-08-16,0.16830732292917167
2016-08-17,-0.22689075630252098
2016-08-18,0.1505402160864346
2016-08-19,0.06929171668667466
2016-08-22,-0.07438175270108043
2016-08-23,0.1723930947218323
2016-08-24,-0.5490996398559423
2016-08-25,-0.2847058823529412
2016-08-26,0.05450180072028812
2016-08-29,-0.5286434573829532
2016-08-30,-0.09571147333203002
2016-08-31,0.1394957983193277
2016-09-01,0.016566626650660263
2016-09-02,-0.06554621848739495
2016-09-06,-0.17647058823529413
2016-09-07,0.0398079231692677
2016-09-08,0.008595438175270108
2016-09-09,0.1745498199279712
2016-09-12,0.04403361344537814
2016-09-13,0.26280912364945974
2016-09-14,-0.4299159663865546
2016-09-15,-0.023193277310924368
2016-09-16,0.35942376950780314
2016-09-19,0.12336134453781511
2016-09-20,-0.07322929171668667
2016-09-21,0.011764705882352943
2016-09-22,-0.2500360144057623
2016-09-23,0.11587034813925569
2016-09-26,0.02463385354141657
2016-09-27,0.21277310924369747
2016-09-28,-0.2306362545018007
2016-09-29,0.016758703481392558
2016-09-30,0.29334933973589433
2016-10-03,0.04605042016806723
2016-10-04,-0.29334933973589433
2016-10-05,0.01935174069627851
2016-10-06,-0.20605042016806724
2016-10-07,-0.14482940771059785
2016-10-10,0.12124849939975989
2016-10-11,0.27097238895558223
2016-10-12,0.27577430972388955
2016-10-13,0.2093157262905162
2016-10-14,0.1721488595438175
2016-10-17,0.25704681872749097
2016-10-18,-0.07034813925570228
2016-10-19,-0.01983193277310924
2016-10-20,-0.34012004801920764
2016-10-21,-0.07198079231692676
2016-10-24,0.24830732292917165
2016-10-25,-0.010228091236494596
2016-10-26,0.13104441776710685
2016-10-27,0.025210084033613446
2016-10-28,-0.44336134453781506
2016-10-31,-0.16283313325330132
2016-11-01,0.07630252100840335
2016-11-02,-0.33739105390406515
2016-11-03,0.17915966386554621
2016-11-04,0.0875390156062425
2016-11-07,0.3292677070828331
2016-11-08,-0.22372148859543817
2016-11-09,-0.7545258103241297
2016-11-10,0.08187274909963986
2016-11-11,-0.6165186074429772
2016-11-14,0.36518607442977186
2016-11-15,0.5621608643457382
2016-11-16,-0.05046818727490996
2016-11-17,-0.3672989195678271
2016-11-18,-0.19308523409363745
2016-11-21,-0.09138055222088834
2016-11-22,0.3001680672268907
2016-11-23,0.47150060024009605
2016-11-25,-0.0546938775510204
2016-11-28,0.33166866746698676
2016-11-29,-0.060840336134453776
2016-11-30,-0.3971668667466987
2016-12-01,0.4910924369747899
2016-12-02,0.30506602641056424
2016-12-05,-0.19903961584633853
2016-12-06,0.16187274909963983
2016-12-07,0.06372148859543818
2016-12-08,0.19846338535414165
2016-12-09,0.10847539015606242
2016-12-12,0.28
2016-12-13,0.23764705882352938
2016-12-14,-0.03548619447779112
2016-12-15,-0.3163985594237695
2016-12-16,0.04460984393757503
2016-12-19,0.0821608643457383
2016-12-20,-0.20777911164465784
2016-12-21,0.011188475390156062
2016-12-22,-0.05824729891956783
2016-12-23,-0.09589435774309724
2016-12-27,0.3256182472989196
2016-12-28,-0.17493397358943577
2016-12-29,0.1582232893157263
2016-12-30,-0.1630252100840336
2017-01-03,-0.20489795918367346
2017-01-04,-0.12403361344537814
2017-01-05,-0.20489795918367346
2017-01-06,-0.029819927971188476
2017-01-09,-0.00744297719087635
2017-01-10,0.13210084033613445
2017-01-11,-0.04460984393757503
2017-01-12,-0.19452581032412963
2017-01-13,0.26866746698679467
2017-01-17,0.09138055222088834
2017-01-18,-0.253109243697479
2017-01-19,-0.17800720288115246
2017-01-20,-0.19951980792316923
2017-01-23,-0.15630252100840333
2017-01-24,0.07049388942942893
2017-01-25,-0.012148859543817525
2017-01-26,0.008019207683073229
2017-01-27,0.21085234093637453
2017-01-30,0.3568307322929172
2017-01-31,-0.29920768307322926
2017-02-01,0.01579831932773109
2017-02-02,0.4159903961584634
2017-02-03,-0.12672268907563025
2017-02-06,-0.13584633853541417
2017-02-07,0.055078031212484994
2017-02-08,0.20192076830732295
2017-02-09,0.03721488595438175
2017-02-10,0.2567587034813925
2017-02-13,-0.0887875150060024
2017-02-14,-0.10818727490996398
2017-02-15,0.10434573829531814
2017-02-16,-0.011092436974789914
2017-02-17,0.05267707082833133
2017-02-21,0.03711973877993772
2017-02-22,0.1014190016859359
2017-02-23,-0.4125330132052821
2017-02-24,0.5650420168067226
2017-02-27,-0.1797358943577431
2017-02-28,0.3224489795918367
2017-03-01,-0.03039688828939272
2017-03-02,-0.14804321728691477
2017-03-03,0.2204561824729892
2017-03-06,0.26338535414165665
2017-03-07,-0.17896758703481394
2017-03-08,-0.01310924369747899
2017-03-09,-0.012148859543817525
2017-03-10,-0.3271548619447779
2017-03-13,0.13469387755102039
2017-03-14,0.1524609843937575
2017-03-15,0.2684753901560624
2017-03-16,-0.3053541416566627
2017-03-17,0.005810324129651861
2017-03-20,-0.2873949579831933
2017-03-21,-0.19827130852340935
2017-03-22,0.14285714285714285
2017-03-23,-0.37402160864345735
2017-03-24,-0.03788806455028571
2017-03-27,0.22612244897959183
2017-03-28,-0.22448979591836735
2017-03-29,-0.0656422569027611
2017-03-30,-0.07889555822328932
2017-03-31,0.14803074394213872
2017-04-03,0.07841536614645858
2017-04-04,-0.1727250900360144
2017-04-05,0.13680672268907562
2017-04-06,-0.0041776710684273705
2017-04-07,-0.27894357743097237
2017-04-10,-0.010036014405762305
2017-04-11,-0.1119327731092437
2017-04-12,-0.09416566626650659
2017-04-13,0.26549819927971186
2017-04-17,-0.2581992797118847
2017-04-18,-0.1289315726290516
2017-04-19,0.07793517406962785
2017-04-20,-0.15111644657863144
2017-04-21,0.2000960384153661
2017-04-24,0.06055222088835534
2017-04-25,-0.023385354141656663
2017-04-26,-0.30967587034813926
2017-04-27,-0.15150060024009604
2017-04-28,-0.21114045618247296
2017-05-01,-0.04019207683073229
2017-05-02,0.2988235294117647
2017-05-03,-0.05642256902761104
2017-05-04,0.18617046818727492
2017-05-05,-0.06790078995450442
2017-05-08,-0.07438175270108043
2017-05-09,0.09282112845138055
2017-05-10,0.003889555822328931
2017-05-11,-0.2640576230492197
2017-05-12,-0.09195678271308522
2017-05-15,-0.3817046818727491
2017-05-16,0.188859543817527
2017-05-17,0.2588715486194478
2017-05-18,-0.028283313325330132
2017-05-19,-0.06545018007202881
2017-05-22,0.23524609843937574
2017-05-23,0.018967587034813924
2017-05-24,-0.14016806722689074
2017-05-25,0.11020408163265305
2017-05-26,-0.5262424969987995
2017-05-30,-0.2940216086434574
2017-05-31,0.47111644657863144
2017-06-01,-0.29623049219687875
2017-06-02,-0.05488595438175269
2017-06-05,0.05421368547418968
2017-06-06,-0.010708283313325332
2017-06-07,0.2413023122499185
2017-06-08,0.23505402160864344
2017-06-09,-0.5290276110444178
2017-06-12,0.48600240096038416
2017-06-13,-0.24542617046818724
2017-06-14,-0.2802881152460984
2017-06-15,-0.10482593037214885
2017-06-16,0.5091476590636254
2017-06-19,-0.31006002400960386
2017-06-20,-0.07947178871548619
2017-06-21,-0.6217046818727492
2017-06-22,-0.045858343337334934
2017-06-23,0.27577430972388955
2017-06-26,0.3469387755102041
2017-06-27,0.08100840336134453
2017-06-28,-0.23918367346938774
2017-06-29,-0.13478991596638654
2017-06-30,-0.567923169267707
2017-07-03,0.33378151260504196
2017-07-05,0.0739015606242497
2017-07-06,0.06977190876350539
2017-07-07,-0.08072028811524609
2017-07-10,0.013781512605042016
2017-07-11,-0.5091476590636254
2017-07-12,0.3103481392557023
2017-07-13,-0.5282593037214885
2017-07-14,0.010612244897959183
2017-07-17,-0.23735894357743095
2017-07-18,-0.08398559423769507
2017-07-19,-0.10357743097238895
2017-07-20,-0.13421368547418966
2017-07-21,-0.09503001200480192
2017-07-24,0.5191356542617046
2017-07-25,0.07668667466986795
2017-07-26,0.06929171668667466
2017-07-27,0.25253301320528215
2017-07-28,-0.3376230492196879
2017-07-31,-0.04633853541416567
2017-08-01,0.12845138055222088
2017-08-02,0.1757983193277311
2017-08-03,-0.21229291716686674
2017-08-04,0.169171668667467
2017-08-07,-0.10732292917166866
2017-08-08,-0.15274909963985592
2017-08-09,0.05286914765906363
2017-08-10,0.20403361344537815
2017-08-11,0.09752701080432173
2017-08-14,-0.4218487394957983
2017-08-15,-0.0875390156062425
2017-08-16,-0.23486194477791117
2017-08-17,-0.005426170468187274
2017-08-18,-0.08129651860744297
2017-08-21,-0.022040816326530613
2017-08-22,0.291140456182473
2017-08-23,0.016086434573829533
2017-08-24,0.055366146458583426
2017-08-25,-0.21411764705882352
2017-08-28,0.14343337334933973
2017-08-29,0.008979591836734692
2017-08-30,-0.0860984393757503
2017-08-31,0.2719327731092437
2017-09-01,-0.0821608643457383
2017-09-05,-0.08965186074429772
2017-09-06,-0.23265306122448978
2017-09-07,-0.05546218487394958
2017-09-08,0.20307322929171667
2017-09-11,0.19106842737094837
2017-09-12,0.15889555822328932
2017-09-13,-0.14559773348094585
2017-09-14,0.25368547418967585
2017-09-15,-0.3972629051620648
2017-09-18,-0.30948379351740696
2017-09-19,0.027899159663865542
2017-09-20,-0.20499891960097555
2017-09-21,-0.19433373349339736
2017-09-22,-0.11529411764705881
2017-09-25,0.2708763505402161
2017-09-26,0.14765906362545017
2017-09-27,-0.08801920768307324
2017-09-28,0.09291716686674668
2017-09-29,-0.13469387755102039
2017-10-02,-0.005810324129651861
2017-10-03,0.3081392557022809
2017-10-04,0.34069627851140455
2017-10-05,0.20739495798319327
2017-10-06,0.35539015606242497
2017-10-09,-0.06785114045618247
2017-10-10,-0.4450900360144058
2017-10-11,-0.19030012004801922
2017-10-12,-0.17186074429771905
2017-10-13,0.05901560624249699
2017-10-16,0.03587034813925571
2017-10-17,0.26415366146458585
2017-10-18,0.06621848739495799
2017-10-19,-0.2496518607442977
2017-10-20,0.16206482593037216
2017-10-23,0.17128451380552218
2017-10-24,-0.127875150060024
2017-10-25,-0.21805522208883552
2017-10-26,-0.05728691476590636
2017-10-27,-0.3811284513805521
2017-10-30,0.01819927971188475
2017-10-31,0.11049219687875149
2017-11-01,0.057478991596638655
2017-11-02,0.008307322929171669
2017-11-03,-0.13018007202881152
2017-11-06,-0.2471548619447779
2017-11-07,-0.25474189675870346
2017-11-08,0.1474669867947179
2017-11-09,-0.003889555822328931
2017-11-10,0.037695078031212484
2017-11-13,-0.21046818727490996
2017-11-14,0.44893157262905165
2017-11-15,0.06871548619447777
2017-11-16,-0.13440576230492196
2017-11-17,-0.32945978391356545
2017-11-20,-0.00475390156062425
2017-11-21,0.3218727490996398
2017-11-22,-0.12153661464585833
2017-11-24,-0.07179043916689118
2017-11-27,0.18415366146458584
2017-11-28,-0.2803841536614646
2017-11-29,0.0846578631452581
2017-11-30,-0.4756302521008403
2017-12-01,-0.7615366146458583
2017-12-04,0.5998079231692677
2017-12-05,0.7087154861944778
2017-12-06,0.19807923169267705
2017-12-07,-0.1171188475390156
2017-12-08,0.4738055222088835
2017-12-11,0.13363745498199278
2017-12-12,0.3831452581032413
2017-12-13,0.21776710684273706
2017-12-14,0.24619447779111645
2017-12-15,0.24331332533013206
2017-12-18,-0.20240096038415364
2017-12-19,-0.3112124849939976
2017-12-20,0.06660264105642257
2017-12-21,-0.07462364044504942
2017-12-22,-0.06525810324129651
2017-12-26,0.22199279711884753
2017-12-27,-0.07111644657863145
2017-12-28,-0.2339015606242497
2017-12-29,0.34050420168067225
2018-01-02,-0.4376950780312125
2018-01-03,0.37632653061224486
2018-01-04,-0.12364945978391356
2018-01-05,-0.2664585834333733
2018-01-08,0.17819927971188473
2018-01-09,0.08734693877551021
2018-01-10,-0.16436974789915965
2018-01-11,-0.2614645858343337
2018-01-12,0.058439375750300115
2018-01-16,0.0760144057623049
2018-01-17,0.19942376950780313
2018-01-18,-0.05594237695078031
2018-01-19,-0.07985594237695079
2018-01-22,0.17157262905162063
2018-01-23,0.009843937575030014
2018-01-24,-0.12576230492196877
2018-01-25,0.044897959183673466
2018-01-26,-0.32955582232893155
2018-01-29,0.3081392557022809
2018-01-30,0.10722689075630251
2018-01-31,0.26521008403361346
2018-02-01,0.1695558223289316
2018-02-02,-0.021656662665066023
2018-02-05,-0.17080432172869148
2018-02-06,0.07639855942376951
2018-02-07,0.3596158463385354
2018-02-08,-0.044225690276110445
2018-02-09,-0.08475390156062423
2018-02-12,-0.4077310924369748
2018-02-13,-0.16677070828331333
2018-02-14,-0.0803361344537815
2018-02-15,0.16139255702280914
2018-02-16,0.06631452581032413
2018-02-20,-0.07178871548619448
2018-02-21,0.5838315447431859
2018-02-22,-0.13959183673469386
2018-02-23,-0.040480192076830734
2018-02-26,0.14112845138055222
2018-02-27,-0.19068427370948376
2018-02-28,0.009843937575030014
2018-03-01,-0.16888355342136854
2018-03-02,0.12691476590636253
2018-03-05,-0.16273709483793514
2018-03-06,0.0251140456182473
2018-03-07,0.07860744297719087
2018-03-08,-0.1208643457382953
2018-03-09,0.09570228091236495
2018-03-12,0.1872268907563025
2018-03-13,0.0011044417767106843
2018-03-14,0.19193277310924367
2018-03-15,0.21354141656662667
2018-03-16,0.4148379351740696
2018-03-19,-0.2903721488595438
2018-03-20,0.3209123649459784
2018-03-21,0.18789915966386553
2018-03-22,-0.14593037214885954
2018-03-23,0.03135654261704682
2018-03-26,0.1007923169267707
2018-03-27,-0.1223049219687875
2018-03-28,0.4071548619447779
2018-03-29,-0.0028331332533013207
2018-04-02,0.044129651860744294
2018-04-03,0.18194477791116445
2018-04-04,0.329171668667467
2018-04-05,-0.20393757503001197
2018-04-06,-0.07303721488595438
2018-04-09,0.17810324129651858
2018-04-10,-0.14583433373349342
2018-04-11,0.027899159663865542
2018-04-12,0.10789915966386554
2018-04-13,0.027803121248499398
2018-04-16,-0.37190876350540214
2018-04-17,0.001680672268907563
2018-04-18,0.09887154861944776
2018-04-19,0.0025450180072028807
2018-04-20,-0.09262905162064825
2018-04-23,0.18732292917166865
2018-04-24,-0.048164421728690204
2018-04-25,0.2442737094837935
2018-04-26,-0.23899159663865546
2018-04-27,0.35462184873949576
2018-04-30,-0.12316926770708284
2018-05-01,-0.013589435774309724
2018-05-02,-0.19318127250900358
2018-05-03,-0.16945978391356542
2018-05-04,-0.25512605042016806
2018-05-07,-0.2904681872749099
2018-05-08,-0.20182472989195677
2018-05-09,-0.07178871548619448
2018-05-10,0.35539015606242497
2018-05-11,-0.1709003601440576
2018-05-14,0.18396158463385354
2018-05-15,-0.09090036014405761
2018-05-16,-0.18761554904685207
2018-05-17,-0.2896998799519808
2018-05-18,-0.05699879951980792
2018-05-21,0.10953181272509004
2018-05-22,0.16629051620648258
2018-05-23,-0.26905162064825927
2018-05-24,-0.28278511404561824
2018-05-25,-0.43366146458583427
2018-05-29,0.37459783913565425
2018-05-30,-0.41070828331332526
2018-05-31,-0.14141656662665067
2018-06-01,-0.27346938775510204
2018-06-04,-0.2159423769507803
2018-06-05,0.18521008403361344
2018-06-06,0.6115246098439375
2018-06-07,0.20134453781512604
2018-06-08,-0.02280912364945978
2018-06-11,0.1764268050161593
2018-06-12,0.11375750300120048
2018-06-13,0.07303721488595438
2018-06-14,-0.17608643457382953
2018-06-15,0.08561824729891956
2018-06-18,-0.1543817527010804
2018-06-19,-0.2204561824729892
2018-06-20,-0.030492196878751498
2018-06-21,0.29027611044417767
2018-06-22,0.09243697478991596
2018-06-25,0.31332533013205277
2018-06-26,-0.4113805522208883
2018-06-27,0.48609843937575026
2018-06-28,-0.17474189675870347
2018-06-29,0.27500600240096035
2018-07-02,0.07678271308523409
2018-07-03,0.09829531812725088
2018-07-05,-0.08244897959183674
2018-07-06,0.5556302521008403
2018-07-09,0.2292917166866747
2018-07-10,0.32619447779111643
2018-07-11,0.17551020408163265
2018-07-12,-0.08619447779111644
2018-07-13,0.2905642256902761
2018-07-16,0.00936374549819928
2018-07-17,-0.21008403361344538
2018-07-18,0.44076830732292915
2018-07-19,-0.1710924369747899
2018-07-20,-0.2620408163265306
2018-07-23,0.14737448682487558
2018-07-24,-0.16936374549819924
2018-07-25,0.18012004801920767
2018-07-26,-0.0739015606242497
2018-07-27,-0.3210084033613445
2018-07-30,-0.10693877551020407
2018-07-31,0.23831932773109243
2018-08-01,0.17839135654261706
2018-08-02,-0.26338535414165665
2018-08-03,-0.11990396158463384
2018-08-06,0.39025210084033607
2018-08-07,-0.4431692677070828
2018-08-08,-0.007923169267707083
2018-08-09,0.10184873949579833
2018-08-10,-0.23937575030012
2018-08-13,-0.36163265306122444
2018-08-14,0.02348139255702281
2018-08-15,-0.052965186074429765
2018-08-16,-0.3035585664484504
2018-08-17,0.10424969987995197
2018-08-20,0.3001680672268907
2018-08-21,0.5197118847539015
2018-08-22,-0.0035054021608643456
2018-08-23,-0.11087635054021608
2018-08-24,0.04028811524609843
2018-08-27,-0.15236494597839134
2018-08-28,-0.26012004801920763
2018-08-29,-0.1251860744297719
2018-08-30,-0.26463385354141655
2018-08-31,-0.12864345738295319
2018-09-04,0.2745258103241296
2018-09-05,-0.07159663865546219
2018-09-06,0.06516206482593037
2018-09-07,-0.1975030012004802
2018-09-10,0.08129651860744297
2018-09-11,-0.09656662665066026
2018-09-12,0.1524609843937575
2018-09-13,0.1228811524609844
2018-09-14,-0.06612244897959184
2018-09-17,0.10818727490996398
2018-09-18,0.1696518607442977
2018-09-19,0.042785114045618244
2018-09-20,-0.12633853541416568
2018-09-21,0.4385594237695078
2018-09-24,-0.029627851140456178
2018-09-25,0.23774309723889556
2018-09-26,-0.395438175270108
2018-09-27,-0.24465786314525811
2018-09-28,0.055366146458583426
2018-10-01,0.22737094837935176
2018-10-02,0.16849939975990394
2018-10-03,-0.037118847539015606
2018-10-04,-0.13555822328931572
2018-10-05,-0.24043217286914764
2018-10-08,0.15611044417767103
2018-10-09,-0.3420408163265306
2018-10-10,0.4293397358943577
2018-10-11,-0.11202881152460985
2018-10-12,0.47207683073229284
2018-10-15,-0.4528691476590636
2018-10-16,0.22208883553421366
2018-10-17,0.3334933973589435
2018-10-18,-0.04691476590636255
2018-10-19,0.1253781512605042
2018-10-22,-0.3043937575030012
2018-10-23,-0.2226650660264106
2018-10-24,0.11058823529411764
2018-10-25,0.18799519807923168
2018-10-26,0.2163265306122449
2018-10-29,0.044129651860744294
2018-10-30,0.38266506602641054
2018-10-31,0.36230492196878744
2018-11-01,-0.29824729891956775
2018-11-02,-0.09925570228091235
2018-11-05,0.049411764705882356
2018-11-06,0.13939975990396156
2018-11-07,-0.21363745498199277
2018-11-08,-0.5497719087635053
2018-11-09,-0.5662905162064826
2018-11-12,0.27433373349339735
2018-11-13,-0.07524609843937576
2018-11-14,0.030300120048019206
2018-11-15,-0.20720288115246097
2018-11-16,-0.2769267707082833
2018-11-19,0.05286914765906363
2018-11-20,0.2661704681872749
2018-11-21,0.052100840336134456
2018-11-23,0.049315726290516206
2018-11-26,0.1944297719087635
2018-11-27,-0.3224489795918367
2018-11-28,0.10847539015606242
2018-11-29,0.027418967587034812
2018-11-30,0.5425690276110444
2018-12-03,-0.22016806722689078
2018-12-04,-0.26127250900360144
2018-12-06,0.3239855942376951
2018-12-07,-0.4680432172869148
2018-12-10,-0.23908763505402159
2018-12-11,-0.1811764705882353
2018-12-12,-0.11241296518607442
2018-12-13,0.19097238895558222
2018-12-14,0.2175750300120048
2018-12-17,-0.21651860744297718
2018-12-18,0.2624249699879952
2018-12-19,0.03135654261704682
2018-12-20,0.38228091236494594
2018-12-21,-0.13680672268907562
2018-12-24,-0.556782713085234
2018-12-26,-0.28854741896758695
2018-12-27,-0.07760090280514792
2018-12-28,-0.11779111644657862
2018-12-31,0.14208883553421367
2019-01-02,-0.5517887154861945
2019-01-03,0.06112845138055222
2019-01-04,-0.1532292917166867
2019-01-07,0.15515006002400963
2019-01-08,0.1859783913565426
2019-01-09,0.053637454981992794
2019-01-10,0.018103241296518604
2019-01-11,0.021848739495798315
2019-01-14,0.08494597839135654
2019-01-15,-0.15006002400960383
2019-01-16,0.05805522208883554
2019-01-17,0.02645858343337335
2019-01-18,-0.030876350540216087
2019-01-22,-0.13555822328931572
2019-01-23,0.2560864345738295
2019-01-24,0.2740456182472989
2019-01-25,-0.10309723889555823
2019-01-28,0.04153661464585834
2019-01-29,0.18271308523409363
2019-01-30,0.1407442977190876
2019-01-31,-0.18108043217286915
2019-02-01,0.15505402160864346
2019-02-04,-0.05555822328931572
2019-02-05,0.1822328931572629
2019-02-06,-0.03481392557022809
2019-02-07,-0.25656662665066027
2019-02-08,-0.17291716686674669
2019-02-11,0.2994957983193277
2019-02-12,0.008883553421368545
2019-02-13,0.07342136854741896
2019-02-14,0.11308523409363744
2019-02-15,-0.051236494597839126
2019-02-19,-0.07447779111644658
2019-02-20,0.07764705882352942
2019-02-21,0.1975030012004802
2019-02-22,0.06842737094837935
2019-02-25,-0.1904921968787515
2019-02-26,-0.4012965186074429
2019-02-27,-0.08552220888355341
2019-02-28,-0.2618487394957983
2019-03-01,0.11327731092436974
2019-03-04,-0.03894357743097239
2019-03-05,-0.13555822328931572
2019-03-06,0.041056422569027605
2019-03-07,-0.12480192076830732
2019-03-08,-0.04086434573829532
2019-03-11,-0.27654925696463295
2019-03-12,0.03241296518607443
2019-03-13,-0.14391356542617048
2019-03-14,-0.21843937575030012
2019-03-15,0.253109243697479
2019-03-18,0.3344537815126051
2019-03-19,0.38785114045618246
2019-03-20,-0.40974789915966386
2019-03-21,-0.1474669867947179
2019-03-22,-0.2059543817527011
2019-03-25,0.3842016806722689
2019-03-26,-0.27385354141656665
2019-03-27,0.08072028811524609
2019-03-28,0.07553421368547418
2019-03-29,0.21267707082833132
2019-04-01,0.17138055222088835
2019-04-02,-0.12720288115246098
2019-04-03,-0.32677070828331334
2019-04-04,0.1533253301320528
2019-04-05,-0.29939975990396156
2019-04-08,0.40024009603841537
2019-04-09,-0.03174069627851141
2019-04-10,-0.13027611044417767
2019-04-11,-0.03212484993997599
2019-04-12,0.1298919567827131
2019-04-15,-0.009171668667466985
2019-04-16,-0.5431452581032412
2019-04-17,0.09042016806722687
2019-04-18,0.4448979591836734
2019-04-22,0.0060984393757503004
2019-04-23,0.27932773109243697
2019-04-24,0.11164465786314526
2019-04-25,-0.15198079231692677
2019-04-26,0.14362545018007203
2019-04-29,0.07582232893157262
2019-04-30,-0.011092436974789914
2019-05-01,0.12729891956782713
2019-05-02,-0.12595438175270107
2019-05-03,0.39697478991596635
2019-05-06,-0.08974789915966387
2019-05-07,0.18789915966386553
2019-05-08,-0.16878751500600236
2019-05-09,-0.21949579831932772
2019-05-10,-0.39774309723889556
2019-05-13,0.09839135654261706
2019-05-14,-0.0658343337334934
2019-05-15,0.033565426170468184
2019-05-16,-0.45402160864345736
2019-05-17,-0.16773109243697476
2019-05-20,0.3898679471788715
2019-05-21,-0.34194477791116445
2019-05-22,-0.24062424969987994
2019-05-23,-0.06237695078031212
2019-05-24,0.023289315726290515
2019-05-28,0.31332533013205277
2019-05-29,-0.04009603841536614
2019-05-30,-0.08427370948379351
2019-05-31,0.2482112845138055
2019-06-03,0.13661464585834332
2019-06-04,0.33858343337334934
2019-06-05,-0.10415366146458584
2019-06-06,0.2735654261704682
2019-06-07,0.322641056422569
2019-06-10,0.09176470588235294
2019-06-11,-0.11414165666266506
2019-06-12,0.165906362545018
2019-06-13,-0.18789915966386553
2019-06-14,-0.09214885954381752
2019-06-17,0.3105402160864345
2019-06-18,-0.08388955582232892
2019-06-19,0.16177671068427368
2019-06-20,-0.20432172869147658
2019-06-21,-0.10434573829531814
2019-06-24,-0.017623049219687877
2019-06-25,0.505018007202881
2019-06-26,0.07937575030012005
2019-06-27,-0.02156062424969988
2019-06-28,-0.2012484993997599
2019-07-01,0.6260264105642256
2019-07-02,0.35241296518607446
2019-07-03,0.21584633853541413
2019-07-05,-0.13690276110444177
2019-07-08,0.09339735894357742
2019-07-09,-0.2636734693877551
2019-07-10,0.0468187274909964
2019-07-11,-0.15198079231692677
2019-07-12,-0.029723889555822326
2019-07-15,0.12489795918367347
2019-07-16,-0.055366146458583426
2019-07-17,0.15303721488595437
2019-07-18,-0.09272509003601441
2019-07-19,-0.3005522208883553
2019-07-22,-0.1925090036014406
2019-07-23,-0.04979591836734694
2019-07-24,0.4616086434573829
2019-07-25,0.10050420168067226
2019-07-26,0.19097238895558222
2019-07-29,0.06602641056422569
2019-07-30,0.12240096038415366
2019-07-31,0.09915966386554621
2019-08-01,-0.13997599039615843
2019-08-02,-0.1309483793517407
2019-08-05,0.1865546218487395
2019-08-06,-0.11154861944777912
2019-08-07,-0.13392557022809123
2019-08-08,-0.21478991596638655
2019-08-09,-0.14439375750300118
2019-08-12,0.19270108043217285
2019-08-13,-0.23524609843937574
2019-08-14,-0.0790876350540216
2019-08-15,0.18751500600240098
2019-08-16,0.0811044417767107
2019-08-19,-0.1402641056422569
2019-08-20,-0.2917166866746699
2019-08-21,-0.16436974789915965
2019-08-22,0.09378151260504201
2019-08-23,-0.15178871548619446
2019-08-26,0.034333733493397356
2019-08-27,0.2033613445378151
2019-08-28,0.10674669867947177
2019-08-29,-0.1038655462184874
2019-08-30,0.10588235294117646
2019-09-03,-0.020504201680672268
2019-09-04,-0.16187274909963983
2019-09-05,0.07975990396158462
2019-09-06,-0.11923169267707083
2019-09-09,-0.6052821128451381
2019-09-10,-0.26088835534213684
2019-09-11,0.25579831932773106
2019-09-12,-0.29863145258103235
2019-09-13,-0.11078031212484994
2019-09-16,0.6364945978391356
2019-09-17,0.05690276110444177
2019-09-18,-0.10914765906362545
2019-09-19,-0.34549819927971187
2019-09-20,0.19135654261704682
2019-09-23,-0.44153661464585836
2019-09-24,0.44758703481392553
2019-09-25,-0.3145738295318127
2019-09-26,0.10559423769507804
2019-09-27,-0.008595438175270108
2019-09-30,0.02463385354141657
2019-10-01,-0.1007923169267707
2019-10-02,-0.14324129651860742
2019-10-03,-0.008883553421368545
2019-10-04,0.049411764705882356
2019-10-07,-0.10933973589435773
2019-10-08,0.04854741896758703
2019-10-09,0.2975750300120048
2019-10-10,0.09320528211284512
2019-10-11,-0.05061346012167445
2019-10-14,0.010228091236494596
2019-10-15,0.22458583433373347
2019-10-16,-0.48120048019207684
2019-10-17,0.08379351740696277
2019-10-18,-0.003889555822328931
2019-10-21,-0.3071788715486194
2019-10-22,0.06256902761104441
2019-10-23,0.3412725090036014
2019-10-24,-0.03567827130852341
2019-10-25,-0.1975030012004802
2019-10-28,0.24273709483793518
2019-10-29,-0.013013205282112843
2019-10-30,0.081968787515006
2019-10-31,0.09061224489795917
2019-11-01,0.09522208883553422
2019-11-04,-0.173109243697479
2019-11-05,0.48158463385354144
2019-11-06,-0.317358943577431
2019-11-07,0.05325330132052821
2019-11-08,0.19471788715486196
2019-11-11,0.1253781512605042
2019-11-12,-0.11788715486194477
2019-11-13,-0.18607442977190874
2019-11-14,-0.015990396158463382
2019-11-15,-0.14324129651860742
2019-11-18,-0.1078031212484994
2019-11-19,-0.3045858343337335
2019-11-20,0.026938775510204082
2019-11-21,-0.19375750300120048
2019-11-22,-0.26818727490996397
2019-11-25,0.24763505402160862
2019-11-26,0.08398559423769507
2019-11-27,0.00552220888355342
2019-11-29,-0.20662665066026412
2019-12-02,-0.29421368547418963
2019-12-03,0.04028811524609843
2019-12-04,-0.0617046818727491
2019-12-05,0.17195678271308523
2019-12-06,0.14108381958015134
2019-12-09,0.2353421368547419
2019-12-10,0.11087635054021608
2019-12-11,-0.05853541416566627
2019-12-12,0.5305642256902761
2019-12-13,0.06141656662665066
2019-12-16,-0.13834333733493398
2019-12-17,-0.035006002400960384
2019-12-18,-0.10146458583433372
2019-12-19,-0.04240096038415366
2019-12-20,0.12681872749099637
2019-12-23,0.2571428571428571
2019-12-24,0.1821892482937693
2019-12-26,-0.11452581032412965
2019-12-27,0.10405762304921969
2019-12-30,-0.081968787515006
2019-12-31,-0.10280912364945978
2020-01-02,-0.06823529411764705
2020-01-03,-0.1038655462184874
2020-01-06,-0.1822328931572629
2020-01-07,-0.049315726290516206
2020-01-08,-0.30132052821128447
2020-01-09,-0.42684273709483794
2020-01-10,-0.19327731092436973
2020-01-13,0.3932292917166867
2020-01-14,-0.32945978391356545
2020-01-15,0.12547418967587035
2020-01-16,-0.0875390156062425
2020-01-17,-0.29459783913565424
2020-01-21,-0.16686674669867946
2020-01-22,-0.08264105642256904
2020-01-23,-0.3355102040816326
2020-01-24,0.09262905162064825
2020-01-27,-0.16264105642256904
2020-01-28,-0.05354141656662665
2020-01-29,0.04797118847539015
2020-01-30,-0.2870108043217287
2020-01-31,0.002064825930372149
2020-02-03,0.12307322929171667
2020-02-04,0.4840816326530612
2020-02-05,-0.004561824729891957
2020-02-06,-0.06602641056422569
2020-02-07,0.03010804321728691
2020-02-10,0.004081632653061224
2020-02-11,0.013733823144970486
2020-02-12,0.05142857142857142
2020-02-13,-0.19663865546218487
2020-02-14,-0.4263625450180072
2020-02-18,-0.07447779111644658
2020-02-19,0.30871548619447775
2020-02-20,0.1607202881152461
2020-02-21,-0.28576230492196875
2020-02-24,0.030300120048019206
2020-02-25,-0.009651860744297719
2020-02-26,-0.09262905162064825
2020-02-27,-0.25013205282112844
2020-02-28,0.31543817527010803
2020-03-02,0.35903961584633853
2020-03-03,-0.2692436974789916
2020-03-04,-0.42953181272509
2020-03-05,-0.40398559423769503
2020-03-06,-0.6779831932773108
2020-03-09,0.5165426170468187
2020-03-10,-0.19827130852340935
2020-03-11,-0.16638655462184873
2020-03-12,0.1169267707082833
2020-03-13,-0.05891956782713085
2020-03-16,-0.13642256902761105
2020-03-17,-0.4115726290516207
2020-03-18,0.576374549819928
2020-03-19,0.1865546218487395
2020-03-20,-0.4042737094837935
2020-03-23,0.4423049219687875
2020-03-24,0.27394957983193274
2020-03-25,0.039711884753901555
2020-03-26,0.4029291716686674
2020-03-27,0.11923169267707083
2020-03-30,-0.04576230492196878
2020-03-31,-0.1799279711884754
2020-04-01,-0.18050420168067227
2020-04-02,-0.4196398559423769
2020-04-03,0.6956542617046818
2020-04-06,0.26511404561824725
2020-04-07,0.08936374549819928
2020-04-08,0.042977190876350546
2020-04-09,0.5547659063625451
2020-04-13,0.10972388955582232
2020-04-14,-0.5008883553421368
2020-04-15,-0.6041296518607443
2020-04-16,0.8411524609843937
2020-04-17,-0.4613205282112845
2020-04-20,0.15793517406962787
2020-04-21,0.24206482593037212
2020-04-22,0.006962785114045618
2020-04-23,0.2517647058823529
2020-04-24,0.2788475390156062
2020-04-27,-0.20460984393757503
2020-04-28,-0.31246098439375747
2020-04-29,0.48436974789915965
2020-04-30,0.2049939975990396
2020-05-01,0.04086434573829532
2020-05-04,-0.12816326530612243
2020-05-05,-0.5328691476590636
2020-05-06,0.10933973589435773
2020-05-07,0.3945738295318127
2020-05-08,-0.4041776710684274
2020-05-11,-0.15553421368547415
2020-05-12,-0.09214885954381752
2020-05-13,0.16542617046818728
2020-05-14,-0.39611044417767105
2020-05-15,0.7241776710684275
2020-05-18,0.07063625450180072
2020-05-19,-0.06468187274909963
2020-05-20,0.18828331332533013
2020-05-21,0.055750300120048016
2020-05-22,-0.4299159663865546
2020-05-26,-0.420984393757503
2020-05-27,0.5381512605042016
2020-05-28,0.6134453781512604
2020-05-29,0.1756062424969988
2020-06-01,-0.33378151260504196
2020-06-02,-0.10501800720288115
2020-06-03,-0.12345738295318126
2020-06-04,-0.2769267707082833
2020-06-05,-0.4501800720288115
2020-06-08,0.63015606242497
2020-06-09,0.5733013205282114
2020-06-10,0.07803121248499399
2020-06-11,0.23486194477791117
2020-06-12,-0.10271308523409363
2020-06-15,0.18684273709483792
2020-06-16,-0.5342136854741897
2020-06-17,-0.09723889555822329
2020-06-18,-0.15418967587034815
2020-06-19,-0.13795918367346938
2020-06-22,0.0028331332533013207
2020-06-23,-0.3576950780312125
2020-06-24,0.1266266506602641
2020-06-25,-0.024729891956782712
2020-06-26,0.481968787515006
2020-06-29,0.15553421368547415
2020-06-30,0.0642016806722689
2020-07-01,-0.0319327731092437
2020-07-02,0.19030012004801922
2020-07-06,-0.4917647058823529
2020-07-07,-0.27145258103241293
2020-07-08,-0.7057382953181272
2020-07-09,0.48312124849939975
2020-07-10,0.48677070828331326
2020-07-13,0.2696278511404562
2020-07-14,0.22554621848739492
2020-07-15,-0.43567827130852343
2020-07-16,0.20825930372148857
2020-07-17,0.6263145258103241
2020-07-20,0.4886914765906362
2020-07-21,-0.18386554621848739
2020-07-22,0.16744297719087634
2020-07-23,-0.05459783913565427
2020-07-24,0.3404081632653061
2020-07-27,0.05267707082833133
2020-07-28,0.039711884753901555
2020-07-29,0.0823529411764706
2020-07-30,-0.3861224489795918
2020-07-31,-0.1950060024009604
2020-08-03,0.05546218487394958
2020-08-04,0.42962785114045615
2020-08-05,-0.24331332533013206
2020-08-06,0.4690036014405762
2020-08-07,-0.08581032412965187
2020-08-10,-0.24072028811524607
2020-08-11,0.5769507803121248
2020-08-12,0.2665546218487395
2020-08-13,-0.23745498199279708
2020-08-14,0.03289315726290516
2020-08-17,-0.12528211284513804
2020-08-18,0.2166146458583433
2020-08-19,-0.4579591836734694
2020-08-20,-0.06669867947178872
2020-08-21,0.5180792316926771
2020-08-24,-0.22477791116446577
2020-08-25,-0.4034093637454982
2020-08-26,0.382953181272509
2020-08-27,0.13190876350540215
2020-08-28,0.1512124849939976
2020-08-31,-0.44364945978391357
2020-09-01,0.057382953181272504
2020-09-02,0.35471788715486197
2020-09-03,-0.23659063625450177
2020-09-04,0.06602641056422569
2020-09-08,0.5997118847539016
2020-09-09,-0.37728691476590637
2020-09-10,-0.47073229291716684
2020-09-11,-0.09368547418967586
2020-09-14,-0.10905162064825931
2020-09-15,0.33138055222088836
2020-09-16,-0.23927971188475392
2020-09-17,-0.08533013205282113
2020-09-18,0.36211284513805525
2020-09-21,-0.08965186074429772
2020-09-22,0.11030012004801922
2020-09-23,-0.31668667466986794
2020-09-24,-0.4043697478991596
2020-09-25,0.13815126050420168
2020-09-28,-0.0923409363745498
2020-09-29,-0.1051140456182473
2020-09-30,-0.19740696278511405
2020-10-01,0.3144777911164466
2020-10-02,0.1832893157262905
2020-10-05,0.05767106842737095
2020-10-06,-0.15169267707082834
2020-10-07,0.07505402160864347
2020-10-08,0.2542617046818727
2020-10-09,0.24379351740696276
2020-10-12,0.24456182472989194
2020-10-13,-0.03270108043217287
2020-10-14,-0.1210564225690276
2020-10-15,-0.20307322929171667
2020-10-16,-0.11548619447779111
2020-10-19,-0.08369747899159663
2020-10-20,0.06660264105642257
2020-10-21,-0.09925570228091235
2020-10-22,0.2949410550923382
2020-10-23,0.1741656662665066
2020-10-26,-0.006770708283313325
2020-10-27,0.1673469387755102
2020-10-28,-0.10175270108043216
2020-10-29,0.493781512605042
2020-10-30,0.22756302521008404
2020-11-02,-0.02885954381752701
2020-11-03,0.3728691476590636
2020-11-04,0.23630252100840335
2020-11-05,0.31707082833133254
2020-11-06,0.24408163265306118
2020-11-09,-0.1598559423769508
2020-11-10,0.7307082833133254
2020-11-11,0.4669867947178871
2020-11-12,-0.5373829531812724
2020-11-13,-0.5177911164465786
2020-11-16,0.05891956782713085
2020-11-17,-0.10943577430972388
2020-11-18,0.03990396158463385
2020-11-19,0.08417767106842736
2020-11-20,-0.4350060024009604
2020-11-23,-0.47198079231692674
2020-11-24,0.2636734693877551
2020-11-25,0.32206482593037217
2020-11-27,0.5629291716686674
2020-11-30,0.09858343337334932
2020-12-01,-0.08581032412965187
2020-12-02,0.1874189675870348
2020-12-03,0.09877551020408162
2020-12-04,0.041056422569027605
2020-12-07,-0.09474189675870348
2020-12-08,-0.29939975990396156
2020-12-09,0.15294117647058825
2020-12-10,0.3441536614645858
2020-12-11,0.21171668667466984
2020-12-14,-0.08494597839135654
2020-12-15,-0.020600240096038412
2020-12-16,-0.10962785114045617
2020-12-17,-0.2843217286914766
2020-12-18,0.36576230492196876
2020-12-21,-0.1590876350540216
2020-12-22,0.33647058823529413
2020-12-23,0.1185594237695078
2020-12-24,-0.04192076830732293
2020-12-28,0.06516206482593037
2020-12-29,0.2819207683073229
2020-12-30,-0.3420408163265306
2020-12-31,0.044897959183673466
2021-01-04,0.22612244897959183
2021-01-05,-0.3511644657863145
2021-01-06,0.012725090036014405
2021-01-07,0.32052821128451375
2021-01-08,-0.6518607442977191
2021-01-11,-0.4018727490996399
2021-01-12,0.31620648259303724
2021-01-13,-0.2517647058823529
2021-01-14,0.38410564225690275
2021-01-15,-0.07495798319327732
2021-01-19,0.029051620648259304
2021-01-20,-0.08629051620648259
2021-01-21,-0.4231932773109244
2021-01-22,-0.45344537815126046
2021-01-25,-0.2403361344537815
2021-01-26,-0.03260504201680672
2021-01-27,0.4973349339735894
2021-01-28,0.15572629051620648
2021-01-29,-0.22458583433373347
2021-02-01,-0.15543817527010806
2021-02-02,0.14525810324129654
2021-02-03,-0.04182472989195678
2021-02-04,0.014261704681872748
2021-02-05,-0.03212484993997599
2021-02-08,0.20854741896758705
2021-02-09,-0.13018007202881152
2021-02-10,0.09512605042016806
2021-02-11,-0.05671068427370948
2021-02-12,-0.23361344537815126
2021-02-16,0.33848739495798313
2021-02-17,0.2801920768307323
2021-02-18,-0.14055222088835534
2021-02-19,-0.31438175270108043
2021-02-22,-0.42837935174069625
2021-02-23,-0.42031212484993996
2021-02-24,-0.11202881152460985
2021-02-25,0.5715726290516205
2021-02-26,-0.43270108043217287
2021-03-01,-0.10357743097238895
2021-03-02,-0.4011044417767107
2021-03-03,-0.192124849939976
2021-03-04,-0.045474189675870344
2021-03-05,-0.5901080432172868
2021-03-08,0.7974549819927971
2021-03-09,-0.30698679471788715
2021-03-10,0.643985594237695
2021-03-11,-0.09608643457382952
2021-03-12,0.19490996398559424
2021-03-15,-0.29027611044417767
2021-03-16,-0.16283313325330132
2021-03-17,0.17647058823529413
2021-03-18,-0.06458583433373348
2021-03-19,-0.1786794717887155
2021-03-22,-0.3079471788715486
2021-03-23,0.2696278511404562
2021-03-24,0.10713085234093636
2021-03-25,-0.17531812725090035
2021-03-26,-0.17791116446578628
2021-03-29,0.306890756302521
2021-03-30,0.5800240096038415
2021-03-31,0.3098679471788715
2021-04-01,-0.283937575030012
2021-04-05,0.03519807923169268
2021-04-06,-0.2395678271308523
2021-04-07,-0.42088835534213687
2021-04-08,-0.1474669867947179
2021-04-09,-0.14756302521008402
2021-04-12,-0.1532292917166867
2021-04-13,0.2647298919567827
2021-04-14,-0.20941176470588235
2021-04-15,-0.18665066026410562
2021-04-16,0.07716686674669868
2021-04-19,-0.2304441776710684
2021-04-20,0.4657382953181272
2021-04-21,-0.13402160864345739
2021-04-22,0.37623049219687876
2021-04-23,0.22439375750300117
2021-04-26,0.09090036014405761
2021-04-27,-0.3765186074429772
2021-04-28,-0.07351740696278511
2021-04-29,0.4840816326530612
2021-04-30,0.060840336134453776
2021-05-03,-0.2948859543817527
2021-05-04,-0.17282112845138053
2021-05-05,-0.08331332533013207
2021-05-06,-0.1632172869147659
2021-05-07,-0.5490036014405761
2021-05-10,0.6224729891956783
2021-05-11,-0.4086914765906362
2021-05-12,0.18088835534213688
2021-05-13,0.20278511404561822
2021-05-14,-0.19327731092436973
2021-05-17,0.3529891956782713
2021-05-18,0.2204561824729892
2021-05-19,0.2866266506602641
2021-05-20,0.33733493397358943
2021-05-21,-0.21527010804321725
2021-05-24,-0.26540216086434576
2021-05-25,-0.2287154861944778
2021-05-26,-0.13018007202881152
2021-05-27,0.24801920768307323
2021-05-28,-0.34741896758703483
2021-06-01,0.2703001200480192
2021-06-02,-0.06477791116446578
2021-06-03,0.15726290516206481
2021-06-04,-0.0712124849939976
2021-06-07,0.05085234093637454
2021-06-08,-0.29815126050420165
2021-06-09,-0.3840096038415366
2021-06-10,0.24552220888355342
2021-06-11,-0.4570948379351741
2021-06-14,0.14410564225690276
2021-06-15,-0.2289075630252101
2021-06-16,-0.498391356542617
2021-06-17,-0.4202160864345738
2021-06-18,0.5604321728691476
2021-06-21,-0.37536614645858346
2021-06-22,-0.09358943577430971
2021-06-23,0.22612244897959183
2021-06-24,-0.006386554621848738
2021-06-25,0.4941656662665066
2021-06-28,-0.1632172869147659
2021-06-29,0.15755102040816327
2021-06-30,0.23831932773109243
2021-07-01,0.014933973589435772
2021-07-02,-0.36653061224489797
2021-07-06,-0.3926530612244898
2021-07-07,-0.38429771908763505
2021-07-08,0.6392797118847537
2021-07-09,0.36345738295318125
2021-07-12,-0.11923169267707083
2021-07-13,-0.4167587034813925
2021-07-14,-0.026938775510204082
2021-07-15,-0.0008163265306122449
2021-07-16,-0.014933973589435772
2021-07-19,0.4537334933973589
2021-07-20,0.5745498199279712
2021-07-21,0.009171668667466985
2021-07-22,-0.09339735894357742
2021-07-23,0.2759663865546218
2021-07-26,-0.017430972388955582
2021-07-27,-0.014357743097238897
2021-07-28,0.49714285714285716
2021-07-29,0.04460984393757503
2021-07-30,-0.2763505402160864
2021-08-02,-0.1404561824729892
2021-08-03,-0.22352941176470587
2021-08-04,0.26415366146458585
2021-08-05,0.24254501800720288
2021-08-06,-0.39927971188475386
2021-08-09,-0.2405282112845138
2021-08-10,-0.10847539015606242
2021-08-11,0.2099879951980792
2021-08-12,0.5819447779111645
2021-08-13,-0.028379351740696276
2021-08-16,-0.398031212484994
2021-08-17,0.1944297719087635
2021-08-18,-0.6512845138055222
2021-08-19,-0.154765906362545
2021-08-20,0.5716686674669869
2021-08-23,0.31774309723889554
2021-08-24,-0.16235294117647062
2021-08-25,-0.2624249699879952
2021-08-26,-0.550828331332533
2021-08-27,0.4274189675870348
2021-08-30,-0.08715486194477791
2021-08-31,-0.1874189675870348
2021-09-01,0.18828331332533013
2021-09-02,-0.5680192076830732
2021-09-03,0.07438175270108043
2021-09-07,0.11433373349339734
2021-09-08,0.09138055222088834
2021-09-09,-0.2775990396158463
2021-09-10,0.10021608643457382
2021-09-13,0.24206482593037212
2021-09-14,0.02463385354141657
2021-09-15,0.17858343337334934
2021-09-16,-0.13334933973589436
2021-09-17,0.165906362545018
2021-09-20,-0.3420408163265306
2021-09-21,-0.12979591836734694
2021-09-22,-0.21123649459783914
2021-09-23,-0.4036974789915966
2021-09-24,-0.2643457382953181
2021-09-27,-0.17061224489795918
2021-09-28,0.22833133253301321
2021-09-29,0.5214405762304922
2021-09-30,-0.4628571428571428
2021-10-01,-0.44374549819927966
2021-10-04,0.27058823529411763
2021-10-05,0.1570708283313325
2021-10-06,0.31793517406962785
2021-10-07,-0.2051860744297719
2021-10-08,-0.2329411764705882
2021-10-11,-0.27827130852340937
2021-10-12,-0.2353421368547419
2021-10-13,-0.013013205282112843
2021-10-14,0.2139255702280912
2021-10-15,-0.1859783913565426
2021-10-18,0.14180072028811525
2021-10-19,0.1274909963985594
2021-10-20,-0.2613685474189676
2021-10-21,0.03414165666266506
2021-10-22,-0.25330132052821125
2021-10-25,0.1510204081632653
2021-10-26,0.013493397358943579
2021-10-27,0.09579831932773109
2021-10-28,-0.36489795918367346
2021-10-29,0.2221848739495798
2021-11-01,-0.25406962785114046
2021-11-02,-0.16984393757503002
2021-11-03,-0.21056422569027608
2021-11-04,0.19116446578631452
2021-11-05,0.4138775510204082
2021-11-08,-0.12739495798319328
2021-11-09,0.42780312124849934
2021-11-10,0.19769507803121247
2021-11-11,0.07630252100840335
2021-11-12,0.31831932773109245
2021-11-15,-0.2594477791116447
2021-11-16,-0.15831932773109242
2021-11-17,-0.34741896758703483
2021-11-18,-0.481296518607443
2021-11-19,0.456422569027611
2021-11-22,0.3270588235294118
2021-11-23,0.1512124849939976
2021-11-24,0.14458583433373348
2021-11-26,0.1732052821128451
2021-11-29,-0.1169267707082833
2021-11-30,-0.05056422569027611
2021-12-01,0.30650660264105645
2021-12-02,-0.006578631452581032
2021-12-03,-0.13872749099639856
2021-12-06,0.27202881152460984
2021-12-07,-0.13930372148859543
2021-12-08,-0.4633373349339736
2021-12-09,-0.10569027611044417
2021-12-10,-0.2700120048019207
2021-12-13,0.31332533013205277
2021-12-14,-0.1183673469387755
2021-12-15,-0.08830732292917168
2021-12-16,0.08993997599039616
2021-12-17,0.03587034813925571
2021-12-20,0.1824249699879952
2021-12-21,-0.21575030012004803
2021-12-22,-0.013589435774309724
2021-12-23,-0.1562064825930372
2021-12-27,0.13402160864345739
2021-12-28,-0.15572629051620648
2021-12-29,0.031068427370948382
2021-12-30,-0.3090036014405762
2021-12-31,0.46545018007202876
2022-01-03,-0.5515966386554622
2022-01-04,-0.4232893157262905
2022-01-05,-0.3415606242496999
2022-01-06,-0.5381512605042016
2022-01-07,0.26415366146458585
2022-01-10,-0.0168547418967587
2022-01-11,0.3217767106842737
2022-01-12,-0.17800720288115246
2022-01-13,-0.2694357743097239
2022-01-14,-0.10914765906362545
2022-01-18,0.19270108043217285
2022-01-19,-0.05671068427370948
2022-01-20,0.14506602641056424
2022-01-21,0.01503001200480192
2022-01-24,0.14439375750300118
2022-01-25,-0.161968787515006
2022-01-26,0.15649459783913564
2022-01-27,0.06852340936374549
2022-01-28,0.28989195678271307
2022-01-31,-0.017430972388955582
2022-02-01,0.1280672268907563
2022-02-02,-0.184921968787515
2022-02-03,0.2923889555822329
2022-02-04,-0.20153661464585834
2022-02-07,-0.19337334933973588
2022-02-08,0.2706842737094838
2022-02-09,-0.24475390156062424
2022-02-10,0.19202881152460982
2022-02-11,-0.0026410564225690276
2022-02-14,-0.12489795918367347
2022-02-15,-0.0811044417767107
2022-02-16,0.031164465786314523
2022-02-17,-0.21354141656662667
2022-02-18,0.14218487394957982
2022-02-22,0.16465786314525807
2022-02-23,-0.13402160864345739
2022-02-24,0.3900600240096038
2022-02-25,-0.3909243697478992
2022-02-28,-0.2689555822328931
2022-03-01,0.04902761104441777
2022-03-02,-0.4060024009603841
2022-03-03,-0.6312124849939976
2022-03-04,-0.6620408163265306
2022-03-07,0.1061704681872749
2022-03-08,0.5185594237695077
2022-03-09,-0.21210084033613444
2022-03-10,-0.06525810324129651
2022-03-11,0.19769507803121247
2022-03-14,0.19779111644657865
2022-03-15,0.24273709483793518
2022-03-16,-0.001680672268907563
2022-03-17,0.24436974789915963
2022-03-18,0.2592557022809123
2022-03-21,0.21968787515006
2022-03-22,-0.2263145258103241
2022-03-23,0.051908763505402154
2022-03-24,-0.23995198079231692
2022-03-25,0.3752701080432172
2022-03-28,0.33963985594237694
2022-03-29,-0.3279231692677071
2022-03-30,-0.5817527010804322
2022-03-31,-0.46084033613445374
2022-04-01,0.009171668667466985
2022-04-04,-0.14343337334933973
2022-04-05,-0.3070828331332533
2022-04-06,-0.4191596638655462
2022-04-07,-0.20345738295318128
2022-04-08,-0.00744297719087635
2022-04-11,-0.05008403361344538
2022-04-12,0.33733493397358943
2022-04-13,-0.5298919567827131
2022-04-14,-0.04230492196878751
2022-04-18,0.11539015606242496
2022-04-19,-0.1896278511404562
2022-04-20,-0.4147418967587035
2022-04-21,0.07764705882352942
2022-04-22,-0.03884753901560624
2022-04-25,-0.017334933973589435
2022-04-26,-0.12739495798319328
2022-04-27,-0.32052821128451375
2022-04-28,0.1832893157262905
2022-04-29,-0.11769507803121249
2022-05-02,0.2
2022-05-03,-0.47553421368547416
2022-05-04,0.14122448979591837
2022-05-05,-0.07582232893157262
2022-05-06,0.13891956782713086
2022-05-09,0.2913325330132053
2022-05-10,0.05018007202881152
2022-05-11,0.05786314525810324
2022-05-12,0.17128451380552218
2022-05-13,0.08821128451380551
2022-05-16,0.1295078031212485
2022-05-17,-0.4575750300120048
2022-05-18,-0.3466506602641056
2022-05-19,0.1936614645858343
2022-05-20,0.07178871548619448
2022-05-23,0.23995198079231692
2022-05-24,0.28633853541416565
2022-05-25,0.30909963985594235
2022-05-26,0.4623769507803121
2022-05-27,0.11068427370948379
2022-05-31,0.06602641056422569
2022-06-01,-0.40379351740696273
2022-06-02,0.42290516206482587
2022-06-03,0.16292917166866747
2022-06-06,0.16465786314525807
2022-06-07,-0.39438175270108033
2022-06-08,-0.057094837935174066
2022-06-09,0.0993517406962785
2022-06-10,0.18674669867947177
2022-06-13,-0.10569027611044417
2022-06-14,-0.23918367346938774
2022-06-15,0.1237454981992797
2022-06-16,-0.09205282112845137
2022-06-17,0.055750300120048016
2022-06-21,-0.22823529411764704
2022-06-22,-0.4280912364945978
2022-06-23,0.478703481392557
2022-06-24,-0.0013925570228091237
2022-06-27,-0.0821608643457383
2022-06-28,-0.5117406962785114
2022-06-29,-0.2186314525810324
2022-06-30,-0.03202881152460984
2022-07-01,0.35855942376950783
2022-07-05,-0.19702280912364944
2022-07-06,0.573877551020408
2022-07-07,-0.17887154861944776
2022-07-08,-0.029051620648259304
2022-07-11,0.16667466986794718
2022-07-12,-0.09695078031212485
2022-07-13,-0.23659063625450177
2022-07-14,0.4128211284513805
2022-07-15,0.014069627851140454
2022-07-18,-0.2805762304921969
2022-07-19,-0.5120288115246098
2022-07-20,-0.3552941176470588
2022-07-21,0.31937575030012
2022-07-22,0.28825930372148856
2022-07-25,0.14775510204081632
2022-07-26,0.39783913565426166
2022-07-27,-0.04
2022-07-28,-0.01781512605042017
2022-07-29,0.32446578631452583
2022-08-01,0.07687875150060022
2022-08-02,-0.09675870348139255
2022-08-03,-0.13210084033613445
2022-08-04,0.13277310924369748
2022-08-05,0.1847298919567827
2022-08-08,0.4655462184873949
2022-08-09,-0.2903721488595438
2022-08-10,-0.3668187274909964
2022-08-11,0.1736854741896759
2022-08-12,0.3660504201680672
2022-08-15,-0.18924369747899158
2022-08-16,-0.055750300120048016
2022-08-17,0.15755102040816327
2022-08-18,-0.26626650660264106
2022-08-19,-0.5634093637454982
2022-08-22,0.2670348139255702
2022-08-23,0.0026410564225690276
2022-08-24,-0.043841536614645855
2022-08-25,-0.22084033613445375
2022-08-26,0.03490996398559423
2022-08-29,0.26799519807923167
2022-08-30,0.030588235294117645
2022-08-31,-0.018967587034813924
2022-09-01,0.02588235294117647
2022-09-02,0.09272509003601441
2022-09-06,-0.18607442977190874
2022-09-07,-0.04499399759903961
2022-09-08,0.663577430972389
2022-09-09,-0.01013205282112845
2022-09-12,-0.4920528211284513
2022-09-13,0.06237695078031212
2022-09-14,-0.15390156062424967
2022-09-15,0.23870348139255704
2022-09-16,-0.14122448979591837
2022-09-19,-0.10280912364945978
2022-09-20,-0.24129651860744294
2022-09-21,0.11913565426170468
2022-09-22,-0.3007442977190876
2022-09-23,-0.29459783913565424
2022-09-26,-0.2405282112845138
2022-09-27,-0.07649459783913565
2022-09-28,0.029531812725090034
2022-09-29,0.02348139255702281
2022-09-30,0.023097238895558224
2022-10-03,-0.040480192076830734
2022-10-04,-0.04124849939975991
2022-10-05,-0.1714765906362545
2022-10-06,0.033373349339735896
2022-10-07,0.26280912364945974
2022-10-10,-0.11318127250900359
2022-10-11,0.19462184873949578
2022-10-12,0.14929171668667465
2022-10-13,-0.39015606242497
2022-10-14,0.29863145258103235
2022-10-17,0.014645858343337334
2022-10-18,0.19721488595438177
2022-10-19,-0.1201920768307323
2022-10-20,-0.07418967587034814
2022-10-21,0.35241296518607446
2022-10-24,0.3899639855942376
2022-10-25,-0.08561824729891956
2022-10-26,-0.47025210084033614
2022-10-27,0.09867947178871549
2022-10-28,0.06986794717887154
2022-10-31,-0.17243697478991593
2022-11-01,-0.5020408163265306
2022-11-02,-0.5125090036014406
2022-11-03,-0.14535414165666266
2022-11-04,0.23073229291716685
2022-11-07,0.01935174069627851
2022-11-08,-0.09589435774309724
2022-11-09,0.23255702280912363
2022-11-10,-0.34088835534213685
2022-11-11,0.25704681872749097
2022-11-14,-0.352797118847539
2022-11-15,0.4157983193277311
2022-11-16,0.5444897959183673
2022-11-17,0.17474189675870347
2022-11-18,-0.1795438175270108
2022-11-21,0.3626890756302521
2022-11-22,0.49080432172869143
2022-11-23,-0.09310924369747899
2022-11-25,-0.37219687875150054
2022-11-28,0.19289315726290512
2022-11-29,0.020984393757503002
2022-11-30,-0.07529592549410392
2022-12-01,-0.3552941176470588
2022-12-02,-0.3922689075630252
2022-12-05,0.05795918367346939
2022-12-06,-0.1732052821128451
2022-12-07,0.004369747899159664
2022-12-08,0.2710684273709484
2022-12-09,-0.07620648259303721
2022-12-12,0.08696278511404561
2022-12-13,-0.2113325330132053
2022-12-14,0.15380552220888358
2022-12-15,-0.037695078031212484
2022-12-16,0.10645858343337333
2022-12-19,-0.06468187274909963
2022-12-20,0.11702280912364946
2022-12-21,0.006290516206482593
2022-12-22,-0.11049219687875149
2022-12-23,-0.6504201680672268
2022-12-27,-0.16436974789915965
2022-12-28,0.49647058823529405
2022-12-29,0.016278511404561824
2022-12-30,-0.021848739495798315
2023-01-03,-0.2712605042016807
2023-01-04,-0.19164465786314525
2023-01-05,0.0453781512605042
2023-01-06,0.18761104441776708
2023-01-09,-0.32859543817527015
2023-01-10,0.11884753901560624
2023-01-11,-0.26674669867947176
2023-01-12,-0.07207683073229292
2023-01-13,0.02799519807923169
2023-01-17,-0.29382953181272503
2023-01-18,0.15255702280912364
2023-01-19,-0.628235294117647
2023-01-20,-0.33771908763505404
2023-01-23,0.4554621848739495
2023-01-24,-0.011956782713085232
2023-01-25,-0.3374309723889556
2023-01-26,0.03212484993997599
2023-01-27,0.2614645858343337
2023-01-30,0.06765906362545018
2023-01-31,0.04
2023-02-01,-0.49714285714285716
2023-02-02,0.53046818727491
2023-02-03,0.3785354141656663
2023-02-06,-0.28902761104441776
2023-02-07,0.07937575030012005
2023-02-08,0.16139255702280914
2023-02-09,-0.07111644657863145
2023-02-10,0.219015606242497
2023-02-13,0.06237695078031212
2023-02-14,0.26088835534213684
2023-02-15,-0.3025690276110444
2023-02-16,-0.06362545018007203
2023-02-17,-0.08686674669867947
2023-02-21,-0.034717887154861946
2023-02-22,0.3081392557022809
2023-02-23,-0.09406962785114045
2023-02-24,0.18770708283313325
2023-02-27,0.0710204081632653
2023-02-28,0.0028331332533013207
2023-03-01,0.0014885954381752698
2023-03-02,0.09339735894357742
2023-03-03,0.18924369747899158
2023-03-06,-0.03097238895558223
2023-03-07,-0.0041776710684273705
2023-03-08,-0.2786554621848739
2023-03-09,0.15755102040816327
2023-03-10,-0.3426170468187274
2023-03-13,-0.022521008403361343
2023-03-14,-0.4889795918367347
2023-03-15,-0.16465786314525807
2023-03-16,-0.3690276110444177
2023-03-17,0.303625450180072
2023-03-20,0.38680400500957085
2023-03-21,-0.2703961584633853
2023-03-22,-0.2322689075630252
2023-03-23,0.16763505402160866
2023-03-24,0.1438175270108043
2023-03-27,-0.058439375750300115
2023-03-28,0.09282112845138055
2023-03-29,0.0683313325330132
2023-03-30,0.3231212484993997
2023-03-31,-0.2729891956782713
2023-04-03,-0.07159663865546219
2023-04-04,-0.5183673469387755
2023-04-05,-0.1280672268907563
2023-04-06,0.5280672268907564
2023-04-10,0.0823529411764706
2023-04-11,-0.2804801920768307
2023-04-12,0.31006002400960386
2023-04-13,-0.16388955582232892
2023-04-14,-0.2482112845138055
2023-04-17,-0.11270108043217285
2023-04-18,-0.13018007202881152
2023-04-19,0.02175270108043217
2023-04-20,0.044129651860744294
2023-04-21,0.17853970088461635
2023-04-24,-0.37719087635054016
2023-04-25,0.1061704681872749
2023-04-26,-0.04989195678271309
2023-04-27,0.5348859543817527
2023-04-28,-0.2556062424969988
2023-05-01,-0.28806722689075626
2023-05-02,-0.246578631452581
2023-05-03,-0.16629051620648258
2023-05-04,0.34953181272509
2023-05-05,-0.26549819927971186
2023-05-08,0.10953181272509004
2023-05-09,-0.2552220888355342
2023-05-10,-0.20806722689075627
2023-05-11,0.10674669867947177
2023-05-12,0.37123649459783914
2023-05-15,-0.3846818727490996
2023-05-16,0.030012004801920768
2023-05-17,-0.42962785114045615
2023-05-18,0.1820408163265306
2023-05-19,-0.316110444177671
2023-05-22,0.22756302521008404
2023-05-23,0.1644657863145258
2023-05-24,-0.32638655462184873
2023-05-25,-0.3765186074429772
2023-05-26,-0.3936134453781513
2023-05-30,0.19481392557022806
2023-05-31,0.023673469387755098
2023-06-01,0.5369987995198079
2023-06-02,0.0631452581032413
2023-06-05,0.21728691476590636
2023-06-06,0.07351740696278511
2023-06-07,0.4168547418967587
2023-06-08,0.29315726290516203
2023-06-09,0.09637454981992796
2023-06-12,-0.2051860744297719
2023-06-13,0.017046818727490996
2023-06-14,-0.01752701080432173
2023-06-15,0.037695078031212484
2023-06-16,-0.04441776710684273
2023-06-20,0.06765906362545018
2023-06-21,-0.3407923169267707
2023-06-22,-0.2238175270108043
2023-06-23,0.31150060024009607
2023-06-26,-0.08552220888355341
2023-06-27,0.146218487394958
2023-06-28,0.2428331332533013
2023-06-29,0.04432172869147659
2023-06-30,0.025306122448979586
2023-07-03,0.27241296518607444
2023-07-05,-0.11894357743097239
2023-07-06,0.46036014405762304
2023-07-07,0.21575030012004803
2023-07-10,-0.36576230492196876
2023-07-11,-0.0760144057623049
2023-07-12,-0.161968787515006
2023-07-13,0.4857142857142857
2023-07-14,0.29181272509003603
2023-07-17,-0.08984393757503001
2023-07-18,0.025402160864345734
2023-07-19,0.027130852340936373
2023-07-20,-0.023385354141656663
2023-07-21,-0.3055462184873949
2023-07-24,0.46228091236494595
2023-07-25,-0.26127250900360144
2023-07-26,0.146218487394958
2023-07-27,0.14737094837935172
2023-07-28,0.15150060024009604
2023-07-31,0.02482593037214886
2023-08-01,0.2759663865546218
2023-08-02,-0.0026410564225690276
2023-08-03,0.043073229291716676
2023-08-04,-0.2211284513805522
2023-08-07,-0.1865546218487395
2023-08-08,-0.11875150060024009
2023-08-09,-0.17013205282112842
2023-08-10,-0.2200720288115246
2023-08-11,0.30871548619447775
2023-08-14,-0.33560624249699883
2023-08-15,-0.2211284513805522
2023-08-16,0.2101800720288115
2023-08-17,0.019735894357743092
2023-08-18,-0.47803121248499403
2023-08-21,-0.19337334933973588
2023-08-22,-0.24100840336134452
2023-08-23,0.49973589435774307
2023-08-24,-0.25090036014405764
2023-08-25,-0.037118847539015606
2023-08-28,0.1241296518607443
2023-08-29,-0.0792797118847539
2023-08-30,-0.12595438175270107
2023-08-31,0.021368547418967588
2023-09-01,0.13459783913565426
2023-09-05,-0.058439375750300115
2023-09-06,0.13152460984393755
2023-09-07,-0.11625450180072029
2023-09-08,0.07150060024009604
2023-09-11,0.24830732292917165
2023-09-12,0.05901560624249699
2023-09-13,-0.1051140456182473
2023-09-14,0.007827130852340937
2023-09-15,-0.10837935174069627
2023-09-18,0.2048019207683073
2023-09-19,-0.12480192076830732
2023-09-20,-0.330516206482593
2023-09-21,-0.0385594237695078
2023-09-22,-0.22689075630252098
2023-09-25,-0.08705882352941177
2023-09-26,-0.19279711884753903
2023-09-27,-0.14631452581032411
2023-09-28,0.11644657863145258
2023-09-29,-0.20883553421368548
2023-10-02,0.18981992797118846
2023-10-03,-0.2434093637454982
2023-10-04,-0.028763505402160862
2023-10-05,-0.4613205282112845
2023-10-06,0.08264105642256904
2023-10-09,0.43577430972388953
2023-10-10,-0.32427370948379347
2023-10-11,-0.36163265306122444
2023-10-12,0.20259303721488592
2023-10-13,0.4217527010804321
2023-10-16,0.07860744297719087
2023-10-17,-0.3568307322929172
2023-10-18,-0.033277310924369745
2023-10-19,0.25599039615846336
2023-10-20,-0.04777911164465786
2023-10-23,-0.21200480192076832
2023-10-24,0.17138055222088835
2023-10-25,0.3279231692677071
2023-10-26,0.157358943577431
2023-10-27,0.006482593037214886
2023-10-30,-0.16878751500600236
2023-10-31,-0.012340936374549819
2023-11-01,0.030300120048019206
2023-11-02,-0.14631452581032411
2023-11-03,0.46381752701080425
2023-11-06,0.29594237695078035
2023-11-07,-0.25579831932773106
2023-11-08,0.10953181272509004
2023-11-09,-0.4995438175270108
2023-11-10,0.07236494597839135
2023-11-13,0.013781512605042016
2023-11-14,-0.030492196878751498
2023-11-15,0.2582953181272509
2023-11-16,-0.07985594237695079
2023-11-17,0.13584633853541417
2023-11-20,-0.013013205282112843
2023-11-21,0.11673469387755102
2023-11-22,0.19145258103241294
2023-11-24,0.18665066026410562
2023-11-27,-0.10914765906362545
2023-11-28,0.34463385354141657
2023-11-29,-0.2921968787515006
2023-11-30,-0.4299159663865546
2023-12-01,-0.48657863145258107
2023-12-04,0.29498199279711884
2023-12-05,-0.26127250900360144
2023-12-06,0.38448979591836735
2023-12-07,0.07630252100840335
2023-12-08,0.15803121248499397
2023-12-11,-0.2586794717887155
2023-12-12,0.24062424969987994
2023-12-13,-0.09186074429771908
2023-12-14,0.08686674669867947
2023-12-15,0.4237695078031212
2023-12-18,-0.2231452581032413
2023-12-19,0.07755102040816325
2023-12-20,-0.12758703481392558
2023-12-21,0.10857142857142857
2023-12-22,0.15130852340936377
2023-12-26,-0.1673469387755102
2023-12-27,-0.11683073229291716
2023-12-28,-0.20797118847539015
2023-12-29,-0.5071308523409364
2024-01-02,-0.424921968787515
2024-01-03,-0.20777911164465784
2024-01-04,0.04172869147659064
2024-01-05,0.6152701080432174
2024-01-08,0.07649459783913565
2024-01-09,-0.35481392557022806
2024-01-10,-0.2567587034813925
2024-01-11,-0.08129651860744297
2024-01-12,-0.36720288115246097
2024-01-16,-0.2624249699879952
2024-01-17,-0.3698919567827131
2024-01-18,-0.1962545018007203
2024-01-19,0.18674669867947177
2024-01-22,0.12297719087635053
2024-01-23,-0.12316926770708284
2024-01-24,-0.04124849939975991
2024-01-25,0.1415126050420168
2024-01-26,0.16974789915966385
2024-01-29,0.004657863145258102
2024-01-30,0.22660264105642255
2024-01-31,-0.09579831932773109
2024-02-01,0.09551020408163265
2024-02-02,-0.0912845138055222
2024-02-05,0.12345738295318126
2024-02-06,-0.1398799519807923
2024-02-07,0.06516206482593037
2024-02-08,0.010708283313325332
2024-02-09,0.2048019207683073
2024-02-12,-0.0021608643457382954
2024-02-13,-0.3274429771908764
2024-02-14,0.046530612244897955
2024-02-15,-0.2012484993997599
2024-02-16,0.12585834333733492
2024-02-20,-0.008979591836734692
2024-02-21,0.3583673469387755
2024-02-22,0.12163265306122449
2024-02-23,0.11241296518607442
2024-02-26,0.2833613445378151
2024-02-27,-0.1797358943577431
2024-02-28,-0.00907563025210084
2024-02-29,-0.40734693877551015
2024-03-01,-0.2776950780312125
2024-03-04,0.1367106842737095
2024-03-05,-0.34271308523409366
2024-03-06,-0.2281392557022809
2024-03-07,0.4732292917166866
2024-03-08,0.0790876350540216
2024-03-11,0.41118847539015607
2024-03-12,0.1289315726290516
2024-03-13,-0.23303721488595439
2024-03-14,0.07889555822328932
2024-03-15,-0.19327731092436973
2024-03-18,-0.1506362545018007
2024-03-19,-0.03346938775510204
2024-03-20,0.0022569027611044415
2024-03-21,0.3145738295318127
2024-03-22,-0.1950060024009604
2024-03-25,0.02280912364945978
2024-03-26,-0.27481392557022805
2024-03-27,-0.1975030012004802
2024-03-28,0.11673469387755102
2024-04-01,-0.18713085234093638
2024-04-02,0.07294117647058823
2024-04-03,-0.055750300120048016
2024-04-04,-0.5805042016806723
2024-04-05,0.23879951980792313
2024-04-08,0.3372388955582233
2024-04-09,-0.03174069627851141
2024-04-10,-0.17080432172869148
2024-04-11,0.10280912364945978
2024-04-12,0.49800720288115247
2024-04-15,-0.17839135654261706
2024-04-16,0.45498199279711876
2024-04-17,0.12566626650660262
2024-04-18,0.09397358943577432
2024-04-19,-0.012725090036014405
2024-04-22,0.3732533013205282
2024-04-23,-0.01157262905162065
2024-04-24,0.08417767106842736
2024-04-25,0.36998799519807923
2024-04-26,-0.06496998799519808
2024-04-29,0.21411764705882352
2024-04-30,0.3009363745498199
2024-05-01,-0.1051140456182473
2024-05-02,-0.1896278511404562
2024-05-03,0.2670348139255702
2024-05-06,-0.006194477791116446
2024-05-07,0.045954381752701084
2024-05-08,-0.3025690276110444
2024-05-09,0.027322929171668665
2024-05-10,0.08148859543817527
2024-05-13,0.14756302521008402
2024-05-14,0.18434573829531814
2024-05-15,0.002352941176470588
2024-05-16,-0.07082833133253301
2024-05-17,0.09090036014405761
2024-05-20,-0.28403361344537814
2024-05-21,-0.020984393757503002
2024-05-22,-0.07582232893157262
2024-05-23,-0.3766146458583433
2024-05-24,-0.33176470588235296
2024-05-28,0.01819927971188475
2024-05-29,0.32600240096038413
2024-05-30,0.3085234093637455
2024-05-31,0.24533013205282111
2024-06-03,-0.012148859543817525
2024-06-04,0.44009603841536615
2024-06-05,0.049219687875150055
2024-06-06,0.08821128451380551
2024-06-07,-0.1528451380552221
2024-06-10,-0.4193517406962785
2024-06-11,0.03289315726290516
2024-06-12,-0.16148859543817526
2024-06-13,0.03529411764705882
2024-06-14,-0.11539015606242496
2024-06-17,0.00936374549819928
2024-06-18,0.576374549819928
2024-06-20,0.1655222088835534
2024-06-21,0.06448979591836734
2024-06-24,0.26376950780312125
2024-06-25,0.45402160864345736
2024-06-26,-0.2719327731092437
2024-06-27,0.33733493397358943
2024-06-28,-0.2339015606242497
2024-07-01,-0.16561824729891955
2024-07-02,-0.08168067226890756
2024-07-03,0.3212004801920768
2024-07-05,-0.1173109243697479
2024-07-08,-0.2289075630252101
2024-07-09,0.08907563025210084
2024-07-10,0.0018727490996398558
2024-07-11,-0.1493877551020408
2024-07-12,0.08436974789915966
2024-07-15,-0.4348139255702281
2024-07-16,-0.5786794717887155
2024-07-17,0.016470588235294115
2024-07-18,0.2819207683073229
2024-07-19,0.5464105642256902
2024-07-22,0.1673469387755102
2024-07-23,0.06602641056422569
2024-07-24,0.04969987995198079
2024-07-25,-0.01915966386554622
2024-07-26,0.24849939975990393
2024-07-29,-0.32725090036014404
2024-07-30,0.38180072028811524
2024-07-31,0.09493397358943578
2024-08-01,-0.25349339735894355
2024-08-02,0.043745498199279705
2024-08-05,-0.030300120048019206
2024-08-06,0.3847779111644658
2024-08-07,-0.15380552220888358
2024-08-08,-0.09599039615846339
2024-08-09,0.05517406962785113
2024-08-12,0.2240096038415366
2024-08-13,-0.07975990396158462
2024-08-14,0.2913325330132053
2024-08-15,-0.2517647058823529
2024-08-16,-0.0968547418967587
2024-08-19,-0.008115246098439374
2024-08-20,0.012436974789915966
2024-08-21,0.08312124849939975
2024-08-22,0.3106362545018007
2024-08-23,-0.05056422569027611
2024-08-26,-0.06756302521008403
2024-08-27,-0.2810564225690276
2024-08-28,-0.15975990396158463
2024-08-29,0.1786794717887155
2024-08-30,-0.2331332533013205
2024-09-03,-0.09896758703481391
2024-09-04,0.20825930372148857
2024-09-05,-0.1702280912364946
2024-09-06,0.26530612244897955
2024-09-09,-0.43827130852340934
2024-09-10,0.0346218487394958
2024-09-11,-0.29680672268907565
2024-09-12,0.05997599039615846
2024-09-13,0.1644657863145258
2024-09-16,0.2904681872749099
2024-09-17,-0.026170468187274906
2024-09-18,0.04633853541416567
2024-09-19,0.11298919567827131
2024-09-20,0.20192076830732295
2024-09-23,-0.21517406962785113
2024-09-24,0.032220888355342134
2024-09-25,0.08734693877551021
2024-09-26,0.3089075630252101
2024-09-27,0.03097238895558223
2024-09-30,-0.041152460984393756
2024-10-01,0.09608643457382952
2024-10-02,-0.17013613777143505
2024-10-03,0.03577430972388955
2024-10-04,-0.1590876350540216
2024-10-07,0.09291716686674668
2024-10-08,-0.028475390156062427
2024-10-09,0.16619447779111643
2024-10-10,-0.06967587034813925
2024-10-11,0.07111644657863145
2024-10-14,-0.40024009603841537
2024-10-15,-0.052965186074429765
2024-10-16,0.013013205282112843
2024-10-17,-0.11212484993997598
2024-10-18,0.16475390156062425
2024-10-21,0.20220888355342137
2024-10-22,0.09618247298919569
2024-10-23,0.049219687875150055
2024-10-24,-0.23659063625450177
2024-10-25,-0.05517406962785113
2024-10-28,-0.3344537815126051
2024-10-29,0.16254501800720286
2024-10-30,0.38957983193277307
2024-10-31,-0.13603841536614644
2024-11-01,0.2543577430972389
2024-11-04,-0.0546938775510204
2024-11-05,0.039519807923169274
2024-11-06,0.5602400960384153
2024-11-07,-0.07707082833133252
2024-11-08,-0.4854261704681873
2024-11-11,-0.10521008403361343
2024-11-12,-0.12
2024-11-13,0.2394717887154862
2024-11-14,-0.3512605042016807
2024-11-15,0.06545018007202881
2024-11-18,0.20797118847539015
2024-11-19,0.3142857142857143
2024-11-20,-0.15265306122448982
2024-11-21,-0.13959183673469386
2024-11-22,0.3574069627851141
2024-11-25,-0.1142376950780312
2024-11-26,-0.2089315726290516
2024-11-27,0.493781512605042
2024-11-29,0.10261704681872749
2024-12-02,-0.09051620648259305
2024-12-03,-0.07476590636254501
2024-12-04,0.05219687875150059
2024-12-05,-0.20441776710684276
2024-12-06,0.13046818727490997
2024-12-09,0.16667466986794718
2024-12-10,-0.2921008403361345
2024-12-11,-0.03270108043217287
2024-12-12,0.15591836734693876
2024-12-13,-0.5968307322929172
2024-12-16,-0.07236494597839135
2024-12-17,0.1543817527010804
2024-12-18,-0.23524609843937574
2024-12-19,-0.04345738295318128
2024-12-20,-0.03481392557022809
2024-12-23,-0.04566626650660264
2024-12-24,-0.012244897959183673
2024-12-26,0.1262424969987995
2024-12-27,-0.027899159663865542
2024-12-30,0.16062424969987996
2024-12-31,-0.02665066026410564
2025-01-02,-0.3889075630252101
2025-01-03,-0.4003361344537815
2025-01-06,-0.01531812725090036
2025-01-07,0.4897478991596639
2025-01-08,-0.35558223289315727
2025-01-10,0.06055222088835534
2025-01-13,-0.1307563025210084
2025-01-14,0.11270108043217285
2025-01-15,-0.04902761104441777
2025-01-16,0.03759903961584634
2025-01-17,-0.08869147659063625
2025-01-21,0.27183673469387754
2025-01-22,-0.28403361344537814
2025-01-23,0.1870348139255702
2025-01-24,0.1558223289315726
2025-01-27,0.12845138055222088
2025-01-28,0.04518607442977191
2025-01-29,0.15418967587034815
2025-01-30,-0.01310924369747899
2025-01-31,-0.3959183673469388
2025-02-03,0.07735894357743096
2025-02-04,-0.2672268907563025
2025-02-05,0.074093637454982
2025-02-06,-0.18271308523409363
2025-02-07,-0.0025450180072028807
2025-02-10,-0.04576230492196878
2025-02-11,-0.26415366146458585
2025-02-12,-0.16638655462184873
2025-02-13,-0.00773109243697479
2025-02-14,0.22103241296518605
2025-02-18,0.12605042016806722
2025-02-19,-0.08773109243697479
2025-02-20,-0.45046818727490995
2025-02-21,-0.37642256902761095
2025-02-24,-0.1388235294117647
2025-02-25,0.5445858343337334
2025-02-26,-0.2571428571428571
2025-02-27,-0.08811524609843938
2025-02-28,-0.3172629051620648
2025-03-03,0.5694597839135654
2025-03-04,-0.15217286914765904
2025-03-05,-0.26780312124849937
2025-03-06,-0.2539735894357743
2025-03-07,-0.2485954381752701
2025-03-10,0.1709003601440576
2025-03-11,-0.05546218487394958
2025-03-12,-0.07274909963985594
2025-03-13,-0.3071788715486194
2025-03-14,-0.11327731092436974
2025-03-17,-0.16004801920768308
2025-03-18,-0.3204321728691476
2025-03-19,-0.2737575030012005
2025-03-20,0.2263145258103241
2025-03-21,-0.12825930372148858
2025-03-24,-0.39169267707082833
2025-03-25,0.33243697478991596
2025-03-26,-0.03183673469387755
2025-03-27,-0.00312124849939976
2025-03-28,-0.48436974789915965
2025-03-31,0.1057863145258103
2025-04-01,0.402641056422569
2025-04-02,-0.37901560624249697
2025-04-03,-0.39505402160864345
2025-04-04,-0.10924369747899158
2025-04-07,-0.22996398559423767
2025-04-08,-0.3962064825930372
2025-04-09,-0.05085234093637454
2025-04-10,0.07668667466986795
2025-04-11,0.4176230492196878
2025-04-14,0.15543817527010806
2025-04-15,0.008787515006002401
2025-04-16,-0.16177671068427368
2025-04-17,-0.42511404561824734
2025-04-21,-0.15553421368547415
2025-04-22,0.2921008403361345
2025-04-23,-0.13834333733493398
2025-04-24,-0.11135654261704682
2025-04-25,0.15611044417767103
2025-04-28,0.01906362545018007
2025-04-29,0.0017767106842737094
2025-04-30,-0.0012004801920768309
2025-05-01,-0.06545018007202881
2025-05-02,-0.3016086434573829
2025-05-05,0.14208883553421367
2025-05-06,-0.02463385354141657
2025-05-07,-0.306890756302521
2025-05-08,-0.37210084033613444
2025-05-09,-0.1991356542617047
2025-05-12,-0.5601440576230492
2025-05-13,-0.2179591836734694
2025-05-14,0.5547659063625451
2025-05-15,0.4627611044417767
2025-05-16,0.10012004801920767
2025-05-19,0.004465786314525811
2025-05-20,-0.3105402160864345
2025-05-21,0.24811524609843938
2025-05-22,-0.0480672268907563
2025-05-23,-0.009843937575030014
2025-05-27,-0.04220888355342137
2025-05-28,-0.007923169267707083
2025-05-29,0.04739495798319327
2025-05-30,-0.13210084033613445
2025-06-02,0.14967587034813923
2025-06-03,-0.11606242496998799
2025-06-04,0.13238895558223288
2025-06-05,0.270204081632653
2025-06-06,-0.2644417767106843
2025-06-09,-0.16513805522208885
2025-06-10,0.02482593037214886
2025-06-11,0.06506602641056422
2025-06-12,-0.34271308523409366
2025-06-13,0.230828331332533
2025-06-16,-0.06852340936374549
2025-06-17,-0.2694357743097239
2025-06-18,-0.12864345738295319
2025-06-20,0.08840336134453781
2025-06-23,-0.08014405762304923
2025-06-24,-0.19394957983193276
2025-06-25,-0.11481392557022808
2025-06-26,0.006770708283313325
2025-06-27,0.10444177671068428
2025-06-30,0.23803121248499398
2025-07-01,-0.19759903961584632
2025-07-02,0.15774309723889554
2025-07-03,0.21690276110444176
2025-07-07,0.15399759903961585
2025-07-08,0.1404561824729892
2025-07-09,-0.08955582232893158
2025-07-10,-0.2847058823529412
2025-07-11,0.15226890756302522
2025-07-14,-0.022232893157262904
2025-07-15,-0.07563025210084032
2025-07-16,-0.022232893157262904
2025-07-17,0.20710684273709484
2025-07-18,-0.044225690276110445
2025-07-21,0.192124849939976
2025-07-22,0.15956782713085235
2025-07-23,0.1975030012004802
2025-07-24,-0.04009603841536614
2025-07-25,0.03202881152460984
2025-07-28,0.06237695078031212
2025-07-29,-0.23255702280912363
2025-07-30,-0.16773109243697476
2025-07-31,0.21498199279711883
2025-08-01,-0.5517887154861945
2025-08-04,0.15466986794717885
2025-08-05,0.11932773109243697
2025-08-06,-0.3210084033613445
2025-08-07,-0.11337334933973588
2025-08-08,-0.0974309723889556
2025-08-11,0.031164465786314523
2025-08-12,0.3642256902761104
2025-08-13,0.3145738295318127
2025-08-14,0.0656422569027611
2025-08-15,0.16629051620648258
2025-08-18,-0.29997599039615847
2025-08-19,-0.02444177671068427
2025-08-20,-0.2041296518607443
2025-08-21,0.12038415366146459
2025-08-22,0.09051620648259305
2025-08-25,0.11010804321728691
2025-08-26,0.11452581032412965
2025-08-27,-0.4232893157262905
2025-08-28,0.29920768307322926
2025-08-29,0.0426890756302521
2025-09-02,0.029723889555822326
2025-09-03,-0.025210084033613446
2025-09-04,0.031068427370948382
2025-09-05,0.13238895558223288
2025-09-08,0.12460984393757503
2025-09-09,0.14765906362545017
2025-09-10,0.17743097238895558
2025-09-11,-0.08907563025210084
2025-09-12,-0.17099639855942375
2025-09-15,0.10540216086434574
2025-09-16,0.34424969987995196
2025-09-17,-0.11279711884753903
2025-09-18,0.02175270108043217
2025-09-19,-0.2306362545018007
2025-09-22,0.034333733493397356
2025-09-23,0.24321728691476588
2025-09-24,0.06141656662665066
2025-09-25,0.020312124849939977
2025-09-26,0.07774309723889555
2025-09-29,0.22093637454981993
2025-09-30,-0.3420408163265306
2025-10-01,0.1427611044417767
2025-10-02,-0.018583433373349337
2025-10-03,0.1710924369747899
2025-10-06,-0.11126050420168068
2025-10-07,-0.24725090036014405
2025-10-08,0.07428571428571429
2025-10-09,0.15534213685474188
2025-10-10,0.008979591836734692
2025-10-13,0.241968787515006
2025-10-14,-0.3209123649459784
2025-10-15,0.13248499399759903
2025-10-16,0.21747899159663864
2025-10-17,0.35990396158463384
2025-10-20,-0.0014885954381752698
2025-10-21,0.03270108043217287
2025-10-22,0.16974789915966385
2025-10-23,0.4013925570228091
2025-10-24,-0.18060024009603842
2025-10-27,-0.030204081632653063
2025-10-28,-0.2068187274909964
2025-10-29,0.18674669867947177
2025-10-30,-0.03241296518607443
2025-10-31,-0.42789915966386555
2025-11-03,0.3684513805522209
2025-11-04,-0.15265306122448982
2025-11-05,0.01906362545018007
2025-11-06,0.041344537815126044
2025-11-07,0.03932773109243697
2025-11-10,-0.30929171668667466
2025-11-11,0.08888355342136854
2025-11-12,-0.29267707082833133
2025-11-13,-0.16581032412965185
2025-11-14,-0.31630252100840334
2025-11-17,-0.177719087635054
2025-11-18,0.07860744297719087
2025-11-19,0.13421368547418966
2025-11-20,0.17464585834333732
2025-11-21,0.07918367346938776
2025-11-24,-0.4468187274909964
2025-11-25,0.27663865546218486
2025-11-26,0.3329171668667467
2025-11-28,0.17685474189675868
2025-12-01,0.04998799519807923
2025-12-02,-0.1926050420168067
2025-12-03,-0.07764705882352942
2025-12-04,-0.2943097238895558
2025-12-05,-0.1400720288115246
2025-12-08,-0.3737334933973589
2025-12-09,-0.1406482593037215
2025-12-10,0.230449710743753
2025-12-11,0.1328691476590636
2025-12-12,-0.16773109243697476
2025-12-15,0.5282593037214885
2025-12-16,-0.16465786314525807
2025-12-17,0.2442737094837935
2025-12-18,0.20144057623049216
2025-12-19,-0.23591836734693877
2025-12-22,-0.27875150060024007
2025-12-23,-0.039135654261704685
2025-12-24,0.13978391356542613
2025-12-26,0.1456422569027611
2025-12-29,0.10472989195678271
2025-12-30,-0.1833853541416567
2025-12-31,0.1332533013205282
2026-01-02,-0.20460984393757503
2026-01-05,0.10127250900360144
2026-01-06,0.5623529411764706
2026-01-07,-0.02991596638655462
2026-01-08,-0.21248499399759901
2026-01-09,0.07274909963985594
2026-01-12,-0.3163985594237695
2026-01-13,-0.27500600240096035
2026-01-14,-0.07620648259303721
2026-01-15,-0.1890516206482593
2026-01-16,-0.06151260504201681
2026-01-20,-0.38881152460984386
2026-01-21,0.09618247298919569
2026-01-22,-0.03587034813925571
2026-01-23,0.316110444177671
2026-01-26,-0.10194477791116446
2026-01-27,-0.0009123649459783913
2026-01-28,-0.08667466986794717
2026-01-29,-0.1065546218487395
2026-01-30,-0.2819207683073229
2026-02-02,-0.662905162064826
2026-02-03,-0.15879951980792315
2026-02-04,-0.4929171668667467
2026-02-05,-0.017334933973589435
2026-02-06,0.443937575030012
2026-02-09,0.03529411764705882
2026-02-10,-0.2771188475390156
2026-02-11,0.024537815126050418
2026-02-12,-0.08120048019207683
2026-02-13,0.35183673469387755
2026-02-17,0.5979831932773109
2026-02-18,-0.1365186074429772
2026-02-19,0.24811524609843938
2026-02-20,0.07659063625450178
2026-02-23,0.22439375750300117
2026-02-24,0.36912364945978393
2026-02-25,0.4348139255702281
2026-02-26,-0.07735894357743096
2026-02-27,0.2717406962785114
2026-03-02,-0.2231452581032413
2026-03-03,-0.006482593037214886
2026-03-04,-0.33848739495798313
2026-03-05,-0.2698199279711884
2026-03-06,0.4265546218487395
2026-03-09,0.5292196878751501
2026-03-10,-0.28653061224489795
2026-03-11,-0.09877551020408162
2026-03-12,0.08369747899159663
2026-03-13,0.33522208883553417
2026-03-16,-0.1300840336134454
2026-03-17,-0.2876830732292917
2026-03-18,-0.38823529411764707
2026-03-19,-0.19154861944777912
2026-03-20,-0.30391356542617043
2026-03-23,-0.36643457382953176
2026-03-24,0.04710684273709483
2026-03-25,0.05421368547418968
2026-03-26,0.13795918367346938
2026-03-27,0.4377911164465786
2026-03-30,0.3325330132052821
2026-03-31,0.18569027611044414
2026-04-01,0.029819927971188476
2026-04-02,0.13699879951980792
2026-04-06,0.013301320528211284
2026-04-07,-0.18319327731092436
2026-04-08,-0.4174309723889556
2026-04-09,-0.2099879951980792
2026-04-10,0.19174069627851137
2026-04-13,-0.46833133253301323
2026-04-14,-0.033565426170468184
2026-04-15,-0.11452581032412965
2026-04-16,0.3530852340936374
2026-04-17,0.006386554621848738
2026-04-20,-0.4807202881152461
2026-04-21,-0.48331332533013205
2026-04-22,0.006482593037214886
2026-04-23,0.016470588235294115
2026-04-24,0.13555822328931572
2026-04-27,0.18645858343337332
2026-04-28,-0.2028811524609844
2026-04-29,0.10953181272509004
2026-04-30,-0.07870348139255702
2026-05-01,-0.19452581032412963
2026-05-04,-0.11932773109243697
2026-05-05,0.25791116446578627
2026-05-06,0.3279231692677071
2026-05-07,-0.28067226890756297
2026-05-08,-0.24408163265306118
2026-05-11,0.23659063625450177
2026-05-12,-0.4109963985594237
2026-05-13,0.03078031212484994
2026-05-14,0.037118847539015606
2026-05-15,0.09445378151260504
2026-05-18,-0.27500600240096035
2026-05-19,0.7079471788715486
2026-05-20,0.18684273709483792
2026-05-21,0.004465786314525811
2026-05-22,-0.10645858343337333
2026-05-26,0.055366146458583426
2026-05-27,-0.24811524609843938
2026-05-28,-0.15515006002400963
2026-05-29,-0.14612244897959184
2026-06-01,0.2665546218487395
2026-06-02,0.34703481392557023
2026-06-03,0.043169267707082834
2026-06-04,0.2945018007202881
2026-06-05,-0.03452581032412965
2026-06-08,-0.3081392557022809
2026-06-09,-0.18482593037214884
2026-06-10,-0.05181272509003601
2026-06-11,-0.20614645858343336
2026-06-12,0.17128451380552218
2026-06-15,-0.3627851140456182
2026-06-16,-0.4129171668667466
2026-06-17,-0.09013205282112843
2026-06-18,-0.14160864345738294
2026-06-22,0.466890756302521
2026-06-23,-0.09070828331332531
2026-06-24,-0.6975750300120047
2026-06-25,0.08686674669867947
2026-06-26,-0.16024009603841535
2026-06-29,0.13584633853541417
2026-06-30,-0.0027370948379351738
2026-07-01,-0.3847779111644658
2026-07-02,0.4745738295318127
2026-07-06,-0.34492196878751497
2026-07-07,0.2614645858343337
2026-07-08,0.21690276110444176
2026-07-09,-0.004657863145258102
2026-07-10,0.1117406962785114
2026-07-13,-0.11587034813925569
2026-07-14,0.14871548619447778
2026-07-15,0.1183673469387755
2026-07-16,0.1491956782713085
2026-07-17,-0.13680672268907562
2026-07-20,0.3426170468187274
2026-07-21,0.023289315726290515
2026-07-22,-0.39860744297719086
2026-07-23,0.45815126050420163
2026-07-24,0.47889555822328933
2026-07-27,-0.15937575030012002
2026-07-28,-0.29334933973589433
2026-07-29,0.49512605042016805
2026-07-30,-0.006962785114045618
2026-07-31,-0.018775510204081632
2026-08-03,0.3275390156062425
2026-08-04,0.2640576230492197
2026-08-05,-0.028379351740696276
2026-08-06,0.16004801920768308
2026-08-07,-0.27394957983193274
2026-08-10,0.09531812725090036
2026-08-11,0.004465786314525811
2026-08-12,0.030012004801920768
2026-08-13,0.13248499399759903
2026-08-14,0.018871548619447776
2026-08-17,-0.015702280912364946
2026-08-18,-0.04057623049219687
2026-08-19,-0.12115246098439375
2026-08-20,0.10280912364945978
2026-08-21,0.09387755102040815
2026-08-24,0.317358943577431
2026-08-25,0.2277551020408163
2026-08-26,-0.16686674669867946
2026-08-27,0.07659063625450178
2026-08-28,0.11289315726290516
2026-08-31,-0.0631452581032413
2026-09-01,0.05584633853541416
2026-09-02,-0.08148859543817527
2026-09-03,0.4642016806722689
2026-09-04,-0.20384153661464588
2026-09-08,-0.2759663865546218
2026-09-09,0.1951020408163265
2026-09-10,-0.2385114045618247
2026-09-11,0.5466986794717886
2026-09-14,-0.1828091236494598
2026-09-15,0.12192076830732293
2026-09-16,0.0036974789915966387
2026-09-17,0.19692677070828332
