date,spread_return,test_year,selected_horizon,selected_direction
2016-01-04,-0.005018860271636139,2016,2,reversal
2016-01-05,0.005907133813813226,2016,2,reversal
2016-01-06,-0.022365629232770804,2016,2,reversal
2016-01-07,0.0022959382295662974,2016,2,reversal
2016-01-08,0.012436026100286246,2016,2,reversal
2016-01-11,0.002305896731231827,2016,2,reversal
2016-01-12,-0.0004946506207630583,2016,2,reversal
2016-01-13,-0.009863437269322796,2016,2,reversal
2016-01-14,-0.009651250401399504,2016,2,reversal
2016-01-15,0.0035544303124720347,2016,2,reversal
2016-01-19,-0.012220217726107561,2016,2,reversal
2016-01-20,0.014730663591016224,2016,2,reversal
2016-01-21,0.020867266500456505,2016,2,reversal
2016-01-22,-0.008159154862307528,2016,2,reversal
2016-01-25,0.006502547688274241,2016,2,reversal
2016-01-26,-0.011522283109394005,2016,2,reversal
2016-01-27,0.018065939049794987,2016,2,reversal
2016-01-28,0.03159840156701428,2016,2,reversal
2016-01-29,-0.007683172579944053,2016,2,reversal
2016-02-01,-0.004493326549707452,2016,2,reversal
2016-02-02,0.024509707839297144,2016,2,reversal
2016-02-03,0.015984392809775982,2016,2,reversal
2016-02-04,-0.0016363773473433638,2016,2,reversal
2016-02-05,0.003457325390826216,2016,2,reversal
2016-02-08,0.008381652736820266,2016,2,reversal
2016-02-09,0.0018341910869339895,2016,2,reversal
2016-02-10,0.0005314566571671953,2016,2,reversal
2016-02-11,0.025034525472961255,2016,2,reversal
2016-02-12,-0.00015289315500603695,2016,2,reversal
2016-02-16,0.00023069813111029763,2016,2,reversal
2016-02-17,-0.0011191408022174438,2016,2,reversal
2016-02-18,-0.003618296842923396,2016,2,reversal
2016-02-19,0.004471967217378315,2016,2,reversal
2016-02-22,-0.008076523035024152,2016,2,reversal
2016-02-23,-0.01217043542886872,2016,2,reversal
2016-02-24,0.005014731442282171,2016,2,reversal
2016-02-25,0.016931021445917405,2016,2,reversal
2016-02-26,0.0035847688653769753,2016,2,reversal
2016-02-29,-0.020347900762839696,2016,2,reversal
2016-03-01,0.00041095159682598154,2016,2,reversal
2016-03-02,-0.010855208228774537,2016,2,reversal
2016-03-03,-0.0013855397688648853,2016,2,reversal
2016-03-04,-0.004927480714279552,2016,2,reversal
2016-03-07,0.012982939235073565,2016,2,reversal
2016-03-08,-0.0021136573326732354,2016,2,reversal
2016-03-09,-7.63498981169342e-05,2016,2,reversal
2016-03-10,0.006003911187298915,2016,2,reversal
2016-03-11,-0.006579448488153039,2016,2,reversal
2016-03-14,0.012013423158320867,2016,2,reversal
2016-03-15,-0.005312001254485465,2016,2,reversal
2016-03-16,-0.0026168263578990386,2016,2,reversal
2016-03-17,-0.001002163188186923,2016,2,reversal
2016-03-18,0.011566840843612492,2016,2,reversal
2016-03-21,0.0032323243542991984,2016,2,reversal
2016-03-22,-0.0038088236435263817,2016,2,reversal
2016-03-23,0.0053991087704727825,2016,2,reversal
2016-03-24,0.0002532044088504493,2016,2,reversal
2016-03-28,-0.004132883718046077,2016,2,reversal
2016-03-29,0.005124317706676906,2016,2,reversal
2016-03-30,1.7862135103874268e-05,2016,2,reversal
2016-03-31,0.0010001980999015617,2016,2,reversal
2016-04-01,-0.0009485282597540006,2016,2,reversal
2016-04-04,-0.0007248376301785663,2016,2,reversal
2016-04-05,-0.005865658351423565,2016,2,reversal
2016-04-06,-0.00970079644104892,2016,2,reversal
2016-04-07,0.006039290382577123,2016,2,reversal
2016-04-08,0.002903676279056433,2016,2,reversal
2016-04-11,0.00034070217792995204,2016,2,reversal
2016-04-12,-0.027995254604050668,2016,2,reversal
2016-04-13,-0.012507912999509475,2016,2,reversal
2016-04-14,0.0062553752797320115,2016,2,reversal
2016-04-15,-0.0038652965015018035,2016,2,reversal
2016-04-18,-0.007118701721183018,2016,2,reversal
2016-04-19,0.006948090275245888,2016,2,reversal
2016-04-20,-0.0003772947481463394,2016,2,reversal
2016-04-21,-0.009933981321571505,2016,2,reversal
2016-04-22,0.020073398017940638,2016,2,reversal
2016-04-25,-0.007098476903481065,2016,2,reversal
2016-04-26,-0.008769320510836377,2016,2,reversal
2016-04-27,-0.0046966892708037895,2016,2,reversal
2016-04-28,0.005189469638392851,2016,2,reversal
2016-04-29,-0.0016932685102969414,2016,2,reversal
2016-05-02,0.003534503471920903,2016,2,reversal
2016-05-03,-0.013069990303027745,2016,2,reversal
2016-05-04,-0.0006901870118042885,2016,2,reversal
2016-05-05,-0.0028789962266780435,2016,2,reversal
2016-05-06,-0.004332810371147866,2016,2,reversal
2016-05-09,0.007726202935789295,2016,2,reversal
2016-05-10,-0.00047641048238571387,2016,2,reversal
2016-05-11,0.0034852644473935546,2016,2,reversal
2016-05-12,0.0014984287035804573,2016,2,reversal
2016-05-13,-0.006774681926724301,2016,2,reversal
2016-05-16,0.006088091597822587,2016,2,reversal
2016-05-17,-0.012189948437894792,2016,2,reversal
2016-05-18,0.015575609741262784,2016,2,reversal
2016-05-19,-0.0039049894048785896,2016,2,reversal
2016-05-20,-0.0016639950548403282,2016,2,reversal
2016-05-23,-0.01072755035336481,2016,2,reversal
2016-05-24,0.00198338264169694,2016,2,reversal
2016-05-25,0.0032683512951144134,2016,2,reversal
2016-05-26,-0.0038052963153637712,2016,2,reversal
2016-05-27,0.000183699821006278,2016,2,reversal
2016-05-31,0.007987087531028957,2016,2,reversal
2016-06-01,-0.004203131795132276,2016,2,reversal
2016-06-02,-0.004943685000030118,2016,2,reversal
2016-06-03,0.010964854928685198,2016,2,reversal
2016-06-06,-0.00417271923264585,2016,2,reversal
2016-06-07,-0.0008207569895192112,2016,2,reversal
2016-06-08,-0.0049709092193818034,2016,2,reversal
2016-06-09,-0.010784562436491096,2016,2,reversal
2016-06-10,-0.003996756469876805,2016,2,reversal
2016-06-13,-0.013087841689926438,2016,2,reversal
2016-06-14,0.00450844599440966,2016,2,reversal
2016-06-15,0.001493224960331485,2016,2,reversal
2016-06-16,-0.01642562871465225,2016,2,reversal
2016-06-17,0.004389585956063502,2016,2,reversal
2016-06-20,-0.011284769254574466,2016,2,reversal
2016-06-21,0.006416779645340665,2016,2,reversal
2016-06-22,0.004921316529737974,2016,2,reversal
2016-06-23,0.03142612035037717,2016,2,reversal
2016-06-24,-0.00949866650681609,2016,2,reversal
2016-06-27,0.01090884983149043,2016,2,reversal
2016-06-28,0.016046720424515437,2016,2,reversal
2016-06-29,0.0029238350513361103,2016,2,reversal
2016-06-30,0.0036021975004774218,2016,2,reversal
2016-07-01,-0.015729192528138692,2016,2,reversal
2016-07-05,-0.0006809637380645215,2016,2,reversal
2016-07-06,0.00668008807421101,2016,2,reversal
2016-07-07,-0.004953636878457868,2016,2,reversal
2016-07-08,-0.005146413701437247,2016,2,reversal
2016-07-11,0.007783780993392475,2016,2,reversal
2016-07-12,0.00389063370929299,2016,2,reversal
2016-07-13,0.003385496160446955,2016,2,reversal
2016-07-14,-0.0005949942178216871,2016,2,reversal
2016-07-15,-0.0031047104814288405,2016,2,reversal
2016-07-18,-0.0003631781833009051,2016,2,reversal
2016-07-19,0.006980808715398878,2016,2,reversal
2016-07-20,-0.0036858236173066385,2016,2,reversal
2016-07-21,0.00530578512812745,2016,2,reversal
2016-07-22,-0.01703006640619621,2016,2,reversal
2016-07-25,-0.009311515833027128,2016,2,reversal
2016-07-26,-0.002192812710047265,2016,2,reversal
2016-07-27,0.0017623014952517391,2016,2,reversal
2016-07-28,-0.004848705801023134,2016,2,reversal
2016-07-29,-0.011667369788243042,2016,2,reversal
2016-08-01,-0.0034590608004156026,2016,2,reversal
2016-08-02,0.004969879375681085,2016,2,reversal
2016-08-03,0.0004864120433779929,2016,2,reversal
2016-08-04,-0.009379122502250693,2016,2,reversal
2016-08-05,-0.0005772289642478334,2016,2,reversal
2016-08-08,-0.0016208841975402844,2016,2,reversal
2016-08-09,0.006411658129627862,2016,2,reversal
2016-08-10,0.00506646510594555,2016,2,reversal
2016-08-11,-0.0063378576405300644,2016,2,reversal
2016-08-12,0.007679365772432967,2016,2,reversal
2016-08-15,0.0005701908856833304,2016,2,reversal
2016-08-16,0.0007776168538790707,2016,2,reversal
2016-08-17,-0.0006693928644045388,2016,2,reversal
2016-08-18,0.002581561167736224,2016,2,reversal
2016-08-19,0.001893763341193655,2016,2,reversal
2016-08-22,-0.007243472295737063,2016,2,reversal
2016-08-23,0.004604076302207893,2016,2,reversal
2016-08-24,-0.009168607483375092,2016,2,reversal
2016-08-25,-0.004334604198481607,2016,2,reversal
2016-08-26,-0.00020952951568617992,2016,2,reversal
2016-08-29,-0.004725060092743494,2016,2,reversal
2016-08-30,-0.0043040270240003115,2016,2,reversal
2016-08-31,0.00194122471351611,2016,2,reversal
2016-09-01,0.00022746649666546262,2016,2,reversal
2016-09-02,-0.003873472797051547,2016,2,reversal
2016-09-06,-0.004026135439597856,2016,2,reversal
2016-09-07,-0.008968498905730439,2016,2,reversal
2016-09-08,-0.004665335604595446,2016,2,reversal
2016-09-09,0.0026540245177546946,2016,2,reversal
2016-09-12,-0.0011685705960292475,2016,2,reversal
2016-09-13,-0.010382268117318726,2016,2,reversal
2016-09-14,-0.007685679040722371,2016,2,reversal
2016-09-15,-0.0008258928095925102,2016,2,reversal
2016-09-16,0.007977333096981221,2016,2,reversal
2016-09-19,0.003485372313944335,2016,2,reversal
2016-09-20,-0.010705044381951525,2016,2,reversal
2016-09-21,-0.0037878844648360664,2016,2,reversal
2016-09-22,-0.007093927318647386,2016,2,reversal
2016-09-23,0.005106083210527534,2016,2,reversal
2016-09-26,-0.004454978493391893,2016,2,reversal
2016-09-27,0.000402148082487275,2016,2,reversal
2016-09-28,-0.011178333272609886,2016,2,reversal
2016-09-29,0.0030915651982642775,2016,2,reversal
2016-09-30,0.0061423389361844665,2016,2,reversal
2016-10-03,-0.0014437306628186542,2016,2,reversal
2016-10-04,-0.0019182167769880684,2016,2,reversal
2016-10-05,0.011489636930441593,2016,2,reversal
2016-10-06,-0.001887550896391943,2016,2,reversal
2016-10-07,-0.0046907585591553615,2016,2,reversal
2016-10-10,0.009627567240050072,2016,2,reversal
2016-10-11,-0.0016314367016006081,2016,2,reversal
2016-10-12,0.0014993307489286954,2016,2,reversal
2016-10-13,0.0020283691503553136,2016,2,reversal
2016-10-14,0.003267267208408797,2016,2,reversal
2016-10-17,-0.0018367488780585027,2016,2,reversal
2016-10-18,-0.008606130206975293,2016,2,reversal
2016-10-19,-0.0022277704894839378,2016,2,reversal
2016-10-20,0.0033109039273386265,2016,2,reversal
2016-10-21,-0.0008947328297020385,2016,2,reversal
2016-10-24,0.008224740665351038,2016,2,reversal
2016-10-25,0.0032660907958895315,2016,2,reversal
2016-10-26,0.0012619458152202997,2016,2,reversal
2016-10-27,0.01051158530360201,2016,2,reversal
2016-10-28,-0.007613818421317442,2016,2,reversal
2016-10-31,0.004750300359468418,2016,2,reversal
2016-11-01,0.00013099085666430296,2016,2,reversal
2016-11-02,-0.006974056144953599,2016,2,reversal
2016-11-03,-0.0033798109723427007,2016,2,reversal
2016-11-04,-0.006797714652366029,2016,2,reversal
2016-11-07,0.007495254724522049,2016,2,reversal
2016-11-08,-0.0006727677076337826,2016,2,reversal
2016-11-09,-0.05015649870837979,2016,2,reversal
2016-11-10,0.025871001956801476,2016,2,reversal
2016-11-11,-0.029160851554604315,2016,2,reversal
2016-11-14,0.0022028701129254372,2016,2,reversal
2016-11-15,0.018329995846033433,2016,2,reversal
2016-11-16,-0.0026314580825384636,2016,2,reversal
2016-11-17,-0.00429043126643045,2016,2,reversal
2016-11-18,0.002368340920215528,2016,2,reversal
2016-11-21,-0.017573484150995154,2016,2,reversal
2016-11-22,-0.006778907760399278,2016,2,reversal
2016-11-23,0.006164560306931377,2016,2,reversal
2016-11-25,0.005359323782846615,2016,2,reversal
2016-11-28,0.002123765632646557,2016,2,reversal
2016-11-29,0.011076931124081767,2016,2,reversal
2016-11-30,-0.0176673370300241,2016,2,reversal
2016-12-01,0.013146719623807934,2016,2,reversal
2016-12-02,0.008920082814677155,2016,2,reversal
2016-12-05,0.001414579654764303,2016,2,reversal
2016-12-06,0.004846857869149724,2016,2,reversal
2016-12-07,-0.0009574267098507398,2016,2,reversal
2016-12-08,0.001527003554499362,2016,2,reversal
2016-12-09,-0.0034929320554582866,2016,2,reversal
2016-12-12,0.0031923765937468375,2016,2,reversal
2016-12-13,0.007696802568920802,2016,2,reversal
2016-12-14,0.0009896711391534695,2016,2,reversal
2016-12-15,-0.0022930901787600816,2016,2,reversal
2016-12-16,0.007917100835051682,2016,2,reversal
2016-12-19,-0.00032871457120048353,2016,2,reversal
2016-12-20,-0.0037642028431827397,2016,2,reversal
2016-12-21,0.0006774383962874441,2016,2,reversal
2016-12-22,-0.0036642906381518015,2016,2,reversal
2016-12-23,-0.004650583469621961,2016,2,reversal
2016-12-27,0.014175126468933442,2016,2,reversal
2016-12-28,0.001632271353205328,2016,2,reversal
2016-12-29,0.0006401624529947863,2016,2,reversal
2016-12-30,0.0023061546625294024,2016,2,reversal
2017-01-03,-0.0006332998038493295,2017,10,reversal
2017-01-04,0.003903043912629911,2017,10,reversal
2017-01-05,-0.007307050145285132,2017,10,reversal
2017-01-06,-0.005141748369286348,2017,10,reversal
2017-01-09,-0.0012957611658111156,2017,10,reversal
2017-01-10,-6.578279844724443e-05,2017,10,reversal
2017-01-11,-0.004848150222192005,2017,10,reversal
2017-01-12,-0.005072425724331353,2017,10,reversal
2017-01-13,-0.00013132073023313078,2017,10,reversal
2017-01-17,-0.003359780164656656,2017,10,reversal
2017-01-18,-0.005489552220784466,2017,10,reversal
2017-01-19,-0.006027935508211413,2017,10,reversal
2017-01-20,-0.01692544946060608,2017,10,reversal
2017-01-23,-0.0032285941931686664,2017,10,reversal
2017-01-24,0.007551001248896727,2017,10,reversal
2017-01-25,-0.0021534818402672794,2017,10,reversal
2017-01-26,-0.00017375094167710898,2017,10,reversal
2017-01-27,0.002314543851356099,2017,10,reversal
2017-01-30,0.010472065451656909,2017,10,reversal
2017-01-31,-0.005967930973283787,2017,10,reversal
2017-02-01,0.0011839456950731187,2017,10,reversal
2017-02-02,0.01028418126913313,2017,10,reversal
2017-02-03,-0.015068361835375564,2017,10,reversal
2017-02-06,-0.0031943587126875396,2017,10,reversal
2017-02-07,-0.0024354441098410782,2017,10,reversal
2017-02-08,0.006640246551061035,2017,10,reversal
2017-02-09,-0.000978801087491898,2017,10,reversal
2017-02-10,0.005469784794813592,2017,10,reversal
2017-02-13,0.0012231926221838996,2017,10,reversal
2017-02-14,-0.0027544746600135167,2017,10,reversal
2017-02-15,-0.001415907731092192,2017,10,reversal
2017-02-16,-0.0028679679667225288,2017,10,reversal
2017-02-17,0.0020325788177356415,2017,10,reversal
2017-02-21,-0.00025431846175131276,2017,10,reversal
2017-02-22,-0.00982848516700222,2017,10,reversal
2017-02-23,-0.005296110445422064,2017,10,reversal
2017-02-24,0.010819458318240993,2017,10,reversal
2017-02-27,-0.003745062601906424,2017,10,reversal
2017-02-28,0.006680759662546033,2017,10,reversal
2017-03-01,-0.012223078232989081,2017,10,reversal
2017-03-02,0.003146893869822198,2017,10,reversal
2017-03-03,0.0011860473335072008,2017,10,reversal
2017-03-06,0.006806196748192805,2017,10,reversal
2017-03-07,-0.0040920376350864875,2017,10,reversal
2017-03-08,-0.004454099545234058,2017,10,reversal
2017-03-09,0.0020409050311456112,2017,10,reversal
2017-03-10,-0.001307122302213204,2017,10,reversal
2017-03-13,-5.9878772177712584e-05,2017,10,reversal
2017-03-14,0.004648254490932046,2017,10,reversal
2017-03-15,0.004020204285349038,2017,10,reversal
2017-03-16,-0.008678380825600917,2017,10,reversal
2017-03-17,-0.0008237559982238402,2017,10,reversal
2017-03-20,-0.008730714055119515,2017,10,reversal
2017-03-21,-0.00641548649464233,2017,10,reversal
2017-03-22,0.002053854917307707,2017,10,reversal
2017-03-23,-0.004751509548207478,2017,10,reversal
2017-03-24,-0.004718738092694119,2017,10,reversal
2017-03-27,0.008959814608873273,2017,10,reversal
2017-03-28,-0.002315900339312882,2017,10,reversal
2017-03-29,0.006151117958179696,2017,10,reversal
2017-03-30,-0.006438161499761585,2017,10,reversal
2017-03-31,0.0018964107552524089,2017,10,reversal
2017-04-03,-0.0032175407977027893,2017,10,reversal
2017-04-04,-0.001637103946389351,2017,10,reversal
2017-04-05,0.0018359496244319208,2017,10,reversal
2017-04-06,-0.0013777838778189944,2017,10,reversal
2017-04-07,-0.0060722256311642854,2017,10,reversal
2017-04-10,0.002020436675878068,2017,10,reversal
2017-04-11,-0.007244893581121436,2017,10,reversal
2017-04-12,-0.0013469976403710279,2017,10,reversal
2017-04-13,0.014994130906561553,2017,10,reversal
2017-04-17,0.0001118707409068165,2017,10,reversal
2017-04-18,0.003674875831693725,2017,10,reversal
2017-04-19,0.007032811797171856,2017,10,reversal
2017-04-20,-0.007282916964758202,2017,10,reversal
2017-04-21,0.008632247655767698,2017,10,reversal
2017-04-24,-0.003124403930975961,2017,10,reversal
2017-04-25,-0.000253735007736966,2017,10,reversal
2017-04-26,-0.004656591194193182,2017,10,reversal
2017-04-27,-0.004877060726931681,2017,10,reversal
2017-04-28,-0.0006984350355435432,2017,10,reversal
2017-05-01,-0.0021061518408335587,2017,10,reversal
2017-05-02,0.0036485114765706485,2017,10,reversal
2017-05-03,-0.001983519594836958,2017,10,reversal
2017-05-04,0.003500013284823489,2017,10,reversal
2017-05-05,-0.0022976132048779354,2017,10,reversal
2017-05-08,-0.0024285523325588755,2017,10,reversal
2017-05-09,0.011041793167902537,2017,10,reversal
2017-05-10,-0.0026770605574134906,2017,10,reversal
2017-05-11,-0.004530526333929386,2017,10,reversal
2017-05-12,-0.0007650036480215784,2017,10,reversal
2017-05-15,0.00666266521882557,2017,10,reversal
2017-05-16,0.00642072665108365,2017,10,reversal
2017-05-17,-0.006019170383280203,2017,10,reversal
2017-05-18,-0.002361963173155124,2017,10,reversal
2017-05-19,-0.008525426322884644,2017,10,reversal
2017-05-22,0.011020231950521842,2017,10,reversal
2017-05-23,-0.009580078500508283,2017,10,reversal
2017-05-24,-0.0055361241811759275,2017,10,reversal
2017-05-25,0.0028878974398790836,2017,10,reversal
2017-05-26,-0.011084648947643928,2017,10,reversal
2017-05-30,-0.009343596562771526,2017,10,reversal
2017-05-31,0.007597096570452266,2017,10,reversal
2017-06-01,-0.009412077147227471,2017,10,reversal
2017-06-02,0.0005502479285205751,2017,10,reversal
2017-06-05,0.00294118447191003,2017,10,reversal
2017-06-06,0.0017537493233684921,2017,10,reversal
2017-06-07,0.011020573044554094,2017,10,reversal
2017-06-08,0.020064075417084024,2017,10,reversal
2017-06-09,-0.011040859414953886,2017,10,reversal
2017-06-12,0.00997990522225265,2017,10,reversal
2017-06-13,-0.009024608421729217,2017,10,reversal
2017-06-14,0.0008310065922116248,2017,10,reversal
2017-06-15,0.0009171627469931275,2017,10,reversal
2017-06-16,0.007794965156173306,2017,10,reversal
2017-06-19,-0.002262997988488602,2017,10,reversal
2017-06-20,0.005734687421641339,2017,10,reversal
2017-06-21,-0.020476668262190568,2017,10,reversal
2017-06-22,0.00721217053823563,2017,10,reversal
2017-06-23,0.006878210203606683,2017,10,reversal
2017-06-26,0.0067358604607018705,2017,10,reversal
2017-06-27,0.0036039004212984884,2017,10,reversal
2017-06-28,-7.238032349904389e-05,2017,10,reversal
2017-06-29,0.004860888094896854,2017,10,reversal
2017-06-30,-0.0004021977302657185,2017,10,reversal
2017-07-03,0.0036623314640106047,2017,10,reversal
2017-07-05,0.0065099829097967086,2017,10,reversal
2017-07-06,0.0014055447436595592,2017,10,reversal
2017-07-07,0.003285965868158403,2017,10,reversal
2017-07-10,0.00530408583460944,2017,10,reversal
2017-07-11,0.00660202881199069,2017,10,reversal
2017-07-12,0.004311101369792458,2017,10,reversal
2017-07-13,-8.479912887310315e-05,2017,10,reversal
2017-07-14,0.00044140666330148024,2017,10,reversal
2017-07-17,-0.020268174047190078,2017,10,reversal
2017-07-18,-0.0007007586869613005,2017,10,reversal
2017-07-19,-0.0036350743172398167,2017,10,reversal
2017-07-20,-0.0035797658423870502,2017,10,reversal
2017-07-21,-0.002067616669076278,2017,10,reversal
2017-07-24,0.017726425789705014,2017,10,reversal
2017-07-25,-0.003884668180454731,2017,10,reversal
2017-07-26,0.009119953135506953,2017,10,reversal
2017-07-27,0.006452265014056957,2017,10,reversal
2017-07-28,0.0020285182896956798,2017,10,reversal
2017-07-31,-0.003681605679546185,2017,10,reversal
2017-08-01,0.0010145889507182538,2017,10,reversal
2017-08-02,0.005438435814998777,2017,10,reversal
2017-08-03,0.0007261849336471003,2017,10,reversal
2017-08-04,-0.0008836196360583082,2017,10,reversal
2017-08-07,-0.005616249724931399,2017,10,reversal
2017-08-08,-0.006663325634103856,2017,10,reversal
2017-08-09,-0.010892534337847648,2017,10,reversal
2017-08-10,0.01145704241808998,2017,10,reversal
2017-08-11,0.005377843599062116,2017,10,reversal
2017-08-14,-0.001648030782156873,2017,10,reversal
2017-08-15,0.0010406165919737316,2017,10,reversal
2017-08-16,-0.0014128412408157438,2017,10,reversal
2017-08-17,-0.00027531805243703484,2017,10,reversal
2017-08-18,-0.006190948123238426,2017,10,reversal
2017-08-21,0.003297635794821707,2017,10,reversal
2017-08-22,0.006041897408868802,2017,10,reversal
2017-08-23,-0.0011698487802012437,2017,10,reversal
2017-08-24,0.006952373424692316,2017,10,reversal
2017-08-25,-0.0016425644678193631,2017,10,reversal
2017-08-28,-0.002771750846415766,2017,10,reversal
2017-08-29,-0.0005072272370759473,2017,10,reversal
2017-08-30,-0.002463086062261332,2017,10,reversal
2017-08-31,0.004547180642559656,2017,10,reversal
2017-09-01,-0.004761165187669725,2017,10,reversal
2017-09-05,-0.004723091959022707,2017,10,reversal
2017-09-06,-0.012498989858625175,2017,10,reversal
2017-09-07,-0.005345124211691488,2017,10,reversal
2017-09-08,0.008044442388979525,2017,10,reversal
2017-09-11,0.0025785131494592828,2017,10,reversal
2017-09-12,0.0038278604119993285,2017,10,reversal
2017-09-13,0.00029841342594865154,2017,10,reversal
2017-09-14,0.019442968105679227,2017,10,reversal
2017-09-15,0.007415922860864399,2017,10,reversal
2017-09-18,-0.0013346066112266855,2017,10,reversal
2017-09-19,-0.008476736812552788,2017,10,reversal
2017-09-20,-0.006275617112262289,2017,10,reversal
2017-09-21,-0.002242525274376672,2017,10,reversal
2017-09-22,-0.011538348219907457,2017,10,reversal
2017-09-25,0.003941308812302191,2017,10,reversal
2017-09-26,-0.0006936062042989912,2017,10,reversal
2017-09-27,-0.0015332647813300795,2017,10,reversal
2017-09-28,0.005764464540036573,2017,10,reversal
2017-09-29,-0.006588341985098422,2017,10,reversal
2017-10-02,0.00040985635877098785,2017,10,reversal
2017-10-03,0.004997636970279551,2017,10,reversal
2017-10-04,-0.0021586341203574614,2017,10,reversal
2017-10-05,0.0013629619206017795,2017,10,reversal
2017-10-06,0.002750440134351384,2017,10,reversal
2017-10-09,0.005391788016481181,2017,10,reversal
2017-10-10,-0.007969533837022301,2017,10,reversal
2017-10-11,-0.0018573202064227081,2017,10,reversal
2017-10-12,-0.000557466886218616,2017,10,reversal
2017-10-13,0.001840711018841412,2017,10,reversal
2017-10-16,0.010245903098219678,2017,10,reversal
2017-10-17,0.0088086338303909,2017,10,reversal
2017-10-18,0.004747377351847959,2017,10,reversal
2017-10-19,0.003279509504801591,2017,10,reversal
2017-10-20,0.000674679204094175,2017,10,reversal
2017-10-23,-0.0032911434626412992,2017,10,reversal
2017-10-24,-0.004893994142676728,2017,10,reversal
2017-10-25,-0.009756181915313543,2017,10,reversal
2017-10-26,0.0012503402497491371,2017,10,reversal
2017-10-27,-0.014535559546069441,2017,10,reversal
2017-10-30,0.0027694800100950268,2017,10,reversal
2017-10-31,0.002103732853680895,2017,10,reversal
2017-11-01,-0.00382490956100634,2017,10,reversal
2017-11-02,0.0033801762974732703,2017,10,reversal
2017-11-03,-0.00044063174781405756,2017,10,reversal
2017-11-06,0.0036583651011096066,2017,10,reversal
2017-11-07,-0.01013510998976639,2017,10,reversal
2017-11-08,0.007025865020297084,2017,10,reversal
2017-11-09,-0.00031488709640763445,2017,10,reversal
2017-11-10,0.0005101254987597836,2017,10,reversal
2017-11-13,-0.00678468351796021,2017,10,reversal
2017-11-14,0.012311233520536624,2017,10,reversal
2017-11-15,-0.015117414295442822,2017,10,reversal
2017-11-16,-0.00118431401625928,2017,10,reversal
2017-11-17,-0.003479829065167761,2017,10,reversal
2017-11-20,-0.002186857739341119,2017,10,reversal
2017-11-21,0.006883206160191802,2017,10,reversal
2017-11-22,0.001412822242785239,2017,10,reversal
2017-11-24,-0.0036296623913442795,2017,10,reversal
2017-11-27,0.005224546695086117,2017,10,reversal
2017-11-28,-0.022182768847736577,2017,10,reversal
2017-11-29,0.0054281439527604,2017,10,reversal
2017-11-30,-0.009500706465112896,2017,10,reversal
2017-12-01,-0.05167550904744147,2017,10,reversal
2017-12-04,0.011718963260926842,2017,10,reversal
2017-12-05,0.01687117880325334,2017,10,reversal
2017-12-06,0.007554307329866061,2017,10,reversal
2017-12-07,-0.005508038759094769,2017,10,reversal
2017-12-08,0.009857866582679165,2017,10,reversal
2017-12-11,-0.015031048277398873,2017,10,reversal
2017-12-12,0.015198489974924257,2017,10,reversal
2017-12-13,0.004480284779890587,2017,10,reversal
2017-12-14,0.010152411278786666,2017,10,reversal
2017-12-15,0.008226862815747893,2017,10,reversal
2017-12-18,-0.0011431408204591207,2017,10,reversal
2017-12-19,-0.002470003930307452,2017,10,reversal
2017-12-20,-0.005816942067586494,2017,10,reversal
2017-12-21,-0.002828813760022519,2017,10,reversal
2017-12-22,-0.0033184522007919993,2017,10,reversal
2017-12-26,0.0027225142903642306,2017,10,reversal
2017-12-27,0.00022501273488323426,2017,10,reversal
2017-12-28,-8.867224420051629e-05,2017,10,reversal
2017-12-29,0.00528994879072101,2017,10,reversal
2018-01-02,-0.009539011935094165,2018,10,reversal
2018-01-03,0.0034707702676650687,2018,10,reversal
2018-01-04,-0.004079085041961249,2018,10,reversal
2018-01-05,-0.0027189860867851356,2018,10,reversal
2018-01-08,0.004415816521147874,2018,10,reversal
2018-01-09,-0.002556179002847314,2018,10,reversal
2018-01-10,-0.0015703248257077137,2018,10,reversal
2018-01-11,-0.0023345317732628382,2018,10,reversal
2018-01-12,0.008893557263252572,2018,10,reversal
2018-01-16,-0.002552050379655958,2018,10,reversal
2018-01-17,0.0013735892011356504,2018,10,reversal
2018-01-18,-0.010906354670302775,2018,10,reversal
2018-01-19,-0.0008507661564199917,2018,10,reversal
2018-01-22,0.011022554385349614,2018,10,reversal
2018-01-23,-0.005825355939888677,2018,10,reversal
2018-01-24,-0.0038366465391479034,2018,10,reversal
2018-01-25,-0.014607312330760947,2018,10,reversal
2018-01-26,-0.007834080514746176,2018,10,reversal
2018-01-29,0.010699304392625562,2018,10,reversal
2018-01-30,0.0025298486798126852,2018,10,reversal
2018-01-31,0.011618198378161537,2018,10,reversal
2018-02-01,-0.0018740311722716396,2018,10,reversal
2018-02-02,0.007212808797813532,2018,10,reversal
2018-02-05,0.001470169858421709,2018,10,reversal
2018-02-06,-0.001917380793669765,2018,10,reversal
2018-02-07,0.014484778244370777,2018,10,reversal
2018-02-08,-0.009380134297880205,2018,10,reversal
2018-02-09,-0.0036356790067248908,2018,10,reversal
2018-02-12,-0.009593844577302857,2018,10,reversal
2018-02-13,-0.016759803660523508,2018,10,reversal
2018-02-14,-0.00588944667763297,2018,10,reversal
2018-02-15,0.00487017498805582,2018,10,reversal
2018-02-16,-0.012402640692247502,2018,10,reversal
2018-02-20,0.0020899822572040486,2018,10,reversal
2018-02-21,0.011965744046698791,2018,10,reversal
2018-02-22,-0.010773174353088255,2018,10,reversal
2018-02-23,-0.0016803395410348344,2018,10,reversal
2018-02-26,-0.0006352033182645545,2018,10,reversal
2018-02-27,-0.018542340537986667,2018,10,reversal
2018-02-28,0.005538991412711093,2018,10,reversal
2018-03-01,-0.019842199326708845,2018,10,reversal
2018-03-02,0.0018287784660939287,2018,10,reversal
2018-03-05,-0.008012391083966619,2018,10,reversal
2018-03-06,-0.0033244970759580108,2018,10,reversal
2018-03-07,0.003381225439608915,2018,10,reversal
2018-03-08,-0.004538512454765331,2018,10,reversal
2018-03-09,-0.0009954889884964731,2018,10,reversal
2018-03-12,0.004115224823770214,2018,10,reversal
2018-03-13,-0.006340447655435033,2018,10,reversal
2018-03-14,0.0011676735876776424,2018,10,reversal
2018-03-15,0.012347613839717286,2018,10,reversal
2018-03-16,0.0015423233280031819,2018,10,reversal
2018-03-19,-0.0013466955793971058,2018,10,reversal
2018-03-20,0.006932938814506029,2018,10,reversal
2018-03-21,0.006279523613915629,2018,10,reversal
2018-03-22,-0.0008953998534768082,2018,10,reversal
2018-03-23,-0.007499281879766881,2018,10,reversal
2018-03-26,0.014817450091225752,2018,10,reversal
2018-03-27,0.001954222036287423,2018,10,reversal
2018-03-28,0.006364204405246399,2018,10,reversal
2018-03-29,-0.00011853417670042513,2018,10,reversal
2018-04-02,-0.0052000465113902,2018,10,reversal
2018-04-03,0.005315482104861713,2018,10,reversal
2018-04-04,0.006469401299005218,2018,10,reversal
2018-04-05,-0.014729846373798393,2018,10,reversal
2018-04-06,0.0060301039162228955,2018,10,reversal
2018-04-09,0.019370449130168055,2018,10,reversal
2018-04-10,0.0008040367430952708,2018,10,reversal
2018-04-11,0.009800604990436102,2018,10,reversal
2018-04-12,0.006877479988848978,2018,10,reversal
2018-04-13,0.002951441445660196,2018,10,reversal
2018-04-16,-0.003097637537180741,2018,10,reversal
2018-04-17,0.005056524042661881,2018,10,reversal
2018-04-18,0.004623967315555244,2018,10,reversal
2018-04-19,9.411553378262279e-05,2018,10,reversal
2018-04-20,-0.003121851761219851,2018,10,reversal
2018-04-23,0.007341068835555832,2018,10,reversal
2018-04-24,-2.9131511235496593e-07,2018,10,reversal
2018-04-25,-0.000362450217694342,2018,10,reversal
2018-04-26,-0.00035005082180629145,2018,10,reversal
2018-04-27,0.01306002941635892,2018,10,reversal
2018-04-30,-0.012582806011326796,2018,10,reversal
2018-05-01,-0.0028006273916667437,2018,10,reversal
2018-05-02,0.0026119480697249457,2018,10,reversal
2018-05-03,0.0003740942863733176,2018,10,reversal
2018-05-04,-0.001154352393447345,2018,10,reversal
2018-05-07,-0.007668139784809159,2018,10,reversal
2018-05-08,-0.005947424054062544,2018,10,reversal
2018-05-09,0.0015792270664168225,2018,10,reversal
2018-05-10,0.014507430768924657,2018,10,reversal
2018-05-11,0.0033318769792515914,2018,10,reversal
2018-05-14,0.005064423501401304,2018,10,reversal
2018-05-15,-0.000670217902524228,2018,10,reversal
2018-05-16,-0.00254791032968128,2018,10,reversal
2018-05-17,0.004340847508711432,2018,10,reversal
2018-05-18,0.0014758519848579784,2018,10,reversal
2018-05-21,-0.0010452711481855116,2018,10,reversal
2018-05-22,0.013670402841289996,2018,10,reversal
2018-05-23,-0.004655585872274725,2018,10,reversal
2018-05-24,-0.008322221621415016,2018,10,reversal
2018-05-25,-0.017702784240065626,2018,10,reversal
2018-05-29,0.0033747348855289305,2018,10,reversal
2018-05-30,-0.0009188691977838111,2018,10,reversal
2018-05-31,-0.002319734238599958,2018,10,reversal
2018-06-01,-0.008230692092041036,2018,10,reversal
2018-06-04,-0.004556496005378818,2018,10,reversal
2018-06-05,0.0060878133647374825,2018,10,reversal
2018-06-06,0.016886753520642693,2018,10,reversal
2018-06-07,-0.00017447345915262442,2018,10,reversal
2018-06-08,-0.005873434480062589,2018,10,reversal
2018-06-11,-0.005107513200728641,2018,10,reversal
2018-06-12,-0.00789400118611605,2018,10,reversal
2018-06-13,-0.004632245185967132,2018,10,reversal
2018-06-14,-0.010744909944280668,2018,10,reversal
2018-06-15,0.0005831460838249592,2018,10,reversal
2018-06-18,-0.007267470551635758,2018,10,reversal
2018-06-19,0.001493443670533967,2018,10,reversal
2018-06-20,-0.00031411994869748935,2018,10,reversal
2018-06-21,0.013145147471636753,2018,10,reversal
2018-06-22,0.008252421048747372,2018,10,reversal
2018-06-25,0.00570103289996352,2018,10,reversal
2018-06-26,-0.00570102012068453,2018,10,reversal
2018-06-27,0.012166968860503126,2018,10,reversal
2018-06-28,-0.0004967844061706363,2018,10,reversal
2018-06-29,0.008688117503734816,2018,10,reversal
2018-07-02,-0.006845912251872333,2018,10,reversal
2018-07-03,0.003025993740613419,2018,10,reversal
2018-07-05,0.0014939301384824018,2018,10,reversal
2018-07-06,0.020158967160119456,2018,10,reversal
2018-07-09,-0.0004558471621735503,2018,10,reversal
2018-07-10,0.0002649925508954043,2018,10,reversal
2018-07-11,-0.009168072974940355,2018,10,reversal
2018-07-12,-0.0018325085005599705,2018,10,reversal
2018-07-13,0.019006556664325592,2018,10,reversal
2018-07-16,0.0005108546025848204,2018,10,reversal
2018-07-17,0.00907836444956408,2018,10,reversal
2018-07-18,0.006039516093666708,2018,10,reversal
2018-07-19,-0.004142085933573592,2018,10,reversal
2018-07-20,2.4059649634888738e-05,2018,10,reversal
2018-07-23,0.008271392588839688,2018,10,reversal
2018-07-24,-0.004162807053665717,2018,10,reversal
2018-07-25,0.03449260831887753,2018,10,reversal
2018-07-26,-0.009540817484886898,2018,10,reversal
2018-07-27,-0.020867011201119903,2018,10,reversal
2018-07-30,0.009867627113122569,2018,10,reversal
2018-07-31,0.010613661525776497,2018,10,reversal
2018-08-01,0.006088120196654257,2018,10,reversal
2018-08-02,-0.002658283579996723,2018,10,reversal
2018-08-03,0.0024534024192654274,2018,10,reversal
2018-08-06,0.014255822229386782,2018,10,reversal
2018-08-07,0.0026825782303218416,2018,10,reversal
2018-08-08,0.007605201590650578,2018,10,reversal
2018-08-09,-0.0032335939586901285,2018,10,reversal
2018-08-10,-0.011195988146432056,2018,10,reversal
2018-08-13,-0.00652358787363273,2018,10,reversal
2018-08-14,-0.0004096903805420934,2018,10,reversal
2018-08-15,-0.004939112547597336,2018,10,reversal
2018-08-16,-0.003202007036272747,2018,10,reversal
2018-08-17,0.004535669131582521,2018,10,reversal
2018-08-20,0.01721450825342681,2018,10,reversal
2018-08-21,0.0022847765558192345,2018,10,reversal
2018-08-22,-0.0031312833096238555,2018,10,reversal
2018-08-23,-0.003438719418562785,2018,10,reversal
2018-08-24,0.009698759343792817,2018,10,reversal
2018-08-27,-0.004667745654617727,2018,10,reversal
2018-08-28,0.0074821135798132325,2018,10,reversal
2018-08-29,-0.0027088979023854763,2018,10,reversal
2018-08-30,-0.004133971345863574,2018,10,reversal
2018-08-31,-0.019793255684496882,2018,10,reversal
2018-09-04,0.023539537595108795,2018,10,reversal
2018-09-05,0.004625169496077186,2018,10,reversal
2018-09-06,0.0015607829329558065,2018,10,reversal
2018-09-07,-0.013072092289029913,2018,10,reversal
2018-09-10,0.00023512750326137866,2018,10,reversal
2018-09-11,-0.006900446933773241,2018,10,reversal
2018-09-12,0.010913116334023486,2018,10,reversal
2018-09-13,-0.0004533415512096963,2018,10,reversal
2018-09-14,-0.0011582366992275214,2018,10,reversal
2018-09-17,-0.0005640111912689873,2018,10,reversal
2018-09-18,0.008685122147810021,2018,10,reversal
2018-09-19,0.00010174194267101831,2018,10,reversal
2018-09-20,-0.0035100453169213844,2018,10,reversal
2018-09-21,0.015666657768833348,2018,10,reversal
2018-09-24,0.0030668919961374334,2018,10,reversal
2018-09-25,0.0038449463350987536,2018,10,reversal
2018-09-26,-0.0006684512387809206,2018,10,reversal
2018-09-27,-0.0007279291046607302,2018,10,reversal
2018-09-28,0.009138470714281678,2018,10,reversal
2018-10-01,0.006124109330907856,2018,10,reversal
2018-10-02,-0.00204749732064482,2018,10,reversal
2018-10-03,0.004074928602324824,2018,10,reversal
2018-10-04,0.0014429377994925165,2018,10,reversal
2018-10-05,0.0009514971725650967,2018,10,reversal
2018-10-08,-0.0029542675141477903,2018,10,reversal
2018-10-09,-0.014935065898712498,2018,10,reversal
2018-10-10,0.019088359024793847,2018,10,reversal
2018-10-11,0.009108361476678704,2018,10,reversal
2018-10-12,0.007685311020799202,2018,10,reversal
2018-10-15,0.006860480041895746,2018,10,reversal
2018-10-16,-0.012148361713103194,2018,10,reversal
2018-10-17,0.0020254230496856377,2018,10,reversal
2018-10-18,-0.0016910595705872389,2018,10,reversal
2018-10-19,-0.0038753013334290477,2018,10,reversal
2018-10-22,-0.008795142848082993,2018,10,reversal
2018-10-23,0.0005449485034770135,2018,10,reversal
2018-10-24,0.00342041869254903,2018,10,reversal
2018-10-25,0.005263553932514785,2018,10,reversal
2018-10-26,-0.015937522167960516,2018,10,reversal
2018-10-29,0.010160068195119765,2018,10,reversal
2018-10-30,0.019425162747034975,2018,10,reversal
2018-10-31,0.028861423166649847,2018,10,reversal
2018-11-01,0.0005951691194565514,2018,10,reversal
2018-11-02,-0.0023363159267007607,2018,10,reversal
2018-11-05,0.005843517175073253,2018,10,reversal
2018-11-06,0.017160116429133107,2018,10,reversal
2018-11-07,-0.024100884571643756,2018,10,reversal
2018-11-08,-0.01761770594719868,2018,10,reversal
2018-11-09,-0.029308210889245925,2018,10,reversal
2018-11-12,0.014491264212959754,2018,10,reversal
2018-11-13,-0.007616961409385058,2018,10,reversal
2018-11-14,0.0093326959551568,2018,10,reversal
2018-11-15,-0.034576873050327264,2018,10,reversal
2018-11-16,-0.030606982427671917,2018,10,reversal
2018-11-19,0.0014431154323070843,2018,10,reversal
2018-11-20,0.014192792917277252,2018,10,reversal
2018-11-21,-0.008002014631524945,2018,10,reversal
2018-11-23,0.0028836088976797354,2018,10,reversal
2018-11-26,0.0037419515270141206,2018,10,reversal
2018-11-27,0.010352976801541635,2018,10,reversal
2018-11-28,-0.003393876867743584,2018,10,reversal
2018-11-29,-9.918953441295786e-05,2018,10,reversal
2018-11-30,0.020367763679919704,2018,10,reversal
2018-12-03,0.013725601737432952,2018,10,reversal
2018-12-04,-0.022608672029027055,2018,10,reversal
2018-12-06,0.011782620356221171,2018,10,reversal
2018-12-07,-0.016431390437091298,2018,10,reversal
2018-12-10,-0.008774638614181995,2018,10,reversal
2018-12-11,-0.0031943630980436613,2018,10,reversal
2018-12-12,-0.0058703292359003735,2018,10,reversal
2018-12-13,0.008803253421115553,2018,10,reversal
2018-12-14,0.012622017471410264,2018,10,reversal
2018-12-17,-0.011139675596770914,2018,10,reversal
2018-12-18,0.012193330509843692,2018,10,reversal
2018-12-19,0.0019984848284266155,2018,10,reversal
2018-12-20,0.012158663208985242,2018,10,reversal
2018-12-21,-0.0012511762903713378,2018,10,reversal
2018-12-24,-0.025166069201261347,2018,10,reversal
2018-12-26,-0.007190679881782836,2018,10,reversal
2018-12-27,-0.000321615227794092,2018,10,reversal
2018-12-28,-0.002854309456620229,2018,10,reversal
2018-12-31,0.012828553191478142,2018,10,reversal
2019-01-02,-0.008613368197277604,2019,1,reversal
2019-01-03,-0.002906236188455112,2019,1,reversal
2019-01-04,-0.0034367092427434395,2019,1,reversal
2019-01-07,0.0029715744656734887,2019,1,reversal
2019-01-08,0.011204607646792375,2019,1,reversal
2019-01-09,-0.0035650271664744992,2019,1,reversal
2019-01-10,0.005581520299548781,2019,1,reversal
2019-01-11,-0.004095572610207376,2019,1,reversal
2019-01-14,-0.00047480265238161214,2019,1,reversal
2019-01-15,0.0012684389136666478,2019,1,reversal
2019-01-16,0.00527739563683427,2019,1,reversal
2019-01-17,0.00799272438832792,2019,1,reversal
2019-01-18,-0.0066447485015099575,2019,1,reversal
2019-01-22,0.004887466129991536,2019,1,reversal
2019-01-23,0.015697560795769616,2019,1,reversal
2019-01-24,-0.017842475717546824,2019,1,reversal
2019-01-25,0.014538621772704553,2019,1,reversal
2019-01-28,-0.009793705116541852,2019,1,reversal
2019-01-29,0.03160894818463711,2019,1,reversal
2019-01-30,-0.02073119214526199,2019,1,reversal
2019-01-31,0.005824841296816352,2019,1,reversal
2019-02-01,0.0045095161140943025,2019,1,reversal
2019-02-04,-0.005002675523822653,2019,1,reversal
2019-02-05,0.0029507739114139064,2019,1,reversal
2019-02-06,0.008826973554615637,2019,1,reversal
2019-02-07,0.00504150109704109,2019,1,reversal
2019-02-08,-0.0031389013991340417,2019,1,reversal
2019-02-11,0.0072033662928603585,2019,1,reversal
2019-02-12,-0.002435504816338363,2019,1,reversal
2019-02-13,0.005746985699988872,2019,1,reversal
2019-02-14,0.004691696500409015,2019,1,reversal
2019-02-15,0.0034336560015925444,2019,1,reversal
2019-02-19,0.009703013490027067,2019,1,reversal
2019-02-20,0.0026103294026604495,2019,1,reversal
2019-02-21,-0.0008868595509630818,2019,1,reversal
2019-02-22,0.0027292826193059507,2019,1,reversal
2019-02-25,-0.00040218144611098294,2019,1,reversal
2019-02-26,-0.01751264777078084,2019,1,reversal
2019-02-27,0.00373029795148857,2019,1,reversal
2019-02-28,-0.0008782462231558099,2019,1,reversal
2019-03-01,0.004078157349491451,2019,1,reversal
2019-03-04,-0.00214454837183734,2019,1,reversal
2019-03-05,-0.015181444465751169,2019,1,reversal
2019-03-06,0.007829245913144623,2019,1,reversal
2019-03-07,0.0006949172307980201,2019,1,reversal
2019-03-08,-0.007142167753054773,2019,1,reversal
2019-03-11,-0.00034502944146248566,2019,1,reversal
2019-03-12,0.005618684079168557,2019,1,reversal
2019-03-13,-0.0019364982116567009,2019,1,reversal
2019-03-14,0.009410073756562677,2019,1,reversal
2019-03-15,0.0060233490420659504,2019,1,reversal
2019-03-18,0.004457776576399054,2019,1,reversal
2019-03-19,-0.00787725101973672,2019,1,reversal
2019-03-20,-0.012354549237387158,2019,1,reversal
2019-03-21,-0.009183516560027371,2019,1,reversal
2019-03-22,-0.0035550792039588997,2019,1,reversal
2019-03-25,0.00376622404180449,2019,1,reversal
2019-03-26,-0.005489307857481595,2019,1,reversal
2019-03-27,-0.008420080760354488,2019,1,reversal
2019-03-28,0.003627308406194407,2019,1,reversal
2019-03-29,0.00223138186603109,2019,1,reversal
2019-04-01,0.002943006383942015,2019,1,reversal
2019-04-02,-0.0023753851313090264,2019,1,reversal
2019-04-03,-0.0001357111101129571,2019,1,reversal
2019-04-04,-0.004052161326147408,2019,1,reversal
2019-04-05,-0.0010913235619667838,2019,1,reversal
2019-04-08,0.003018531993022467,2019,1,reversal
2019-04-09,-0.0008958462813786205,2019,1,reversal
2019-04-10,-0.0025019955722886287,2019,1,reversal
2019-04-11,-0.008169460883840672,2019,1,reversal
2019-04-12,0.006612490525376135,2019,1,reversal
2019-04-15,0.005669955878721944,2019,1,reversal
2019-04-16,-0.03469038525838965,2019,1,reversal
2019-04-17,0.0023148837783326104,2019,1,reversal
2019-04-18,-0.0016992325344732384,2019,1,reversal
2019-04-22,-0.003510046174249836,2019,1,reversal
2019-04-23,-0.00046813498345381647,2019,1,reversal
2019-04-24,0.004828168499971475,2019,1,reversal
2019-04-25,-0.006709996628571613,2019,1,reversal
2019-04-26,-0.0002634216818249045,2019,1,reversal
2019-04-29,0.013144506936302536,2019,1,reversal
2019-04-30,0.006111185456950819,2019,1,reversal
2019-05-01,-0.0022488303513078624,2019,1,reversal
2019-05-02,0.002270130186609865,2019,1,reversal
2019-05-03,-0.0026212776511878363,2019,1,reversal
2019-05-06,-0.009548148245308353,2019,1,reversal
2019-05-07,0.007342357444864833,2019,1,reversal
2019-05-08,0.0023958216598554682,2019,1,reversal
2019-05-09,-0.0014669498408012346,2019,1,reversal
2019-05-10,-0.020943038125739395,2019,1,reversal
2019-05-13,0.007969764076949416,2019,1,reversal
2019-05-14,0.0045087151289507025,2019,1,reversal
2019-05-15,0.0012742435508292793,2019,1,reversal
2019-05-16,-0.010895409656074238,2019,1,reversal
2019-05-17,-0.012042411676783639,2019,1,reversal
2019-05-20,0.00590268627032794,2019,1,reversal
2019-05-21,0.02072494281536926,2019,1,reversal
2019-05-22,-0.011220917441062628,2019,1,reversal
2019-05-23,0.0018362124792658306,2019,1,reversal
2019-05-24,-0.0046345407867210645,2019,1,reversal
2019-05-28,0.00741335013579536,2019,1,reversal
2019-05-29,0.0019783465026641635,2019,1,reversal
2019-05-30,-0.010088405504091137,2019,1,reversal
2019-05-31,-0.005820886409984427,2019,1,reversal
2019-06-03,0.010715029327711869,2019,1,reversal
2019-06-04,0.015999189322290774,2019,1,reversal
2019-06-05,-0.000217639594880659,2019,1,reversal
2019-06-06,-0.004821873818995347,2019,1,reversal
2019-06-07,0.003845632981815495,2019,1,reversal
2019-06-10,-0.007774033938105163,2019,1,reversal
2019-06-11,0.015025808072171654,2019,1,reversal
2019-06-12,0.009278187514560799,2019,1,reversal
2019-06-13,-0.00637727912290863,2019,1,reversal
2019-06-14,-0.0017885931490191687,2019,1,reversal
2019-06-17,0.0062208562239840955,2019,1,reversal
2019-06-18,0.007291452761338423,2019,1,reversal
2019-06-19,0.0089279563484556,2019,1,reversal
2019-06-20,-0.00013103198677226783,2019,1,reversal
2019-06-21,0.006731597935674217,2019,1,reversal
2019-06-24,0.00038990374306748735,2019,1,reversal
2019-06-25,-0.0001321761051939485,2019,1,reversal
2019-06-26,-0.006274619510245327,2019,1,reversal
2019-06-27,-0.0043592754192350765,2019,1,reversal
2019-06-28,0.00011701952207400154,2019,1,reversal
2019-07-01,-0.001153744186121763,2019,1,reversal
2019-07-02,-0.013673979684384373,2019,1,reversal
2019-07-03,0.009335074444586568,2019,1,reversal
2019-07-05,-0.0002549636148847616,2019,1,reversal
2019-07-08,-0.00044106965941759224,2019,1,reversal
2019-07-09,-0.0047484363731306045,2019,1,reversal
2019-07-10,0.01178780863989467,2019,1,reversal
2019-07-11,-0.016129124672531293,2019,1,reversal
2019-07-12,0.0022140214819163393,2019,1,reversal
2019-07-15,0.0051284497084464475,2019,1,reversal
2019-07-16,0.008134971532010116,2019,1,reversal
2019-07-17,0.0012766633586828724,2019,1,reversal
2019-07-18,0.0030026755413862013,2019,1,reversal
2019-07-19,-0.006894588516102573,2019,1,reversal
2019-07-22,-0.0031904861723822675,2019,1,reversal
2019-07-23,0.00012030669091817048,2019,1,reversal
2019-07-24,0.006495099245574575,2019,1,reversal
2019-07-25,0.0023661609272128234,2019,1,reversal
2019-07-26,0.002969914113926686,2019,1,reversal
2019-07-29,-0.0025684484315746437,2019,1,reversal
2019-07-30,0.008676767874623249,2019,1,reversal
2019-07-31,0.019211117518343222,2019,1,reversal
2019-08-01,0.0017022855548446732,2019,1,reversal
2019-08-02,-0.006186446578363713,2019,1,reversal
2019-08-05,0.009908130455198194,2019,1,reversal
2019-08-06,-0.011018798283265008,2019,1,reversal
2019-08-07,0.0003426911377297781,2019,1,reversal
2019-08-08,-0.0013861031470640888,2019,1,reversal
2019-08-09,-0.004544225842569027,2019,1,reversal
2019-08-12,-0.004099742703231567,2019,1,reversal
2019-08-13,-0.011337933593486792,2019,1,reversal
2019-08-14,-0.006827238851051909,2019,1,reversal
2019-08-15,0.020646319132363387,2019,1,reversal
2019-08-16,-0.005252612249674347,2019,1,reversal
2019-08-19,-0.009376300155907558,2019,1,reversal
2019-08-20,-0.017795745710084146,2019,1,reversal
2019-08-21,0.002597958731808692,2019,1,reversal
2019-08-22,-0.0028033869472281828,2019,1,reversal
2019-08-23,-0.004630361720112287,2019,1,reversal
2019-08-26,-0.004422158003388477,2019,1,reversal
2019-08-27,0.006415149474660619,2019,1,reversal
2019-08-28,-0.004220289166609947,2019,1,reversal
2019-08-29,-0.007360674810609268,2019,1,reversal
2019-08-30,0.00764472340201321,2019,1,reversal
2019-09-03,0.004626360862229662,2019,1,reversal
2019-09-04,0.002937650081879451,2019,1,reversal
2019-09-05,0.005453755056473353,2019,1,reversal
2019-09-06,0.011871668908219713,2019,1,reversal
2019-09-09,-0.03488233323446162,2019,1,reversal
2019-09-10,-0.011921806177697301,2019,1,reversal
2019-09-11,0.0056259688022003325,2019,1,reversal
2019-09-12,0.0021687227278918584,2019,1,reversal
2019-09-13,-0.0020494848968834354,2019,1,reversal
2019-09-16,0.004352272045497485,2019,1,reversal
2019-09-17,0.005886657296960441,2019,1,reversal
2019-09-18,-0.0033770194385961184,2019,1,reversal
2019-09-19,-0.010164748872465023,2019,1,reversal
2019-09-20,0.007676325683636742,2019,1,reversal
2019-09-23,-0.0072680362789232615,2019,1,reversal
2019-09-24,0.014268874718470414,2019,1,reversal
2019-09-25,0.0023636325564533765,2019,1,reversal
2019-09-26,0.002089469917003794,2019,1,reversal
2019-09-27,0.00336455564123247,2019,1,reversal
2019-09-30,-0.0036536333736151387,2019,1,reversal
2019-10-01,-0.00553554891893665,2019,1,reversal
2019-10-02,-0.0022187369932523127,2019,1,reversal
2019-10-03,0.005822343995560964,2019,1,reversal
2019-10-04,0.003194788240083446,2019,1,reversal
2019-10-07,-0.0026568019334363806,2019,1,reversal
2019-10-08,0.0010587020435861797,2019,1,reversal
2019-10-09,0.008698244910470087,2019,1,reversal
2019-10-10,-0.00880806670935955,2019,1,reversal
2019-10-11,-0.0020097561520567853,2019,1,reversal
2019-10-14,-9.28533956158148e-06,2019,1,reversal
2019-10-15,0.006701722835917523,2019,1,reversal
2019-10-16,-0.004824185453111218,2019,1,reversal
2019-10-17,0.0057493871553816805,2019,1,reversal
2019-10-18,0.0073675320623987845,2019,1,reversal
2019-10-21,-0.005756305982724563,2019,1,reversal
2019-10-22,-0.0007080618011070738,2019,1,reversal
2019-10-23,0.00394056013089159,2019,1,reversal
2019-10-24,0.005020673001261754,2019,1,reversal
2019-10-25,-0.01118784326627774,2019,1,reversal
2019-10-28,0.007610954458400765,2019,1,reversal
2019-10-29,0.0037771885974749895,2019,1,reversal
2019-10-30,0.0038041995818611342,2019,1,reversal
2019-10-31,0.009989460858124632,2019,1,reversal
2019-11-01,-0.014004619709001253,2019,1,reversal
2019-11-04,-0.014826858741310466,2019,1,reversal
2019-11-05,0.005077985343578828,2019,1,reversal
2019-11-06,0.011271094848129094,2019,1,reversal
2019-11-07,0.000717783204103917,2019,1,reversal
2019-11-08,-0.0012473608970917207,2019,1,reversal
2019-11-11,-0.0022194492447665582,2019,1,reversal
2019-11-12,-0.013466095363507947,2019,1,reversal
2019-11-13,-0.0005348885013585101,2019,1,reversal
2019-11-14,-0.0043765871795013005,2019,1,reversal
2019-11-15,0.006744222390983689,2019,1,reversal
2019-11-18,0.002600219650183566,2019,1,reversal
2019-11-19,0.0018216553432912732,2019,1,reversal
2019-11-20,-0.012532477926942998,2019,1,reversal
2019-11-21,-0.0035968844426551684,2019,1,reversal
2019-11-22,0.0008306671228005998,2019,1,reversal
2019-11-25,0.00594597706493013,2019,1,reversal
2019-11-26,0.002632328997012323,2019,1,reversal
2019-11-27,0.0023592658050836106,2019,1,reversal
2019-11-29,0.003042528317502513,2019,1,reversal
2019-12-02,0.001222470146592037,2019,1,reversal
2019-12-03,0.005396409408267822,2019,1,reversal
2019-12-04,0.00022433321104317052,2019,1,reversal
2019-12-05,0.002261490664557053,2019,1,reversal
2019-12-06,0.0025802776650637907,2019,1,reversal
2019-12-09,0.003361416410845952,2019,1,reversal
2019-12-10,0.008554415488245037,2019,1,reversal
2019-12-11,0.009155036785144,2019,1,reversal
2019-12-12,0.012092452244746622,2019,1,reversal
2019-12-13,0.007270954770101712,2019,1,reversal
2019-12-16,-0.006480727182503421,2019,1,reversal
2019-12-17,-0.0013283429720822636,2019,1,reversal
2019-12-18,-0.0033333033204423273,2019,1,reversal
2019-12-19,-0.0024237660107916947,2019,1,reversal
2019-12-20,0.0029635296117589524,2019,1,reversal
2019-12-23,0.0004963099916363567,2019,1,reversal
2019-12-24,-0.0008966055513619621,2019,1,reversal
2019-12-26,0.00011160386510956634,2019,1,reversal
2019-12-27,-0.0029010083136426284,2019,1,reversal
2019-12-30,0.0018709004845154588,2019,1,reversal
2019-12-31,-0.002674945013811913,2019,1,reversal
2020-01-02,-0.001903370538651505,2020,1,reversal
2020-01-03,-0.008922781431831617,2020,1,reversal
2020-01-06,0.00221275328394428,2020,1,reversal
2020-01-07,-0.002438154640043322,2020,1,reversal
2020-01-08,-0.00544675297858095,2020,1,reversal
2020-01-09,-0.00988082717379264,2020,1,reversal
2020-01-10,-0.00322756278652474,2020,1,reversal
2020-01-13,0.012536683054102382,2020,1,reversal
2020-01-14,0.004695736456963662,2020,1,reversal
2020-01-15,0.0036686896615922386,2020,1,reversal
2020-01-16,0.0004883166355170608,2020,1,reversal
2020-01-17,0.0012295706081001058,2020,1,reversal
2020-01-21,-0.003984308841919937,2020,1,reversal
2020-01-22,0.007489788538134278,2020,1,reversal
2020-01-23,-0.011973128033524561,2020,1,reversal
2020-01-24,0.009900151011747804,2020,1,reversal
2020-01-27,0.0009125523968791394,2020,1,reversal
2020-01-28,-0.004847477163981717,2020,1,reversal
2020-01-29,0.013649013293739465,2020,1,reversal
2020-01-30,-0.0027301217222510457,2020,1,reversal
2020-01-31,-0.014556516280384246,2020,1,reversal
2020-02-03,-0.0008064085356729866,2020,1,reversal
2020-02-04,0.0007226841013026619,2020,1,reversal
2020-02-05,0.00855830758282542,2020,1,reversal
2020-02-06,-0.0025617415050288805,2020,1,reversal
2020-02-07,-0.0048969673592656245,2020,1,reversal
2020-02-10,-0.003077564396718424,2020,1,reversal
2020-02-11,-0.00024686060579750396,2020,1,reversal
2020-02-12,0.003926578811102299,2020,1,reversal
2020-02-13,-0.006452354327845166,2020,1,reversal
2020-02-14,-0.008097482837890834,2020,1,reversal
2020-02-18,-0.0015023024855928442,2020,1,reversal
2020-02-19,0.01743600971150363,2020,1,reversal
2020-02-20,-0.009762867073460945,2020,1,reversal
2020-02-21,-0.019544741522954927,2020,1,reversal
2020-02-24,0.0027429622595791583,2020,1,reversal
2020-02-25,-0.008614625761326378,2020,1,reversal
2020-02-26,0.00036100021850569985,2020,1,reversal
2020-02-27,-0.0152810373850226,2020,1,reversal
2020-02-28,0.014756438621194204,2020,1,reversal
2020-03-02,-0.007463173034506863,2020,1,reversal
2020-03-03,-0.016010538776274043,2020,1,reversal
2020-03-04,-0.02834341950374215,2020,1,reversal
2020-03-05,-0.02030601353015842,2020,1,reversal
2020-03-06,-0.05764222848369258,2020,1,reversal
2020-03-09,0.015981908529958802,2020,1,reversal
2020-03-10,0.012945681427324177,2020,1,reversal
2020-03-11,0.019687813052296804,2020,1,reversal
2020-03-12,0.01346799404110395,2020,1,reversal
2020-03-13,-0.0024416624260086006,2020,1,reversal
2020-03-16,-0.02637403869304574,2020,1,reversal
2020-03-17,-0.08360382538138512,2020,1,reversal
2020-03-18,0.07414736561705479,2020,1,reversal
2020-03-19,-0.02051318613722882,2020,1,reversal
2020-03-20,-0.01956353807910749,2020,1,reversal
2020-03-23,0.032776678745057256,2020,1,reversal
2020-03-24,-0.06984043665002657,2020,1,reversal
2020-03-25,-0.0028196167342403183,2020,1,reversal
2020-03-26,0.0051066777564529355,2020,1,reversal
2020-03-27,-0.0039608254780425095,2020,1,reversal
2020-03-30,-0.016330334589211595,2020,1,reversal
2020-03-31,0.0020732111247055846,2020,1,reversal
2020-04-01,-0.02017463836549798,2020,1,reversal
2020-04-02,-0.017345663916058414,2020,1,reversal
2020-04-03,0.037507413647311076,2020,1,reversal
2020-04-06,0.0028711424823686825,2020,1,reversal
2020-04-07,-0.01102143509898175,2020,1,reversal
2020-04-08,-0.002717962225310998,2020,1,reversal
2020-04-09,0.024160565079313703,2020,1,reversal
2020-04-13,-0.03252430852720691,2020,1,reversal
2020-04-14,-0.03328287321242992,2020,1,reversal
2020-04-15,-0.05425977538622331,2020,1,reversal
2020-04-16,0.0746604708094015,2020,1,reversal
2020-04-17,0.027013065401828483,2020,1,reversal
2020-04-20,0.020200661320846802,2020,1,reversal
2020-04-21,0.019692669527503197,2020,1,reversal
2020-04-22,0.013611835707095631,2020,1,reversal
2020-04-23,0.004661208100371706,2020,1,reversal
2020-04-24,0.002184757047409825,2020,1,reversal
2020-04-27,-0.01985012276345056,2020,1,reversal
2020-04-28,0.005988676860323127,2020,1,reversal
2020-04-29,0.0022891180978275253,2020,1,reversal
2020-04-30,-0.00014592853989594395,2020,1,reversal
2020-05-01,0.0058892515299360905,2020,1,reversal
2020-05-04,-0.0029471882680332405,2020,1,reversal
2020-05-05,-0.006852895762784605,2020,1,reversal
2020-05-06,0.0021627734100733934,2020,1,reversal
2020-05-07,-0.001004232067355183,2020,1,reversal
2020-05-08,0.01965100897890184,2020,1,reversal
2020-05-11,-0.010875743878629718,2020,1,reversal
2020-05-12,0.009297388440427035,2020,1,reversal
2020-05-13,0.008738371057570003,2020,1,reversal
2020-05-14,0.00891010277069142,2020,1,reversal
2020-05-15,0.03920454427320126,2020,1,reversal
2020-05-18,0.005149555759730072,2020,1,reversal
2020-05-19,-0.005333475262060138,2020,1,reversal
2020-05-20,0.014520557256435385,2020,1,reversal
2020-05-21,0.0019535427361177526,2020,1,reversal
2020-05-22,0.03697889471406757,2020,1,reversal
2020-05-26,-0.05537742116789024,2020,1,reversal
2020-05-27,0.03753506328162107,2020,1,reversal
2020-05-28,-0.009392407432956907,2020,1,reversal
2020-05-29,0.026259419276701057,2020,1,reversal
2020-06-01,0.0032034348744100164,2020,1,reversal
2020-06-02,-0.01293185634990892,2020,1,reversal
2020-06-03,-0.027154824587016388,2020,1,reversal
2020-06-04,-0.0019542623509186223,2020,1,reversal
2020-06-05,-0.01610768092928009,2020,1,reversal
2020-06-08,0.014301886604593295,2020,1,reversal
2020-06-09,-0.03220798688350316,2020,1,reversal
2020-06-10,-0.027536974523816538,2020,1,reversal
2020-06-11,0.008226965142744238,2020,1,reversal
2020-06-12,-0.0014686702538937672,2020,1,reversal
2020-06-15,0.026413200670565684,2020,1,reversal
2020-06-16,0.007472770046574484,2020,1,reversal
2020-06-17,0.005822760665029902,2020,1,reversal
2020-06-18,-0.00242100571357331,2020,1,reversal
2020-06-19,0.0052803417450577265,2020,1,reversal
2020-06-22,-0.0005009471784508503,2020,1,reversal
2020-06-23,-0.0005952940949995114,2020,1,reversal
2020-06-24,0.004418756298162829,2020,1,reversal
2020-06-25,0.012228727726371562,2020,1,reversal
2020-06-26,0.0052823893667465205,2020,1,reversal
2020-06-29,0.011461290109413744,2020,1,reversal
2020-06-30,-0.012020777751503675,2020,1,reversal
2020-07-01,0.006188395444426253,2020,1,reversal
2020-07-02,0.005117890488504617,2020,1,reversal
2020-07-06,-0.002593738984930073,2020,1,reversal
2020-07-07,0.0031678052498798183,2020,1,reversal
2020-07-08,-0.026838986223872197,2020,1,reversal
2020-07-09,0.021763599832641468,2020,1,reversal
2020-07-10,-0.019687262851516316,2020,1,reversal
2020-07-13,-0.015161201702038319,2020,1,reversal
2020-07-14,0.00615597720969141,2020,1,reversal
2020-07-15,0.005715242235678064,2020,1,reversal
2020-07-16,-0.00410186170582102,2020,1,reversal
2020-07-17,-0.002308922247312539,2020,1,reversal
2020-07-20,0.03486871256477534,2020,1,reversal
2020-07-21,0.0033713885450454614,2020,1,reversal
2020-07-22,0.0019705346249903944,2020,1,reversal
2020-07-23,0.007138390140244843,2020,1,reversal
2020-07-24,-0.00087739716846842,2020,1,reversal
2020-07-27,0.013233124520076444,2020,1,reversal
2020-07-28,0.0035289024271475955,2020,1,reversal
2020-07-29,-0.028744642797496802,2020,1,reversal
2020-07-30,-0.027591337914359304,2020,1,reversal
2020-07-31,-0.006754209287989898,2020,1,reversal
2020-08-03,-0.004203964721187348,2020,1,reversal
2020-08-04,0.004246539635662482,2020,1,reversal
2020-08-05,0.0004922263181936226,2020,1,reversal
2020-08-06,0.02019589915321398,2020,1,reversal
2020-08-07,-0.02159799185246466,2020,1,reversal
2020-08-10,-0.013305570061621717,2020,1,reversal
2020-08-11,0.028356367003560923,2020,1,reversal
2020-08-12,-0.0013391565721824423,2020,1,reversal
2020-08-13,0.0033598856167504354,2020,1,reversal
2020-08-14,0.006995305237534155,2020,1,reversal
2020-08-17,-0.0024741711757014003,2020,1,reversal
2020-08-18,0.001414319410434728,2020,1,reversal
2020-08-19,0.005088487012508014,2020,1,reversal
2020-08-20,0.004038218612386846,2020,1,reversal
2020-08-21,0.009800594555255494,2020,1,reversal
2020-08-24,0.009577646917825233,2020,1,reversal
2020-08-25,-0.048253183174746084,2020,1,reversal
2020-08-26,0.025254414938149575,2020,1,reversal
2020-08-27,-0.004335594018455047,2020,1,reversal
2020-08-28,0.008000967034982764,2020,1,reversal
2020-08-31,-0.012971581522779895,2020,1,reversal
2020-09-01,0.008734932487288505,2020,1,reversal
2020-09-02,-0.0033924947181536713,2020,1,reversal
2020-09-03,-0.019847836202194435,2020,1,reversal
2020-09-04,0.010617382193774848,2020,1,reversal
2020-09-08,0.003397726510348951,2020,1,reversal
2020-09-09,-0.0026256824268783164,2020,1,reversal
2020-09-10,-0.007400852037456407,2020,1,reversal
2020-09-11,0.005045645949009558,2020,1,reversal
2020-09-14,-0.002008440640163067,2020,1,reversal
2020-09-15,0.028389612359479555,2020,1,reversal
2020-09-16,-0.009466573310684845,2020,1,reversal
2020-09-17,0.004866605270731051,2020,1,reversal
2020-09-18,0.005235706122900707,2020,1,reversal
2020-09-21,-0.013852513558377733,2020,1,reversal
2020-09-22,0.0025768151585989774,2020,1,reversal
2020-09-23,-0.009293700222929602,2020,1,reversal
2020-09-24,0.000894244224083485,2020,1,reversal
2020-09-25,0.004136776976573055,2020,1,reversal
2020-09-28,0.009271509476440343,2020,1,reversal
2020-09-29,-0.003989221429511358,2020,1,reversal
2020-09-30,0.011040277286308086,2020,1,reversal
2020-10-01,0.022163263465557102,2020,1,reversal
2020-10-02,0.009154396834892864,2020,1,reversal
2020-10-05,-0.0007066495691188321,2020,1,reversal
2020-10-06,-0.004755144279413726,2020,1,reversal
2020-10-07,-0.0003110267923519426,2020,1,reversal
2020-10-08,0.011380921296017055,2020,1,reversal
2020-10-09,0.00039104486558546626,2020,1,reversal
2020-10-12,0.006983881971915473,2020,1,reversal
2020-10-13,-0.002389552774095605,2020,1,reversal
2020-10-14,0.005046178701049009,2020,1,reversal
2020-10-15,-0.005544132877040609,2020,1,reversal
2020-10-16,0.0014097597906642771,2020,1,reversal
2020-10-19,0.0015860712049546315,2020,1,reversal
2020-10-20,-0.01576123664691694,2020,1,reversal
2020-10-21,0.013539541201990602,2020,1,reversal
2020-10-22,0.014925664316338728,2020,1,reversal
2020-10-23,0.0008955661992386954,2020,1,reversal
2020-10-26,-0.0126426285266385,2020,1,reversal
2020-10-27,0.012527738325420125,2020,1,reversal
2020-10-28,-0.013856395747130944,2020,1,reversal
2020-10-29,0.008255724762046557,2020,1,reversal
2020-10-30,-0.01590246370406574,2020,1,reversal
2020-11-02,0.005339974133260596,2020,1,reversal
2020-11-03,0.019443518565272055,2020,1,reversal
2020-11-04,0.013463100132019134,2020,1,reversal
2020-11-05,0.0032400565788640702,2020,1,reversal
2020-11-06,0.09324713609052773,2020,1,reversal
2020-11-09,-0.021147987698036698,2020,1,reversal
2020-11-10,0.03359070518211801,2020,1,reversal
2020-11-11,-0.00231435007908728,2020,1,reversal
2020-11-12,0.01469358125538275,2020,1,reversal
2020-11-13,-0.012909571875850514,2020,1,reversal
2020-11-16,5.229367944337149e-05,2020,1,reversal
2020-11-17,-0.0030154032516301454,2020,1,reversal
2020-11-18,-0.005594887903490198,2020,1,reversal
2020-11-19,-0.002454793972285373,2020,1,reversal
2020-11-20,0.011105478212892473,2020,1,reversal
2020-11-23,-0.03630379036736961,2020,1,reversal
2020-11-24,0.013909099689899163,2020,1,reversal
2020-11-25,-0.006698337936127207,2020,1,reversal
2020-11-27,-0.018490583147162197,2020,1,reversal
2020-11-30,0.0031015154709382103,2020,1,reversal
2020-12-01,-0.014406273648672595,2020,1,reversal
2020-12-02,-0.005745901263052167,2020,1,reversal
2020-12-03,0.0011671870444309174,2020,1,reversal
2020-12-04,0.006875176410749695,2020,1,reversal
2020-12-07,0.002990861501073705,2020,1,reversal
2020-12-08,-0.016286811465206906,2020,1,reversal
2020-12-09,0.003241566950239772,2020,1,reversal
2020-12-10,0.004943241866143499,2020,1,reversal
2020-12-11,-0.0004496075907275861,2020,1,reversal
2020-12-14,0.006348286685118621,2020,1,reversal
2020-12-15,0.004550222528529202,2020,1,reversal
2020-12-16,0.0016816328901825273,2020,1,reversal
2020-12-17,-0.004870121121948223,2020,1,reversal
2020-12-18,0.014264462917775311,2020,1,reversal
2020-12-21,0.006036721097435561,2020,1,reversal
2020-12-22,0.019178044964705276,2020,1,reversal
2020-12-23,0.0067728607155430835,2020,1,reversal
2020-12-24,5.0547672926460827e-05,2020,1,reversal
2020-12-28,-0.0013563576795419417,2020,1,reversal
2020-12-29,-0.001255404593710019,2020,1,reversal
2020-12-30,0.0011742845231569434,2020,1,reversal
2020-12-31,0.003609361318325255,2020,1,reversal
2021-01-04,0.0002115368496248271,2021,1,reversal
2021-01-05,-0.016644778121782555,2021,1,reversal
2021-01-06,0.006144389888945834,2021,1,reversal
2021-01-07,0.00048595904242334457,2021,1,reversal
2021-01-08,0.006421087208093168,2021,1,reversal
2021-01-11,-0.00612127813637624,2021,1,reversal
2021-01-12,0.016570995166409253,2021,1,reversal
2021-01-13,0.0015537590521307989,2021,1,reversal
2021-01-14,0.026561309276604307,2021,1,reversal
2021-01-15,0.006668272080761307,2021,1,reversal
2021-01-19,-0.00883119550289544,2021,1,reversal
2021-01-20,-0.0023137152753349493,2021,1,reversal
2021-01-21,-0.006633924919255985,2021,1,reversal
2021-01-22,-0.008755084158236837,2021,1,reversal
2021-01-25,-0.015207195297978905,2021,1,reversal
2021-01-26,-0.014022775188076323,2021,1,reversal
2021-01-27,0.016100875113012957,2021,1,reversal
2021-01-28,-0.009154912269308578,2021,1,reversal
2021-01-29,-0.013036317346208748,2021,1,reversal
2021-02-01,-0.004674642156229335,2021,1,reversal
2021-02-02,0.009157472941329304,2021,1,reversal
2021-02-03,-0.011328998118441357,2021,1,reversal
2021-02-04,-0.0017511275443341415,2021,1,reversal
2021-02-05,-0.0022652745081685457,2021,1,reversal
2021-02-08,0.005926276327189884,2021,1,reversal
2021-02-09,0.0013660459146649373,2021,1,reversal
2021-02-10,0.0009445056714618038,2021,1,reversal
2021-02-11,0.00446059330567633,2021,1,reversal
2021-02-12,-0.009366314056523729,2021,1,reversal
2021-02-16,-0.002561035457580818,2021,1,reversal
2021-02-17,0.002755310448071201,2021,1,reversal
2021-02-18,0.01165851900763386,2021,1,reversal
2021-02-19,-0.011388369591145609,2021,1,reversal
2021-02-22,-0.021894369032402272,2021,1,reversal
2021-02-23,-0.019652984401537354,2021,1,reversal
2021-02-24,0.0053966857332676255,2021,1,reversal
2021-02-25,0.023552360675286488,2021,1,reversal
2021-02-26,-0.007526651733907597,2021,1,reversal
2021-03-01,-0.0046419508440194495,2021,1,reversal
2021-03-02,-0.02780944219006636,2021,1,reversal
2021-03-03,-0.013121262398823098,2021,1,reversal
2021-03-04,-0.009086961236756952,2021,1,reversal
2021-03-05,-0.02407948234511466,2021,1,reversal
2021-03-08,0.044387358877557334,2021,1,reversal
2021-03-09,0.024896892679935445,2021,1,reversal
2021-03-10,0.02163243414715682,2021,1,reversal
2021-03-11,0.015927505066938342,2021,1,reversal
2021-03-12,0.015099994071592281,2021,1,reversal
2021-03-15,-0.012766953637506151,2021,1,reversal
2021-03-16,0.0019545915782392953,2021,1,reversal
2021-03-17,0.0018767726496019647,2021,1,reversal
2021-03-18,0.00447294756144051,2021,1,reversal
2021-03-19,-0.016195824063219656,2021,1,reversal
2021-03-22,-0.019204768024342754,2021,1,reversal
2021-03-23,0.013403632795523734,2021,1,reversal
2021-03-24,-0.010739858541149372,2021,1,reversal
2021-03-25,0.0006877971586171303,2021,1,reversal
2021-03-26,-0.0019130631462328962,2021,1,reversal
2021-03-29,0.015671651864378043,2021,1,reversal
2021-03-30,0.007066092945755187,2021,1,reversal
2021-03-31,-0.012362444922446324,2021,1,reversal
2021-04-01,-0.003567903292947261,2021,1,reversal
2021-04-05,0.0016276709246079379,2021,1,reversal
2021-04-06,-0.000265292675061346,2021,1,reversal
2021-04-07,-0.0020136818405257608,2021,1,reversal
2021-04-08,-0.008361098256827891,2021,1,reversal
2021-04-09,-0.003721828459133647,2021,1,reversal
2021-04-12,0.007403751945168634,2021,1,reversal
2021-04-13,0.0182341240727391,2021,1,reversal
2021-04-14,0.032569727228785574,2021,1,reversal
2021-04-15,-0.0016416351933265406,2021,1,reversal
2021-04-16,-0.003913995328946973,2021,1,reversal
2021-04-19,0.0006833215315777408,2021,1,reversal
2021-04-20,0.011568332676435499,2021,1,reversal
2021-04-21,-0.003015059259340225,2021,1,reversal
2021-04-22,0.0035688080606204433,2021,1,reversal
2021-04-23,-0.013148692322863576,2021,1,reversal
2021-04-26,0.004270238560703476,2021,1,reversal
2021-04-27,-0.010396752575719613,2021,1,reversal
2021-04-28,0.00019354913711243718,2021,1,reversal
2021-04-29,0.006178805414261811,2021,1,reversal
2021-04-30,-0.009641517344748685,2021,1,reversal
2021-05-03,-0.01581022021298123,2021,1,reversal
2021-05-04,-0.010167139504729184,2021,1,reversal
2021-05-05,-0.0009431308147806027,2021,1,reversal
2021-05-06,0.002190416599830448,2021,1,reversal
2021-05-07,-0.01794788248356853,2021,1,reversal
2021-05-10,0.01582157719653309,2021,1,reversal
2021-05-11,0.012532309975799648,2021,1,reversal
2021-05-12,0.013654310054869433,2021,1,reversal
2021-05-13,0.01736666005416517,2021,1,reversal
2021-05-14,-0.011534122028935289,2021,1,reversal
2021-05-17,0.009038883869837689,2021,1,reversal
2021-05-18,-0.003856473587447063,2021,1,reversal
2021-05-19,-0.013367521236895153,2021,1,reversal
2021-05-20,0.013396297385346211,2021,1,reversal
2021-05-21,0.002048175834632326,2021,1,reversal
2021-05-24,0.00022155835199444418,2021,1,reversal
2021-05-25,0.001273080049865716,2021,1,reversal
2021-05-26,-0.008212868613464885,2021,1,reversal
2021-05-27,0.0072625755726061555,2021,1,reversal
2021-05-28,0.013808321384972688,2021,1,reversal
2021-06-01,-1.53325549901882e-05,2021,1,reversal
2021-06-02,-0.0034983907995422836,2021,1,reversal
2021-06-03,0.011731819194407123,2021,1,reversal
2021-06-04,0.002615690430311679,2021,1,reversal
2021-06-07,0.0032030353410674394,2021,1,reversal
2021-06-08,0.0005923887060495626,2021,1,reversal
2021-06-09,-0.029730619184040862,2021,1,reversal
2021-06-10,0.002095138685385911,2021,1,reversal
2021-06-11,0.00043277309312346197,2021,1,reversal
2021-06-14,0.0025657630250611515,2021,1,reversal
2021-06-15,-0.006852690177220844,2021,1,reversal
2021-06-16,0.00511713681704482,2021,1,reversal
2021-06-17,-0.014830011953868438,2021,1,reversal
2021-06-18,0.013761618711891244,2021,1,reversal
2021-06-21,0.012616419838237868,2021,1,reversal
2021-06-22,-0.00571936068681268,2021,1,reversal
2021-06-23,-0.0070397726109120646,2021,1,reversal
2021-06-24,0.0006564098403472494,2021,1,reversal
2021-06-25,0.017013801036032405,2021,1,reversal
2021-06-28,-0.00831200798182008,2021,1,reversal
2021-06-29,0.0010416517076408012,2021,1,reversal
2021-06-30,0.006034730609019057,2021,1,reversal
2021-07-01,-0.0017284599434409745,2021,1,reversal
2021-07-02,-0.023787401228923997,2021,1,reversal
2021-07-06,-0.0036297711821225657,2021,1,reversal
2021-07-07,-0.004142911313778907,2021,1,reversal
2021-07-08,0.02206746412497763,2021,1,reversal
2021-07-09,-0.010712613488892396,2021,1,reversal
2021-07-12,0.008950680467212545,2021,1,reversal
2021-07-13,-0.016954954075632245,2021,1,reversal
2021-07-14,-0.0008340374099063186,2021,1,reversal
2021-07-15,-0.006156528556877872,2021,1,reversal
2021-07-16,-0.012432954670642283,2021,1,reversal
2021-07-19,0.0215757593678418,2021,1,reversal
2021-07-20,-0.000405876550743001,2021,1,reversal
2021-07-21,0.011711610282507601,2021,1,reversal
2021-07-22,-0.01261059964057154,2021,1,reversal
2021-07-23,0.01010971352691704,2021,1,reversal
2021-07-26,-0.0014498541595247888,2021,1,reversal
2021-07-27,0.01278632866564532,2021,1,reversal
2021-07-28,0.0007147160351719693,2021,1,reversal
2021-07-29,-0.014079693210320099,2021,1,reversal
2021-07-30,-0.005613513821248894,2021,1,reversal
2021-08-02,-0.012593670256482592,2021,1,reversal
2021-08-03,0.005788983634880351,2021,1,reversal
2021-08-04,0.003911960311355678,2021,1,reversal
2021-08-05,-0.011009971251231866,2021,1,reversal
2021-08-06,-0.0037801177975307796,2021,1,reversal
2021-08-09,-0.007134663582345901,2021,1,reversal
2021-08-10,-0.014645446924815531,2021,1,reversal
2021-08-11,0.0038604278260216283,2021,1,reversal
2021-08-12,-0.010465537221742725,2021,1,reversal
2021-08-13,-0.011038753992897797,2021,1,reversal
2021-08-16,-0.013538277222208617,2021,1,reversal
2021-08-17,0.012406013844415231,2021,1,reversal
2021-08-18,0.0061739931110461384,2021,1,reversal
2021-08-19,-0.009643910573551828,2021,1,reversal
2021-08-20,0.005371488227445498,2021,1,reversal
2021-08-23,-0.009159271766179833,2021,1,reversal
2021-08-24,-0.010671694506943597,2021,1,reversal
2021-08-25,-0.000488242823176277,2021,1,reversal
2021-08-26,-0.0016830755472076794,2021,1,reversal
2021-08-27,0.006701628483377875,2021,1,reversal
2021-08-30,0.0004233282159135987,2021,1,reversal
2021-08-31,-0.002430582909825141,2021,1,reversal
2021-09-01,0.011294659787365867,2021,1,reversal
2021-09-02,0.002742222112016002,2021,1,reversal
2021-09-03,-0.005848472578140518,2021,1,reversal
2021-09-07,0.004874027959547123,2021,1,reversal
2021-09-08,-0.0003373053895219247,2021,1,reversal
2021-09-09,0.004386041626089055,2021,1,reversal
2021-09-10,0.0016134586935316335,2021,1,reversal
2021-09-13,0.005348661170741186,2021,1,reversal
2021-09-14,0.0032087357851985805,2021,1,reversal
2021-09-15,0.0039397399252392605,2021,1,reversal
2021-09-16,-0.006756011040109745,2021,1,reversal
2021-09-17,0.009414019674801788,2021,1,reversal
2021-09-20,0.0037357684253364162,2021,1,reversal
2021-09-21,-0.0005626635946471177,2021,1,reversal
2021-09-22,-0.011897817790190801,2021,1,reversal
2021-09-23,-0.005477050300487062,2021,1,reversal
2021-09-24,-0.009113911246772443,2021,1,reversal
2021-09-27,-0.011166201276733758,2021,1,reversal
2021-09-28,0.001389682268285386,2021,1,reversal
2021-09-29,-0.002308226286814298,2021,1,reversal
2021-09-30,0.0011039211233175306,2021,1,reversal
2021-10-01,-0.011620603143055065,2021,1,reversal
2021-10-04,0.005899587948427675,2021,1,reversal
2021-10-05,-0.003655036019416158,2021,1,reversal
2021-10-06,-0.00022968585903939548,2021,1,reversal
2021-10-07,0.0012612324255400153,2021,1,reversal
2021-10-08,0.006038674671290711,2021,1,reversal
2021-10-11,-0.002959425245693548,2021,1,reversal
2021-10-12,0.000680591350873816,2021,1,reversal
2021-10-13,-0.005432414411996491,2021,1,reversal
2021-10-14,0.0048712901387865555,2021,1,reversal
2021-10-15,0.0026266836400137827,2021,1,reversal
2021-10-18,-0.004448953629824648,2021,1,reversal
2021-10-19,-0.01000735756500698,2021,1,reversal
2021-10-20,0.0023641982064323552,2021,1,reversal
2021-10-21,0.002740457638653348,2021,1,reversal
2021-10-22,0.001954152480066795,2021,1,reversal
2021-10-25,-0.004819279646011909,2021,1,reversal
2021-10-26,-0.009565785952384944,2021,1,reversal
2021-10-27,-0.004280740558822205,2021,1,reversal
2021-10-28,-0.005188495427566397,2021,1,reversal
2021-10-29,0.00690349610592369,2021,1,reversal
2021-11-01,0.002586339678727012,2021,1,reversal
2021-11-02,-0.003231538204451312,2021,1,reversal
2021-11-03,-0.025855982400316335,2021,1,reversal
2021-11-04,0.005410085043753421,2021,1,reversal
2021-11-05,5.540135242128059e-05,2021,1,reversal
2021-11-08,0.01066856959921808,2021,1,reversal
2021-11-09,0.013687985971949968,2021,1,reversal
2021-11-10,0.01290856577631826,2021,1,reversal
2021-11-11,-0.007509467885942077,2021,1,reversal
2021-11-12,0.0036781039811882967,2021,1,reversal
2021-11-15,-0.008635544140354688,2021,1,reversal
2021-11-16,-0.004986778856468555,2021,1,reversal
2021-11-17,-0.011952260207227228,2021,1,reversal
2021-11-18,-0.016428893858080086,2021,1,reversal
2021-11-19,0.013979891337117668,2021,1,reversal
2021-11-22,-0.017943657223255038,2021,1,reversal
2021-11-23,0.009882618438799484,2021,1,reversal
2021-11-24,0.002443102446112698,2021,1,reversal
2021-11-26,-0.022428905361705997,2021,1,reversal
2021-11-29,0.006260053623414509,2021,1,reversal
2021-11-30,-0.011438689336554599,2021,1,reversal
2021-12-01,0.010408734539339982,2021,1,reversal
2021-12-02,0.004198131116289517,2021,1,reversal
2021-12-03,-0.009369210976213415,2021,1,reversal
2021-12-06,0.022742691405629824,2021,1,reversal
2021-12-07,-0.0036810834052162567,2021,1,reversal
2021-12-08,-0.0004728031104344389,2021,1,reversal
2021-12-09,0.001093132023811061,2021,1,reversal
2021-12-10,-0.009776105156127502,2021,1,reversal
2021-12-13,-0.003058915948086083,2021,1,reversal
2021-12-14,0.011298157240470431,2021,1,reversal
2021-12-15,0.026316619538387542,2021,1,reversal
2021-12-16,0.007157516645703455,2021,1,reversal
2021-12-17,0.0011438950016447336,2021,1,reversal
2021-12-20,0.0046247739182060585,2021,1,reversal
2021-12-21,0.004321946215090555,2021,1,reversal
2021-12-22,0.0016166764404350834,2021,1,reversal
2021-12-23,-0.004546905132200052,2021,1,reversal
2021-12-27,0.0035621535199758525,2021,1,reversal
2021-12-28,-0.0006745426230550743,2021,1,reversal
2021-12-29,-0.002912569548277399,2021,1,reversal
2021-12-30,0.003630311174652401,2021,1,reversal
2021-12-31,0.01088131034209593,2021,1,reversal
2022-01-03,-0.023130857131013795,2022,1,reversal
2022-01-04,-0.020517920369187825,2022,1,reversal
2022-01-05,-0.0010943602283266074,2022,1,reversal
2022-01-06,-0.008631679708581497,2022,1,reversal
2022-01-07,-0.0008638302089035488,2022,1,reversal
2022-01-10,0.003258011197000743,2022,1,reversal
2022-01-11,-0.0010234771498096706,2022,1,reversal
2022-01-12,0.0022142767086115837,2022,1,reversal
2022-01-13,-0.0005996726540229646,2022,1,reversal
2022-01-14,-0.0026760632412648477,2022,1,reversal
2022-01-18,0.00747838675300726,2022,1,reversal
2022-01-19,-0.012424089196159682,2022,1,reversal
2022-01-20,0.007334807329341641,2022,1,reversal
2022-01-21,-0.013352126343071802,2022,1,reversal
2022-01-24,0.019123966285963592,2022,1,reversal
2022-01-25,0.0018711858916897533,2022,1,reversal
2022-01-26,0.006501451722689223,2022,1,reversal
2022-01-27,0.009661579353980498,2022,1,reversal
2022-01-28,0.024583476887719023,2022,1,reversal
2022-01-31,-0.008795537547166188,2022,1,reversal
2022-02-01,0.006935709775228482,2022,1,reversal
2022-02-02,-0.013858456483117178,2022,1,reversal
2022-02-03,0.013837826877967953,2022,1,reversal
2022-02-04,-0.0058330237597666095,2022,1,reversal
2022-02-07,-0.010378321368083266,2022,1,reversal
2022-02-08,0.007586956784845178,2022,1,reversal
2022-02-09,0.010499648784390225,2022,1,reversal
2022-02-10,0.007779263142873714,2022,1,reversal
2022-02-11,0.0038000169357674477,2022,1,reversal
2022-02-14,-0.01785738043159234,2022,1,reversal
2022-02-15,-0.0008906496716491907,2022,1,reversal
2022-02-16,-0.007200442188952549,2022,1,reversal
2022-02-17,-0.015283288149962382,2022,1,reversal
2022-02-18,0.004789867359568489,2022,1,reversal
2022-02-22,0.0044903508257472784,2022,1,reversal
2022-02-23,-0.021962894128327713,2022,1,reversal
2022-02-24,0.013814963281476002,2022,1,reversal
2022-02-25,-0.0013765816486148606,2022,1,reversal
2022-02-28,-0.0037863858257519943,2022,1,reversal
2022-03-01,0.0025793935762974812,2022,1,reversal
2022-03-02,-0.016505582131979602,2022,1,reversal
2022-03-03,-0.022003947414878645,2022,1,reversal
2022-03-04,-0.030382927599382423,2022,1,reversal
2022-03-07,-0.014375821437966273,2022,1,reversal
2022-03-08,-0.012158526280225991,2022,1,reversal
2022-03-09,0.013946622552946798,2022,1,reversal
2022-03-10,-0.009156903513254978,2022,1,reversal
2022-03-11,-0.006272957319032668,2022,1,reversal
2022-03-14,-0.0010940704533151865,2022,1,reversal
2022-03-15,0.021587623630978856,2022,1,reversal
2022-03-16,0.003700602191916591,2022,1,reversal
2022-03-17,0.01379908331500931,2022,1,reversal
2022-03-18,0.005848240491728418,2022,1,reversal
2022-03-21,0.011714747137630778,2022,1,reversal
2022-03-22,-0.0023983920881499032,2022,1,reversal
2022-03-23,-0.013509000384488733,2022,1,reversal
2022-03-24,-0.004557929321597909,2022,1,reversal
2022-03-25,0.01571126822030807,2022,1,reversal
2022-03-28,-0.0062445683737650465,2022,1,reversal
2022-03-29,0.0059447975342737935,2022,1,reversal
2022-03-30,-0.011978364166838085,2022,1,reversal
2022-03-31,0.0011517575414910835,2022,1,reversal
2022-04-01,0.01960051613257101,2022,1,reversal
2022-04-04,0.01853426298787849,2022,1,reversal
2022-04-05,-0.03718782726127934,2022,1,reversal
2022-04-06,-0.017840515671314026,2022,1,reversal
2022-04-07,-0.002808575214984044,2022,1,reversal
2022-04-08,-0.014587250406457463,2022,1,reversal
2022-04-11,-0.005975861254390602,2022,1,reversal
2022-04-12,-0.006438528641208663,2022,1,reversal
2022-04-13,-0.010632263567669376,2022,1,reversal
2022-04-14,0.0035913138700755633,2022,1,reversal
2022-04-18,0.0047150604391981155,2022,1,reversal
2022-04-19,-0.011760463771377471,2022,1,reversal
2022-04-20,-0.025603937767224715,2022,1,reversal
2022-04-21,0.00015592909584730835,2022,1,reversal
2022-04-22,-0.015867927330590025,2022,1,reversal
2022-04-25,-0.005217857841437221,2022,1,reversal
2022-04-26,0.006456959632532744,2022,1,reversal
2022-04-27,0.01858362130388314,2022,1,reversal
2022-04-28,-0.008760331169767818,2022,1,reversal
2022-04-29,-0.0256217291371635,2022,1,reversal
2022-05-02,-0.003889109644905908,2022,1,reversal
2022-05-03,-0.009499183901744312,2022,1,reversal
2022-05-04,-0.023757802988860786,2022,1,reversal
2022-05-05,-0.00818091496125336,2022,1,reversal
2022-05-06,0.017323986286548444,2022,1,reversal
2022-05-09,0.004920278483853702,2022,1,reversal
2022-05-10,0.01680619997672875,2022,1,reversal
2022-05-11,-0.00419812186753542,2022,1,reversal
2022-05-12,0.016810088635834386,2022,1,reversal
2022-05-13,0.0033751749875289058,2022,1,reversal
2022-05-16,0.01975462590970463,2022,1,reversal
2022-05-17,-0.027713890457614763,2022,1,reversal
2022-05-18,-0.0030146165322546773,2022,1,reversal
2022-05-19,0.012143267864570173,2022,1,reversal
2022-05-20,0.014188263688957425,2022,1,reversal
2022-05-23,-0.01873257892330261,2022,1,reversal
2022-05-24,0.01964705570908848,2022,1,reversal
2022-05-25,-0.010230467159234414,2022,1,reversal
2022-05-26,0.0016332509640458077,2022,1,reversal
2022-05-27,0.0050959083490544005,2022,1,reversal
2022-05-31,0.01253897537151184,2022,1,reversal
2022-06-01,-0.01621156569132256,2022,1,reversal
2022-06-02,0.016029731102562617,2022,1,reversal
2022-06-03,0.002428111232168728,2022,1,reversal
2022-06-06,0.0009211353473770551,2022,1,reversal
2022-06-07,-0.014518690254770093,2022,1,reversal
2022-06-08,0.009699565097763263,2022,1,reversal
2022-06-09,0.014477981787533758,2022,1,reversal
2022-06-10,-0.002098106983435332,2022,1,reversal
2022-06-13,0.011774748705589122,2022,1,reversal
2022-06-14,-0.0067242386793058715,2022,1,reversal
2022-06-15,-0.007463012319083449,2022,1,reversal
2022-06-16,0.0025070465731045766,2022,1,reversal
2022-06-17,0.01772898363576403,2022,1,reversal
2022-06-21,0.004637284098288851,2022,1,reversal
2022-06-22,-0.035034018109000795,2022,1,reversal
2022-06-23,0.013155591435764235,2022,1,reversal
2022-06-24,0.004532657880690905,2022,1,reversal
2022-06-27,-0.02581733074063207,2022,1,reversal
2022-06-28,0.01355046937974882,2022,1,reversal
2022-06-29,-0.003617208727105815,2022,1,reversal
2022-06-30,0.0024838683610657218,2022,1,reversal
2022-07-01,0.011531261407681116,2022,1,reversal
2022-07-05,-0.008189100591998354,2022,1,reversal
2022-07-06,0.005771865788187546,2022,1,reversal
2022-07-07,0.0026467283790077125,2022,1,reversal
2022-07-08,-0.013220007742482442,2022,1,reversal
2022-07-11,0.009824800177695325,2022,1,reversal
2022-07-12,-0.0023695921277310126,2022,1,reversal
2022-07-13,-0.021629398346888408,2022,1,reversal
2022-07-14,0.029487054574877925,2022,1,reversal
2022-07-15,-0.006973825558469582,2022,1,reversal
2022-07-18,-0.029080933796939122,2022,1,reversal
2022-07-19,-0.008581719153417678,2022,1,reversal
2022-07-20,-0.011391271471585874,2022,1,reversal
2022-07-21,-0.00620802673633788,2022,1,reversal
2022-07-22,-0.005391726074760361,2022,1,reversal
2022-07-25,-0.016566682308363067,2022,1,reversal
2022-07-26,0.02644916600453049,2022,1,reversal
2022-07-27,0.0027011478066441778,2022,1,reversal
2022-07-28,-0.010014215004237015,2022,1,reversal
2022-07-29,0.008628668193631228,2022,1,reversal
2022-08-01,-0.004789127450316644,2022,1,reversal
2022-08-02,-0.008220056960561275,2022,1,reversal
2022-08-03,-0.008229100893160191,2022,1,reversal
2022-08-04,0.006365421973503316,2022,1,reversal
2022-08-05,-0.0027473488044075347,2022,1,reversal
2022-08-08,-0.0023068136123799094,2022,1,reversal
2022-08-09,0.016071527401872995,2022,1,reversal
2022-08-10,0.001020905965238128,2022,1,reversal
2022-08-11,-0.00030424300312672375,2022,1,reversal
2022-08-12,0.001793857698099443,2022,1,reversal
2022-08-15,-0.000761558242052873,2022,1,reversal
2022-08-16,-0.006195813661165927,2022,1,reversal
2022-08-17,0.0019276902719389984,2022,1,reversal
2022-08-18,0.008834655818869908,2022,1,reversal
2022-08-19,-0.011747425540042999,2022,1,reversal
2022-08-22,-0.002195957793549552,2022,1,reversal
2022-08-23,-0.0034808953153962043,2022,1,reversal
2022-08-24,-0.001722571006110462,2022,1,reversal
2022-08-25,0.003558335667642687,2022,1,reversal
2022-08-26,-0.00239611332617824,2022,1,reversal
2022-08-29,0.001074112501452328,2022,1,reversal
2022-08-30,-0.0002277577319731664,2022,1,reversal
2022-08-31,-0.006136550452859425,2022,1,reversal
2022-09-01,0.006279970757225596,2022,1,reversal
2022-09-02,0.010268677722549746,2022,1,reversal
2022-09-06,0.0026690648399749547,2022,1,reversal
2022-09-07,0.00950599959682683,2022,1,reversal
2022-09-08,0.005756807943462696,2022,1,reversal
2022-09-09,-0.0013226788987535047,2022,1,reversal
2022-09-12,-0.02141173906253148,2022,1,reversal
2022-09-13,0.005918858809056182,2022,1,reversal
2022-09-14,0.00038731558945759303,2022,1,reversal
2022-09-15,-0.0046493615481898,2022,1,reversal
2022-09-16,0.0007654785040435482,2022,1,reversal
2022-09-19,-0.0014230209112588207,2022,1,reversal
2022-09-20,-0.0011711690255928435,2022,1,reversal
2022-09-21,0.007577533026997086,2022,1,reversal
2022-09-22,-0.014408834087361976,2022,1,reversal
2022-09-23,-0.0013020700534936303,2022,1,reversal
2022-09-26,-0.007833205493699069,2022,1,reversal
2022-09-27,-0.010198598120209911,2022,1,reversal
2022-09-28,-0.009100040249315454,2022,1,reversal
2022-09-29,-0.00748728551739063,2022,1,reversal
2022-09-30,-0.004621716495657402,2022,1,reversal
2022-10-03,0.0029972570023933075,2022,1,reversal
2022-10-04,-0.004424936038015481,2022,1,reversal
2022-10-05,-0.010523098878995496,2022,1,reversal
2022-10-06,0.00800380548632985,2022,1,reversal
2022-10-07,-0.008504321062350518,2022,1,reversal
2022-10-10,-0.015874590479931082,2022,1,reversal
2022-10-11,0.010162902227267491,2022,1,reversal
2022-10-12,-0.012020858480291653,2022,1,reversal
2022-10-13,-0.02356875141395952,2022,1,reversal
2022-10-14,-0.007471853279745467,2022,1,reversal
2022-10-17,-6.75815093492127e-05,2022,1,reversal
2022-10-18,0.02084367064009103,2022,1,reversal
2022-10-19,-0.011125455466494625,2022,1,reversal
2022-10-20,-0.0019864307284201306,2022,1,reversal
2022-10-21,0.0008511572307672195,2022,1,reversal
2022-10-24,0.019581741919447605,2022,1,reversal
2022-10-25,0.010363363929486093,2022,1,reversal
2022-10-26,-0.044540032563925726,2022,1,reversal
2022-10-27,-0.004746900490728869,2022,1,reversal
2022-10-28,0.0012283914431362453,2022,1,reversal
2022-10-31,0.0013446647583294832,2022,1,reversal
2022-11-01,-0.008831191771974799,2022,1,reversal
2022-11-02,-0.031032838759332194,2022,1,reversal
2022-11-03,-0.004056365447745982,2022,1,reversal
2022-11-04,-0.0022077023638859238,2022,1,reversal
2022-11-07,-0.007889856312559484,2022,1,reversal
2022-11-08,0.00318609044055913,2022,1,reversal
2022-11-09,0.030720896780085757,2022,1,reversal
2022-11-10,-0.03726118744143199,2022,1,reversal
2022-11-11,0.008923429382859583,2022,1,reversal
2022-11-14,0.004856472928604772,2022,1,reversal
2022-11-15,0.015732058465598144,2022,1,reversal
2022-11-16,0.003411404930322648,2022,1,reversal
2022-11-17,-0.0066154429068614904,2022,1,reversal
2022-11-18,-0.013887386705099291,2022,1,reversal
2022-11-21,0.009613433596202483,2022,1,reversal
2022-11-22,-0.005660817882687796,2022,1,reversal
2022-11-23,0.0031968417496730074,2022,1,reversal
2022-11-25,-0.00556604719842908,2022,1,reversal
2022-11-28,0.008691037270348178,2022,1,reversal
2022-11-29,0.013947568378212847,2022,1,reversal
2022-11-30,-0.006466836132710441,2022,1,reversal
2022-12-01,-0.006260109220409361,2022,1,reversal
2022-12-02,-0.013257208757944417,2022,1,reversal
2022-12-05,0.0036929285154631217,2022,1,reversal
2022-12-06,0.0002854641698112558,2022,1,reversal
2022-12-07,0.00017298777804114485,2022,1,reversal
2022-12-08,-0.0005788766084851241,2022,1,reversal
2022-12-09,0.002790405204956081,2022,1,reversal
2022-12-12,0.010427101398768623,2022,1,reversal
2022-12-13,0.005516957154511182,2022,1,reversal
2022-12-14,-0.007705942603154412,2022,1,reversal
2022-12-15,0.001063630895537404,2022,1,reversal
2022-12-16,0.007685458477990747,2022,1,reversal
2022-12-19,0.0010544796650650895,2022,1,reversal
2022-12-20,-0.0006491483822371087,2022,1,reversal
2022-12-21,-0.006466097463314679,2022,1,reversal
2022-12-22,0.0055784424451103985,2022,1,reversal
2022-12-23,-0.016157395643082852,2022,1,reversal
2022-12-27,-0.0020180180994235023,2022,1,reversal
2022-12-28,-0.012091796839994307,2022,1,reversal
2022-12-29,0.00027720834706354016,2022,1,reversal
2022-12-30,0.013804986477754144,2022,1,reversal
2023-01-03,-0.005248534758420865,2023,60,momentum
2023-01-04,0.014011007169729982,2023,60,momentum
2023-01-05,-0.006662245731881698,2023,60,momentum
2023-01-06,-0.014426141153195161,2023,60,momentum
2023-01-09,-0.0017022009370473053,2023,60,momentum
2023-01-10,-0.010636771710779435,2023,60,momentum
2023-01-11,-0.003904885515338786,2023,60,momentum
2023-01-12,-0.0025494092947155322,2023,60,momentum
2023-01-13,-0.003567642182778519,2023,60,momentum
2023-01-17,-0.0003669096440296008,2023,60,momentum
2023-01-18,-0.008824889791911017,2023,60,momentum
2023-01-19,-0.011426264219086322,2023,60,momentum
2023-01-20,0.00112133899003246,2023,60,momentum
2023-01-23,0.003986910888585704,2023,60,momentum
2023-01-24,-0.0011643023557585176,2023,60,momentum
2023-01-25,-0.0002464011172247701,2023,60,momentum
2023-01-26,0.0037051381568762756,2023,60,momentum
2023-01-27,-0.011791710295405334,2023,60,momentum
2023-01-30,-0.0052879829217496125,2023,60,momentum
2023-01-31,0.024153929303673084,2023,60,momentum
2023-02-01,0.038446187490546534,2023,60,momentum
2023-02-02,-0.01934091227374629,2023,60,momentum
2023-02-03,-0.006932585684651915,2023,60,momentum
2023-02-06,0.009224190044758095,2023,60,momentum
2023-02-07,-0.004225806157645019,2023,60,momentum
2023-02-08,-0.0033377973342057395,2023,60,momentum
2023-02-09,-0.018065202279221017,2023,60,momentum
2023-02-10,0.007723747009934891,2023,60,momentum
2023-02-13,0.011045710605308734,2023,60,momentum
2023-02-14,0.00042896037356314747,2023,60,momentum
2023-02-15,-0.004110832013654775,2023,60,momentum
2023-02-16,-0.018896548324557817,2023,60,momentum
2023-02-17,-0.0032398645261382565,2023,60,momentum
2023-02-21,0.004559276502685938,2023,60,momentum
2023-02-22,0.014072528482818912,2023,60,momentum
2023-02-23,0.002633836049830973,2023,60,momentum
2023-02-24,0.006170258809270368,2023,60,momentum
2023-02-27,0.006495681951104715,2023,60,momentum
2023-02-28,-0.007529393628661396,2023,60,momentum
2023-03-01,0.009778711454515487,2023,60,momentum
2023-03-02,0.01725124421605446,2023,60,momentum
2023-03-03,-0.005483390172370139,2023,60,momentum
2023-03-06,0.0013864433028111002,2023,60,momentum
2023-03-07,0.004330559937567746,2023,60,momentum
2023-03-08,-0.005069187792035213,2023,60,momentum
2023-03-09,-0.012847151530367895,2023,60,momentum
2023-03-10,-0.0183756356948893,2023,60,momentum
2023-03-13,0.01864709254786637,2023,60,momentum
2023-03-14,0.00136106711669981,2023,60,momentum
2023-03-15,0.03071697722205421,2023,60,momentum
2023-03-16,0.004690946678482133,2023,60,momentum
2023-03-17,-0.013781282602766898,2023,60,momentum
2023-03-20,0.002158561540841696,2023,60,momentum
2023-03-21,0.007665053293091539,2023,60,momentum
2023-03-22,0.010652516700268054,2023,60,momentum
2023-03-23,-0.009105237175937662,2023,60,momentum
2023-03-24,-0.01983198522471713,2023,60,momentum
2023-03-27,-0.002734366277166878,2023,60,momentum
2023-03-28,0.00790131282925802,2023,60,momentum
2023-03-29,0.0037031278418885984,2023,60,momentum
2023-03-30,-0.0034278118482323986,2023,60,momentum
2023-03-31,-0.007078217124847086,2023,60,momentum
2023-04-03,0.00295208608007419,2023,60,momentum
2023-04-04,-0.011137251843997498,2023,60,momentum
2023-04-05,0.0072157539489068005,2023,60,momentum
2023-04-06,-0.009721905978372724,2023,60,momentum
2023-04-10,-0.020095458331693815,2023,60,momentum
2023-04-11,-0.0014347820345135044,2023,60,momentum
2023-04-12,0.007079315555081523,2023,60,momentum
2023-04-13,-0.013421014738516479,2023,60,momentum
2023-04-14,-0.013905961413280566,2023,60,momentum
2023-04-17,0.002984259606322437,2023,60,momentum
2023-04-18,-0.009300984793024169,2023,60,momentum
2023-04-19,0.0017532597161601157,2023,60,momentum
2023-04-20,0.004594219562242363,2023,60,momentum
2023-04-21,-3.0311877431377e-05,2023,60,momentum
2023-04-24,0.010573494895742176,2023,60,momentum
2023-04-25,0.006015619081926881,2023,60,momentum
2023-04-26,-0.0012805169591305517,2023,60,momentum
2023-04-27,-0.007316361860604581,2023,60,momentum
2023-04-28,0.02116417816093332,2023,60,momentum
2023-05-01,0.013950803521966825,2023,60,momentum
2023-05-02,0.016067422197948357,2023,60,momentum
2023-05-03,0.019555869605478803,2023,60,momentum
2023-05-04,-0.00727217186365996,2023,60,momentum
2023-05-05,0.004327685083310051,2023,60,momentum
2023-05-08,0.0003464605273579167,2023,60,momentum
2023-05-09,0.00963659561253274,2023,60,momentum
2023-05-10,0.0035383347765328473,2023,60,momentum
2023-05-11,-0.0020245793784748113,2023,60,momentum
2023-05-12,-0.013524418022837503,2023,60,momentum
2023-05-15,0.01511673161085474,2023,60,momentum
2023-05-16,-0.01919129251973034,2023,60,momentum
2023-05-17,0.006455689217927741,2023,60,momentum
2023-05-18,0.0027118847564223444,2023,60,momentum
2023-05-19,-0.008426758124004573,2023,60,momentum
2023-05-22,-0.018577990535072676,2023,60,momentum
2023-05-23,0.012745817200435073,2023,60,momentum
2023-05-24,0.02994418020622136,2023,60,momentum
2023-05-25,0.014218006411715845,2023,60,momentum
2023-05-26,-0.003086246033597584,2023,60,momentum
2023-05-30,-0.0008020520693224897,2023,60,momentum
2023-05-31,0.0009802783775479272,2023,60,momentum
2023-06-01,-0.02854607993415438,2023,60,momentum
2023-06-02,0.006755861945168396,2023,60,momentum
2023-06-05,-0.017757836528933778,2023,60,momentum
2023-06-06,-0.03445869408460073,2023,60,momentum
2023-06-07,0.009293658527055394,2023,60,momentum
2023-06-08,0.0033950329092139572,2023,60,momentum
2023-06-09,0.008264365913473303,2023,60,momentum
2023-06-12,-0.004364590367967502,2023,60,momentum
2023-06-13,0.015311619477215311,2023,60,momentum
2023-06-14,0.003105124523343838,2023,60,momentum
2023-06-15,-0.01073756953088667,2023,60,momentum
2023-06-16,0.00613818538681129,2023,60,momentum
2023-06-20,0.002222207070198568,2023,60,momentum
2023-06-21,0.009742685089151316,2023,60,momentum
2023-06-22,0.006195886915116955,2023,60,momentum
2023-06-23,-0.022261155041692127,2023,60,momentum
2023-06-26,0.006596107518415406,2023,60,momentum
2023-06-27,-0.005119227960428985,2023,60,momentum
2023-06-28,-0.008779581572304906,2023,60,momentum
2023-06-29,0.010701007415307794,2023,60,momentum
2023-06-30,-0.009434467294841532,2023,60,momentum
2023-07-03,0.002692441021326808,2023,60,momentum
2023-07-05,0.010361768778482671,2023,60,momentum
2023-07-06,-0.001977264519022781,2023,60,momentum
2023-07-07,-0.005358335246270062,2023,60,momentum
2023-07-10,-0.008551232056114744,2023,60,momentum
2023-07-11,0.009595236405862729,2023,60,momentum
2023-07-12,0.013331937784713177,2023,60,momentum
2023-07-13,0.012763671654647169,2023,60,momentum
2023-07-14,0.006813983692313475,2023,60,momentum
2023-07-17,-0.0007327281849527235,2023,60,momentum
2023-07-18,-0.00976622990907211,2023,60,momentum
2023-07-19,-0.04725615671511554,2023,60,momentum
2023-07-20,-0.019222245566643446,2023,60,momentum
2023-07-21,-0.008148198195020828,2023,60,momentum
2023-07-24,0.02343595425787125,2023,60,momentum
2023-07-25,-0.01149162479137187,2023,60,momentum
2023-07-26,-0.0002375807948266865,2023,60,momentum
2023-07-27,0.010387220925205776,2023,60,momentum
2023-07-28,-0.0014713238192996855,2023,60,momentum
2023-07-31,0.014610635549776606,2023,60,momentum
2023-08-01,-0.019676785930918782,2023,60,momentum
2023-08-02,-0.005038072290649609,2023,60,momentum
2023-08-03,0.007958353479317781,2023,60,momentum
2023-08-04,0.008029352338203288,2023,60,momentum
2023-08-07,-0.006253247103296877,2023,60,momentum
2023-08-08,-0.015636606593060466,2023,60,momentum
2023-08-09,0.002179343793985722,2023,60,momentum
2023-08-10,-0.012391683202139958,2023,60,momentum
2023-08-11,0.011036100157798245,2023,60,momentum
2023-08-14,0.0077467968248438384,2023,60,momentum
2023-08-15,-0.0015129862863283213,2023,60,momentum
2023-08-16,-0.005453997982091263,2023,60,momentum
2023-08-17,-0.001405687642515052,2023,60,momentum
2023-08-18,0.016220131958735062,2023,60,momentum
2023-08-21,0.005511058293239823,2023,60,momentum
2023-08-22,0.0011482604686571581,2023,60,momentum
2023-08-23,-0.001418884594561555,2023,60,momentum
2023-08-24,0.0024934053371914794,2023,60,momentum
2023-08-25,-0.001690529585659361,2023,60,momentum
2023-08-28,-0.0003841246261389042,2023,60,momentum
2023-08-29,0.003894154343267775,2023,60,momentum
2023-08-30,0.00730534843788575,2023,60,momentum
2023-08-31,-0.003302490541608195,2023,60,momentum
2023-09-01,-0.002002031903508161,2023,60,momentum
2023-09-05,0.006487933347459451,2023,60,momentum
2023-09-06,0.01796436065840388,2023,60,momentum
2023-09-07,0.003242997332887454,2023,60,momentum
2023-09-08,0.006823100541421733,2023,60,momentum
2023-09-11,-0.012306813566219887,2023,60,momentum
2023-09-12,-0.006340267483390849,2023,60,momentum
2023-09-13,-0.004141408236518173,2023,60,momentum
2023-09-14,-0.0022140035949291485,2023,60,momentum
2023-09-15,0.004660705764714113,2023,60,momentum
2023-09-18,-0.001609777952879865,2023,60,momentum
2023-09-19,0.0017902899748567956,2023,60,momentum
2023-09-20,-0.004313674998290207,2023,60,momentum
2023-09-21,0.0011614108407315138,2023,60,momentum
2023-09-22,0.0032900368169623165,2023,60,momentum
2023-09-25,0.005109589591304231,2023,60,momentum
2023-09-26,0.008212049819686783,2023,60,momentum
2023-09-27,-0.001448774026900035,2023,60,momentum
2023-09-28,-0.005443342233919623,2023,60,momentum
2023-09-29,0.01099023191837497,2023,60,momentum
2023-10-02,-0.0006831121959367976,2023,60,momentum
2023-10-03,0.0020180257489201383,2023,60,momentum
2023-10-04,0.008866214413599905,2023,60,momentum
2023-10-05,-0.0005399774030167889,2023,60,momentum
2023-10-06,0.0008779485321941507,2023,60,momentum
2023-10-09,-0.0053306812241182494,2023,60,momentum
2023-10-10,0.014984944755905526,2023,60,momentum
2023-10-11,0.01311025383313158,2023,60,momentum
2023-10-12,-0.00799124957255708,2023,60,momentum
2023-10-13,-0.003681445477543689,2023,60,momentum
2023-10-16,-0.010434933554186464,2023,60,momentum
2023-10-17,0.0004074387915130283,2023,60,momentum
2023-10-18,-0.0061856350908063625,2023,60,momentum
2023-10-19,-0.007896737544208287,2023,60,momentum
2023-10-20,0.011124079361483075,2023,60,momentum
2023-10-23,0.005389923950058239,2023,60,momentum
2023-10-24,-0.013532660670170404,2023,60,momentum
2023-10-25,-0.03561544300815743,2023,60,momentum
2023-10-26,0.022093372060348202,2023,60,momentum
2023-10-27,-0.0001572931144768995,2023,60,momentum
2023-10-30,-0.01900570577637293,2023,60,momentum
2023-10-31,0.009219365743456054,2023,60,momentum
2023-11-01,-0.015231517148598727,2023,60,momentum
2023-11-02,-0.0038487586770420195,2023,60,momentum
2023-11-03,0.010382464560702154,2023,60,momentum
2023-11-06,0.01248245825954455,2023,60,momentum
2023-11-07,0.005516029775707998,2023,60,momentum
2023-11-08,0.008870512986195034,2023,60,momentum
2023-11-09,0.013576925608357993,2023,60,momentum
2023-11-10,-0.0036139321069809773,2023,60,momentum
2023-11-13,-0.008507112148784787,2023,60,momentum
2023-11-14,-0.005448504007103461,2023,60,momentum
2023-11-15,-0.0037370974006032294,2023,60,momentum
2023-11-16,-0.0008149406436556263,2023,60,momentum
2023-11-17,0.005226014105211674,2023,60,momentum
2023-11-20,-0.003986463973144417,2023,60,momentum
2023-11-21,-0.0010177320576926878,2023,60,momentum
2023-11-22,-0.002826462296241994,2023,60,momentum
2023-11-24,-0.00029376787462874736,2023,60,momentum
2023-11-27,0.0009149666384643429,2023,60,momentum
2023-11-28,-0.0064293025072789,2023,60,momentum
2023-11-29,-0.0027081601827680605,2023,60,momentum
2023-11-30,-0.004993674968174866,2023,60,momentum
2023-12-01,0.001887645351976719,2023,60,momentum
2023-12-04,0.0040844569252969755,2023,60,momentum
2023-12-05,0.00047005009803294815,2023,60,momentum
2023-12-06,-0.00236622146575507,2023,60,momentum
2023-12-07,0.0007187253656418032,2023,60,momentum
2023-12-08,-0.002896140726188279,2023,60,momentum
2023-12-11,0.006556089304160373,2023,60,momentum
2023-12-12,-0.0032985029420235287,2023,60,momentum
2023-12-13,-0.01474520508679399,2023,60,momentum
2023-12-14,0.0031617794629684387,2023,60,momentum
2023-12-15,-0.00565520274793545,2023,60,momentum
2023-12-18,0.005779536211767754,2023,60,momentum
2023-12-19,-0.005434960779445263,2023,60,momentum
2023-12-20,0.0034389780183009862,2023,60,momentum
2023-12-21,-0.002498134484700587,2023,60,momentum
2023-12-22,0.002889561255137352,2023,60,momentum
2023-12-26,0.0024388081033143607,2023,60,momentum
2023-12-27,0.004070394257296906,2023,60,momentum
2023-12-28,-0.0019296649888531415,2023,60,momentum
2023-12-29,-0.0071881133509013595,2023,60,momentum
2024-01-02,0.018641588691898137,2024,10,momentum
2024-01-03,0.006998507193029824,2024,10,momentum
2024-01-04,0.0001532163034517419,2024,10,momentum
2024-01-05,-0.01885762376438012,2024,10,momentum
2024-01-08,-0.004911705498514097,2024,10,momentum
2024-01-09,0.0029551438065452793,2024,10,momentum
2024-01-10,-0.0031319461195703615,2024,10,momentum
2024-01-11,-0.0022179485786940956,2024,10,momentum
2024-01-12,0.007165809008760504,2024,10,momentum
2024-01-16,0.006817875434178044,2024,10,momentum
2024-01-17,0.006392252452822345,2024,10,momentum
2024-01-18,0.012315145860744114,2024,10,momentum
2024-01-19,-0.009319030047708999,2024,10,momentum
2024-01-22,0.0006697929087965517,2024,10,momentum
2024-01-23,0.006199360923950748,2024,10,momentum
2024-01-24,-0.004079739393681803,2024,10,momentum
2024-01-25,-0.014012822320481788,2024,10,momentum
2024-01-26,0.004501604994629827,2024,10,momentum
2024-01-29,-0.009936096735791312,2024,10,momentum
2024-01-30,-0.005784939264051936,2024,10,momentum
2024-01-31,0.0009494176636917658,2024,10,momentum
2024-02-01,0.0053616761534086115,2024,10,momentum
2024-02-02,0.010961482871406147,2024,10,momentum
2024-02-05,-0.004642962378607829,2024,10,momentum
2024-02-06,0.00404037823231268,2024,10,momentum
2024-02-07,-0.00377179623480437,2024,10,momentum
2024-02-08,-0.004482729987862289,2024,10,momentum
2024-02-09,-0.005821756563354041,2024,10,momentum
2024-02-12,0.011059291496450518,2024,10,momentum
2024-02-13,0.005760184568487991,2024,10,momentum
2024-02-14,-0.0061449419285422024,2024,10,momentum
2024-02-15,0.012702645235335708,2024,10,momentum
2024-02-16,-0.007530669584530413,2024,10,momentum
2024-02-20,0.0013711442115396655,2024,10,momentum
2024-02-21,-0.0037355256991433716,2024,10,momentum
2024-02-22,-0.00502770359852588,2024,10,momentum
2024-02-23,0.002754232141972202,2024,10,momentum
2024-02-26,0.006665301429633519,2024,10,momentum
2024-02-27,0.0032165093224306275,2024,10,momentum
2024-02-28,-0.00177965362546304,2024,10,momentum
2024-02-29,0.0014625700598485444,2024,10,momentum
2024-03-01,0.009203371675748384,2024,10,momentum
2024-03-04,-0.005426552944290752,2024,10,momentum
2024-03-05,0.015018201710225897,2024,10,momentum
2024-03-06,0.010430944555256982,2024,10,momentum
2024-03-07,-0.021485670190950677,2024,10,momentum
2024-03-08,-0.01831216666691955,2024,10,momentum
2024-03-11,-0.007682176469244306,2024,10,momentum
2024-03-12,-0.005948518751332044,2024,10,momentum
2024-03-13,-0.00858073592288724,2024,10,momentum
2024-03-14,0.007591500268449004,2024,10,momentum
2024-03-15,0.0063979084730337536,2024,10,momentum
2024-03-18,-0.0015493602017138015,2024,10,momentum
2024-03-19,-0.00329943063239142,2024,10,momentum
2024-03-20,0.0036958401868152357,2024,10,momentum
2024-03-21,-0.0033292804908143132,2024,10,momentum
2024-03-22,0.0028509895010008775,2024,10,momentum
2024-03-25,0.0007163126989341962,2024,10,momentum
2024-03-26,0.005340493576900118,2024,10,momentum
2024-03-27,0.00292280501372878,2024,10,momentum
2024-03-28,-0.0038594587089647355,2024,10,momentum
2024-04-01,0.0013445829554310507,2024,10,momentum
2024-04-02,-0.002900880510776571,2024,10,momentum
2024-04-03,-0.0016157466543632263,2024,10,momentum
2024-04-04,0.014635768855524945,2024,10,momentum
2024-04-05,-0.007853711332361712,2024,10,momentum
2024-04-08,-0.004630235807987559,2024,10,momentum
2024-04-09,0.004938080550835411,2024,10,momentum
2024-04-10,0.008774316636469515,2024,10,momentum
2024-04-11,-0.004190273712335112,2024,10,momentum
2024-04-12,-0.0132960121525879,2024,10,momentum
2024-04-15,0.001559285909634378,2024,10,momentum
2024-04-16,-0.018347838142032457,2024,10,momentum
2024-04-17,-0.0004158310794932118,2024,10,momentum
2024-04-18,-0.024984325924159403,2024,10,momentum
2024-04-19,-0.0020985036248292836,2024,10,momentum
2024-04-22,-0.011981107194549768,2024,10,momentum
2024-04-23,0.0022047858530172323,2024,10,momentum
2024-04-24,-0.0025622282798110074,2024,10,momentum
2024-04-25,-0.01197551329669274,2024,10,momentum
2024-04-26,-0.0076272168315180576,2024,10,momentum
2024-04-29,0.001993245076540827,2024,10,momentum
2024-04-30,-0.007561171237108389,2024,10,momentum
2024-05-01,-0.005740715267407148,2024,10,momentum
2024-05-02,0.003218933648695889,2024,10,momentum
2024-05-03,-0.008657263952635708,2024,10,momentum
2024-05-06,-0.0015261892446835068,2024,10,momentum
2024-05-07,0.00013486910331547133,2024,10,momentum
2024-05-08,0.00787858706006762,2024,10,momentum
2024-05-09,-0.005629875683061003,2024,10,momentum
2024-05-10,-0.0023476462572449065,2024,10,momentum
2024-05-13,-0.004605086034718542,2024,10,momentum
2024-05-14,-0.014274652105680708,2024,10,momentum
2024-05-15,-0.001047107447054751,2024,10,momentum
2024-05-16,0.005248765674363753,2024,10,momentum
2024-05-17,-0.011027837153246466,2024,10,momentum
2024-05-20,0.007651489720843785,2024,10,momentum
2024-05-21,-0.00530707904290596,2024,10,momentum
2024-05-22,-0.006967136979081135,2024,10,momentum
2024-05-23,0.010703863488187037,2024,10,momentum
2024-05-24,0.015447538737186807,2024,10,momentum
2024-05-28,-0.00207981526129598,2024,10,momentum
2024-05-29,-0.011478998805551966,2024,10,momentum
2024-05-30,-0.020153362698341504,2024,10,momentum
2024-05-31,0.0033787891089894443,2024,10,momentum
2024-06-03,-0.0032752895211038634,2024,10,momentum
2024-06-04,0.005503269378267693,2024,10,momentum
2024-06-05,-0.005847681946815475,2024,10,momentum
2024-06-06,-0.0013847147899373469,2024,10,momentum
2024-06-07,0.006024893170515244,2024,10,momentum
2024-06-10,0.010642229130447689,2024,10,momentum
2024-06-11,-0.01166939081163092,2024,10,momentum
2024-06-12,0.010081830884654452,2024,10,momentum
2024-06-13,0.006961468521387637,2024,10,momentum
2024-06-14,0.001644233243652581,2024,10,momentum
2024-06-17,-0.0007045580899207597,2024,10,momentum
2024-06-18,-0.02327959570624476,2024,10,momentum
2024-06-20,-0.007452237677551109,2024,10,momentum
2024-06-21,-0.016482961010307606,2024,10,momentum
2024-06-24,-0.006488711843157679,2024,10,momentum
2024-06-25,-0.0005006110538155364,2024,10,momentum
2024-06-26,0.006709625937417041,2024,10,momentum
2024-06-27,-0.010545623904849179,2024,10,momentum
2024-06-28,0.0030262157856731256,2024,10,momentum
2024-07-01,0.0012524620018708136,2024,10,momentum
2024-07-02,-0.011565538210866167,2024,10,momentum
2024-07-03,-0.003715686410293118,2024,10,momentum
2024-07-05,-0.008765478108298828,2024,10,momentum
2024-07-08,0.010539973796358336,2024,10,momentum
2024-07-09,-0.0021877211717803886,2024,10,momentum
2024-07-10,-0.008115168985449561,2024,10,momentum
2024-07-11,-0.0009332121870200827,2024,10,momentum
2024-07-12,0.008280787933178513,2024,10,momentum
2024-07-15,0.012381091146408497,2024,10,momentum
2024-07-16,0.048367032453340175,2024,10,momentum
2024-07-17,-0.009948854486754232,2024,10,momentum
2024-07-18,-0.006470031391842889,2024,10,momentum
2024-07-19,-0.01615272293722111,2024,10,momentum
2024-07-22,-0.004864708337497581,2024,10,momentum
2024-07-23,0.025849041317380042,2024,10,momentum
2024-07-24,0.032693967280892446,2024,10,momentum
2024-07-25,0.0038477787568446664,2024,10,momentum
2024-07-26,-0.004067761436968597,2024,10,momentum
2024-07-29,0.02430586772207871,2024,10,momentum
2024-07-30,-0.03928164538709222,2024,10,momentum
2024-07-31,-0.00719831007951699,2024,10,momentum
2024-08-01,0.0029835481518861832,2024,10,momentum
2024-08-02,0.00113940352655173,2024,10,momentum
2024-08-05,0.005891017167927803,2024,10,momentum
2024-08-06,-0.008096655296097488,2024,10,momentum
2024-08-07,-0.004533281234141519,2024,10,momentum
2024-08-08,0.005999543940116769,2024,10,momentum
2024-08-09,0.003536491158615118,2024,10,momentum
2024-08-12,0.012749303971962257,2024,10,momentum
2024-08-13,-0.0013372636636089343,2024,10,momentum
2024-08-14,-0.0011578041032469268,2024,10,momentum
2024-08-15,-0.004285121386285829,2024,10,momentum
2024-08-16,0.0022909806791615583,2024,10,momentum
2024-08-19,0.0009324574871061864,2024,10,momentum
2024-08-20,-0.003007017263673428,2024,10,momentum
2024-08-21,0.004659137264716051,2024,10,momentum
2024-08-22,-0.012724781348733071,2024,10,momentum
2024-08-23,0.0031436210719012923,2024,10,momentum
2024-08-26,-0.0005090453166413989,2024,10,momentum
2024-08-27,0.006620149508224371,2024,10,momentum
2024-08-28,0.00448301545918246,2024,10,momentum
2024-08-29,-0.006671667119063297,2024,10,momentum
2024-08-30,0.029834505766863705,2024,10,momentum
2024-09-03,-8.088152857930152e-05,2024,10,momentum
2024-09-04,-0.011341648222250067,2024,10,momentum
2024-09-05,0.01816282975960737,2024,10,momentum
2024-09-06,-0.009233526655278813,2024,10,momentum
2024-09-09,0.010417570479398728,2024,10,momentum
2024-09-10,-0.010609678587537997,2024,10,momentum
2024-09-11,-0.0014920668294940657,2024,10,momentum
2024-09-12,-0.01600209111031663,2024,10,momentum
2024-09-13,-0.00021452100542781495,2024,10,momentum
2024-09-16,-0.013138891547612174,2024,10,momentum
2024-09-17,-0.008253365882849995,2024,10,momentum
2024-09-18,0.0018021754537935301,2024,10,momentum
2024-09-19,0.0037848477637378534,2024,10,momentum
2024-09-20,-0.00020412860061757015,2024,10,momentum
2024-09-23,0.004697556709613148,2024,10,momentum
2024-09-24,0.0016414419559884546,2024,10,momentum
2024-09-25,-0.009419227818969478,2024,10,momentum
2024-09-26,0.003925909561889207,2024,10,momentum
2024-09-27,0.0011265962115751815,2024,10,momentum
2024-09-30,-0.003089491500009556,2024,10,momentum
2024-10-01,0.00500923888951651,2024,10,momentum
2024-10-02,0.006243065205783371,2024,10,momentum
2024-10-03,0.005276491452074417,2024,10,momentum
2024-10-04,0.005642359253788699,2024,10,momentum
2024-10-07,-0.0038959707640065953,2024,10,momentum
2024-10-08,-0.005172856191118546,2024,10,momentum
2024-10-09,-0.001953597016198472,2024,10,momentum
2024-10-10,-0.0012272114054067583,2024,10,momentum
2024-10-11,-0.009671091387832696,2024,10,momentum
2024-10-14,-0.005956632755276203,2024,10,momentum
2024-10-15,0.014623874595345499,2024,10,momentum
2024-10-16,0.0055439074715732395,2024,10,momentum
2024-10-17,-0.007567830499423367,2024,10,momentum
2024-10-18,-0.00907771955214336,2024,10,momentum
2024-10-21,-0.003390355654984667,2024,10,momentum
2024-10-22,-0.00034164442968424077,2024,10,momentum
2024-10-23,-0.00375244466067125,2024,10,momentum
2024-10-24,-0.012832154700123655,2024,10,momentum
2024-10-25,-0.005675476099312515,2024,10,momentum
2024-10-28,0.009967887965876877,2024,10,momentum
2024-10-29,-0.01226028080973498,2024,10,momentum
2024-10-30,-0.01762364218800735,2024,10,momentum
2024-10-31,0.007878574860074029,2024,10,momentum
2024-11-01,-0.0023414391795217094,2024,10,momentum
2024-11-04,0.00017025208292937872,2024,10,momentum
2024-11-05,0.04070114045288285,2024,10,momentum
2024-11-06,-0.015181367498796717,2024,10,momentum
2024-11-07,-0.0033244142015460554,2024,10,momentum
2024-11-08,0.00820771154302774,2024,10,momentum
2024-11-11,0.006191789353507948,2024,10,momentum
2024-11-12,0.004844753364054932,2024,10,momentum
2024-11-13,-0.006952805831149112,2024,10,momentum
2024-11-14,0.01466020647886097,2024,10,momentum
2024-11-15,0.0017321777006207187,2024,10,momentum
2024-11-18,-0.01049679829057414,2024,10,momentum
2024-11-19,-0.008707988806778422,2024,10,momentum
2024-11-20,-0.0009717626655383338,2024,10,momentum
2024-11-21,0.00742386049488638,2024,10,momentum
2024-11-22,-0.011225280740471666,2024,10,momentum
2024-11-25,0.006652012660618123,2024,10,momentum
2024-11-26,0.005789691841299638,2024,10,momentum
2024-11-27,-0.007232901411877246,2024,10,momentum
2024-11-29,-0.011683888566894063,2024,10,momentum
2024-12-02,0.0004664910572366398,2024,10,momentum
2024-12-03,-0.009972573795801498,2024,10,momentum
2024-12-04,0.0018105050085574614,2024,10,momentum
2024-12-05,0.001747576699533038,2024,10,momentum
2024-12-06,-0.005358841411571579,2024,10,momentum
2024-12-09,0.004801912166719657,2024,10,momentum
2024-12-10,0.0128812787493925,2024,10,momentum
2024-12-11,0.002496217385028354,2024,10,momentum
2024-12-12,0.020129035695326446,2024,10,momentum
2024-12-13,0.03598967140228314,2024,10,momentum
2024-12-16,-0.0043101279918952625,2024,10,momentum
2024-12-17,-0.012087361990228453,2024,10,momentum
2024-12-18,0.011347019714128747,2024,10,momentum
2024-12-19,-0.006508566383761106,2024,10,momentum
2024-12-20,-0.0022194726080024705,2024,10,momentum
2024-12-23,0.006277458641361755,2024,10,momentum
2024-12-24,0.0002983131025825925,2024,10,momentum
2024-12-26,-0.004831372027381387,2024,10,momentum
2024-12-27,-0.0013512375880652683,2024,10,momentum
2024-12-30,-0.007216929912914361,2024,10,momentum
2024-12-31,0.006999766886853798,2024,10,momentum
2025-01-02,0.012224401996574864,2025,10,momentum
2025-01-03,0.012109830551918332,2025,10,momentum
2025-01-06,0.0010153119313226489,2025,10,momentum
2025-01-07,-0.01157846473959705,2025,10,momentum
2025-01-08,0.004316498669151656,2025,10,momentum
2025-01-10,0.006043802104645035,2025,10,momentum
2025-01-13,0.007854443735910054,2025,10,momentum
2025-01-14,0.0025829902711598136,2025,10,momentum
2025-01-15,-0.006721456838180984,2025,10,momentum
2025-01-16,0.0025373555895028994,2025,10,momentum
2025-01-17,-0.0008840971930986659,2025,10,momentum
2025-01-21,-0.024100599820568946,2025,10,momentum
2025-01-22,0.00936490305921317,2025,10,momentum
2025-01-23,-0.00420541601498029,2025,10,momentum
2025-01-24,0.004331871017545419,2025,10,momentum
2025-01-27,-0.023028389797654113,2025,10,momentum
2025-01-28,-0.001977645053017285,2025,10,momentum
2025-01-29,0.0023492477308464706,2025,10,momentum
2025-01-30,0.008479842118336522,2025,10,momentum
2025-01-31,0.013522863877441949,2025,10,momentum
2025-02-03,-0.012124942049005683,2025,10,momentum
2025-02-04,-0.0009687684717955333,2025,10,momentum
2025-02-05,-0.012235420815901156,2025,10,momentum
2025-02-06,0.0032567044168765767,2025,10,momentum
2025-02-07,-0.011441504797873337,2025,10,momentum
2025-02-10,0.0010508618459471597,2025,10,momentum
2025-02-11,0.017445898931812844,2025,10,momentum
2025-02-12,0.0033615739016743754,2025,10,momentum
2025-02-13,0.0006944289000327176,2025,10,momentum
2025-02-14,-0.007271206719958234,2025,10,momentum
2025-02-18,-0.006067639292621197,2025,10,momentum
2025-02-19,0.0035120818225770623,2025,10,momentum
2025-02-20,0.025398674797850615,2025,10,momentum
2025-02-21,0.009535081994690253,2025,10,momentum
2025-02-24,-0.0035387617492492873,2025,10,momentum
2025-02-25,-0.023259407379765895,2025,10,momentum
2025-02-26,0.006786381677649045,2025,10,momentum
2025-02-27,0.0030804981856786696,2025,10,momentum
2025-02-28,0.02759816605601264,2025,10,momentum
2025-03-03,-0.016246234618243493,2025,10,momentum
2025-03-04,-0.007427682102289588,2025,10,momentum
2025-03-05,0.012414023109029558,2025,10,momentum
2025-03-06,-0.002230873966037883,2025,10,momentum
2025-03-07,0.03319461186800127,2025,10,momentum
2025-03-10,-0.015233561010354646,2025,10,momentum
2025-03-11,0.012745394512186857,2025,10,momentum
2025-03-12,-0.009067649353711495,2025,10,momentum
2025-03-13,0.00713274150006904,2025,10,momentum
2025-03-14,-0.0006061088420803006,2025,10,momentum
2025-03-17,-0.003924958590947858,2025,10,momentum
2025-03-18,0.002884926137632882,2025,10,momentum
2025-03-19,0.0066215231251822715,2025,10,momentum
2025-03-20,-0.005603526518245738,2025,10,momentum
2025-03-21,0.004825987628479755,2025,10,momentum
2025-03-24,0.015262024815460774,2025,10,momentum
2025-03-25,-0.009104988130330106,2025,10,momentum
2025-03-26,0.006455919717427482,2025,10,momentum
2025-03-27,-1.3219372245455024e-05,2025,10,momentum
2025-03-28,0.005231028001905924,2025,10,momentum
2025-03-31,-0.003698164557822925,2025,10,momentum
2025-04-01,-0.007740069564342301,2025,10,momentum
2025-04-02,0.009320795254887094,2025,10,momentum
2025-04-03,0.016810814013321247,2025,10,momentum
2025-04-04,-0.0005128791430849097,2025,10,momentum
2025-04-07,0.017797611166914352,2025,10,momentum
2025-04-08,0.025737315030918584,2025,10,momentum
2025-04-09,0.020226671604480863,2025,10,momentum
2025-04-10,-0.002655986230438289,2025,10,momentum
2025-04-11,-0.014477122743153704,2025,10,momentum
2025-04-14,0.007410005708072642,2025,10,momentum
2025-04-15,-0.00830071657637983,2025,10,momentum
2025-04-16,-0.044061140070767224,2025,10,momentum
2025-04-17,-0.006969567803748012,2025,10,momentum
2025-04-21,-0.011309041491270311,2025,10,momentum
2025-04-22,-0.018373637606691008,2025,10,momentum
2025-04-23,-0.014533712050930103,2025,10,momentum
2025-04-24,-0.0019502977543877863,2025,10,momentum
2025-04-25,0.005595866060493115,2025,10,momentum
2025-04-28,0.0007698319829699488,2025,10,momentum
2025-04-29,0.0011540507222570938,2025,10,momentum
2025-04-30,-0.006307714328403636,2025,10,momentum
2025-05-01,0.007453356281736691,2025,10,momentum
2025-05-02,0.00690918164326072,2025,10,momentum
2025-05-05,-0.00807871722414999,2025,10,momentum
2025-05-06,0.0033390250991565456,2025,10,momentum
2025-05-07,0.0026053811480534874,2025,10,momentum
2025-05-08,0.005619980542877678,2025,10,momentum
2025-05-09,-0.000689778199675882,2025,10,momentum
2025-05-12,0.03400805496371684,2025,10,momentum
2025-05-13,0.020984717966323254,2025,10,momentum
2025-05-14,-0.008770918290731932,2025,10,momentum
2025-05-15,-0.016562243165467172,2025,10,momentum
2025-05-16,-0.012448379547140209,2025,10,momentum
2025-05-19,-0.002782412754949337,2025,10,momentum
2025-05-20,9.68557824246874e-05,2025,10,momentum
2025-05-21,0.0036581803199609467,2025,10,momentum
2025-05-22,-0.0008158038554919372,2025,10,momentum
2025-05-23,0.009421070980194346,2025,10,momentum
2025-05-27,0.0014771469369243007,2025,10,momentum
2025-05-28,0.002116300022247386,2025,10,momentum
2025-05-29,0.011856622157435114,2025,10,momentum
2025-05-30,-0.00019606774064413464,2025,10,momentum
2025-06-02,-0.007617480083482998,2025,10,momentum
2025-06-03,0.006318416010012217,2025,10,momentum
2025-06-04,0.0019391688161357612,2025,10,momentum
2025-06-05,-0.0071277980952894615,2025,10,momentum
2025-06-06,0.0010098468140637418,2025,10,momentum
2025-06-09,0.004378876620428329,2025,10,momentum
2025-06-10,0.0018802324859802822,2025,10,momentum
2025-06-11,0.013100186694039383,2025,10,momentum
2025-06-12,0.017601886445243974,2025,10,momentum
2025-06-13,-0.0018552580710409772,2025,10,momentum
2025-06-16,0.004792124268338239,2025,10,momentum
2025-06-17,-0.00048061335753167827,2025,10,momentum
2025-06-18,-0.0009809807437376362,2025,10,momentum
2025-06-20,-0.01568282165924091,2025,10,momentum
2025-06-23,0.0016299957876631521,2025,10,momentum
2025-06-24,0.010031763309782827,2025,10,momentum
2025-06-25,0.008789660713067804,2025,10,momentum
2025-06-26,-0.003460690602700045,2025,10,momentum
2025-06-27,-0.0020972799234728386,2025,10,momentum
2025-06-30,-0.020718682851163295,2025,10,momentum
2025-07-01,0.006807260641378475,2025,10,momentum
2025-07-02,0.0011888048114237154,2025,10,momentum
2025-07-03,-0.007420051264488603,2025,10,momentum
2025-07-07,-0.023207782157354317,2025,10,momentum
2025-07-08,0.0033836266950455053,2025,10,momentum
2025-07-09,0.010161180947415693,2025,10,momentum
2025-07-10,0.007770903378991356,2025,10,momentum
2025-07-11,-0.002119318364126077,2025,10,momentum
2025-07-14,-0.00919704568230444,2025,10,momentum
2025-07-15,0.0070299742529388864,2025,10,momentum
2025-07-16,0.00301459939324552,2025,10,momentum
2025-07-17,-0.009849356520737085,2025,10,momentum
2025-07-18,-0.0069908489157594735,2025,10,momentum
2025-07-21,-0.003552568156143776,2025,10,momentum
2025-07-22,0.003365498655976063,2025,10,momentum
2025-07-23,0.007365224695520467,2025,10,momentum
2025-07-24,0.005006327720801151,2025,10,momentum
2025-07-25,0.00028607455866156394,2025,10,momentum
2025-07-28,0.013481011880261639,2025,10,momentum
2025-07-29,0.0003531106438512954,2025,10,momentum
2025-07-30,-0.007979914579364054,2025,10,momentum
2025-07-31,-0.008699762764499097,2025,10,momentum
2025-08-01,0.012332965042779764,2025,10,momentum
2025-08-04,0.0008684028901570606,2025,10,momentum
2025-08-05,-0.011185479791868968,2025,10,momentum
2025-08-06,0.01005141355860174,2025,10,momentum
2025-08-07,-0.0013908114100537163,2025,10,momentum
2025-08-08,0.001019544122628069,2025,10,momentum
2025-08-11,-0.00128279075803258,2025,10,momentum
2025-08-12,-0.012860015804671653,2025,10,momentum
2025-08-13,-0.00904813836310141,2025,10,momentum
2025-08-14,-0.005540381705253705,2025,10,momentum
2025-08-15,-0.005489552126449592,2025,10,momentum
2025-08-18,-0.005642374105401837,2025,10,momentum
2025-08-19,-0.0009604577655377367,2025,10,momentum
2025-08-20,0.0009079663924699386,2025,10,momentum
2025-08-21,0.007558893400534282,2025,10,momentum
2025-08-22,-0.004659779712738255,2025,10,momentum
2025-08-25,-0.008321356567867299,2025,10,momentum
2025-08-26,0.0014047387446575518,2025,10,momentum
2025-08-27,-0.002466544785309488,2025,10,momentum
2025-08-28,0.016989243147480192,2025,10,momentum
2025-08-29,-0.0002687593465528935,2025,10,momentum
2025-09-02,-5.049844268218968e-05,2025,10,momentum
2025-09-03,0.007964875047470565,2025,10,momentum
2025-09-04,-0.01793819797179357,2025,10,momentum
2025-09-05,0.0015840515140120416,2025,10,momentum
2025-09-08,-0.0060644069600759186,2025,10,momentum
2025-09-09,-0.0022143466768009715,2025,10,momentum
2025-09-10,-0.011997305958599902,2025,10,momentum
2025-09-11,-0.0004627069923611388,2025,10,momentum
2025-09-12,0.007981350908937025,2025,10,momentum
2025-09-15,-0.0030895721074445715,2025,10,momentum
2025-09-16,-0.01492592681026722,2025,10,momentum
2025-09-17,0.004753070864570131,2025,10,momentum
2025-09-18,0.00025629758804973646,2025,10,momentum
2025-09-19,0.010926673861922552,2025,10,momentum
2025-09-22,0.0017571555072854687,2025,10,momentum
2025-09-23,-0.006330238415764111,2025,10,momentum
2025-09-24,0.002080461299328762,2025,10,momentum
2025-09-25,-0.0009871933067313928,2025,10,momentum
2025-09-26,-0.004741926991109424,2025,10,momentum
2025-09-29,-0.01315895669793369,2025,10,momentum
2025-09-30,0.0037762811467144113,2025,10,momentum
2025-10-01,-0.000889605767473811,2025,10,momentum
2025-10-02,0.006982816943384373,2025,10,momentum
2025-10-03,-0.0039904141104986305,2025,10,momentum
2025-10-06,-0.0022470001891938818,2025,10,momentum
2025-10-07,0.018667733248640885,2025,10,momentum
2025-10-08,-0.001264438421565628,2025,10,momentum
2025-10-09,-0.012555304230394061,2025,10,momentum
2025-10-10,-0.015043108853248322,2025,10,momentum
2025-10-13,-0.01891519197161019,2025,10,momentum
2025-10-14,0.0144879874671092,2025,10,momentum
2025-10-15,-0.00988455377502393,2025,10,momentum
2025-10-16,-0.018846618331795663,2025,10,momentum
2025-10-17,-0.005277674293167013,2025,10,momentum
2025-10-20,-0.007352971316220503,2025,10,momentum
2025-10-21,-0.018743247660105013,2025,10,momentum
2025-10-22,-0.004196275142441952,2025,10,momentum
2025-10-23,-0.009755929308821331,2025,10,momentum
2025-10-24,-0.00026238984466356915,2025,10,momentum
2025-10-27,-0.01115439263616681,2025,10,momentum
2025-10-28,0.007467341866985876,2025,10,momentum
2025-10-29,0.007611425159551211,2025,10,momentum
2025-10-30,-0.0020985627540730523,2025,10,momentum
2025-10-31,0.016378341896601412,2025,10,momentum
2025-11-03,-0.020103452579169657,2025,10,momentum
2025-11-04,-0.002121204110913977,2025,10,momentum
2025-11-05,-0.005138932101042748,2025,10,momentum
2025-11-06,-0.006258421629174149,2025,10,momentum
2025-11-07,0.011745518068922479,2025,10,momentum
2025-11-10,-0.002650205623054425,2025,10,momentum
2025-11-11,-0.00706032860939021,2025,10,momentum
2025-11-12,0.005843660569488696,2025,10,momentum
2025-11-13,-0.0014274256386120343,2025,10,momentum
2025-11-14,0.010974143127649704,2025,10,momentum
2025-11-17,0.02188450816475057,2025,10,momentum
2025-11-18,-0.008156216678003324,2025,10,momentum
2025-11-19,0.0037386912806310676,2025,10,momentum
2025-11-20,0.007163580667976842,2025,10,momentum
2025-11-21,-0.006579021013389441,2025,10,momentum
2025-11-24,0.00713044601336109,2025,10,momentum
2025-11-25,-0.014122427146329343,2025,10,momentum
2025-11-26,-0.004379883006630292,2025,10,momentum
2025-11-28,-0.009363495950721347,2025,10,momentum
2025-12-01,-0.0005749147719297243,2025,10,momentum
2025-12-02,0.013848649017308357,2025,10,momentum
2025-12-03,-0.010639872236689153,2025,10,momentum
2025-12-04,0.014270673233123577,2025,10,momentum
2025-12-05,-0.003511244764751975,2025,10,momentum
2025-12-08,0.007709772885563692,2025,10,momentum
2025-12-09,0.007852349452069795,2025,10,momentum
2025-12-10,-0.012216475715963893,2025,10,momentum
2025-12-11,-0.02395115755465453,2025,10,momentum
2025-12-12,-0.002547010714745479,2025,10,momentum
2025-12-15,-0.012711728749947204,2025,10,momentum
2025-12-16,0.006545701113631841,2025,10,momentum
2025-12-17,-0.003053641988832267,2025,10,momentum
2025-12-18,-0.007054296589133013,2025,10,momentum
2025-12-19,0.005811494340598421,2025,10,momentum
2025-12-22,-0.00016076460309124565,2025,10,momentum
2025-12-23,0.0015826053269850978,2025,10,momentum
2025-12-24,-0.0015243368093403207,2025,10,momentum
2025-12-26,-0.00480627864590194,2025,10,momentum
2025-12-29,-0.003232582535975381,2025,10,momentum
2025-12-30,-7.688672123695728e-06,2025,10,momentum
2025-12-31,-0.008581161686908423,2025,10,momentum
2026-01-02,0.009754060890026438,2026,60,momentum
2026-01-05,-0.0026462041437333664,2026,60,momentum
2026-01-06,0.0034768539912482955,2026,60,momentum
2026-01-07,-0.0011529663454536432,2026,60,momentum
2026-01-08,-0.009561789384212416,2026,60,momentum
2026-01-09,0.0028909949555338986,2026,60,momentum
2026-01-12,0.0009823654262486991,2026,60,momentum
2026-01-13,0.022409372959059592,2026,60,momentum
2026-01-14,-0.0077170628975624656,2026,60,momentum
2026-01-15,0.003207186645684856,2026,60,momentum
2026-01-16,0.007102099051096978,2026,60,momentum
2026-01-20,0.018770282789896918,2026,60,momentum
2026-01-21,-0.0049730647379619295,2026,60,momentum
2026-01-22,-0.015222641080044008,2026,60,momentum
2026-01-23,-0.006135332138139704,2026,60,momentum
2026-01-26,0.003754681530766113,2026,60,momentum
2026-01-27,0.009224688363765976,2026,60,momentum
2026-01-28,0.029244112841420245,2026,60,momentum
2026-01-29,0.004181328680749741,2026,60,momentum
2026-01-30,0.022032155020898794,2026,60,momentum
2026-02-02,0.052485306033950574,2026,60,momentum
2026-02-03,0.00994852002390252,2026,60,momentum
2026-02-04,0.03389127229869619,2026,60,momentum
2026-02-05,-0.010712643674090359,2026,60,momentum
2026-02-06,-0.023808802896474867,2026,60,momentum
2026-02-09,0.01053691894589559,2026,60,momentum
2026-02-10,0.03660283726234782,2026,60,momentum
2026-02-11,0.004847779675162755,2026,60,momentum
2026-02-12,-0.005420197055742681,2026,60,momentum
2026-02-13,0.00011676957206671092,2026,60,momentum
2026-02-17,-0.009584259194418299,2026,60,momentum
2026-02-18,-5.563107890894665e-05,2026,60,momentum
2026-02-19,0.0013735717536513925,2026,60,momentum
2026-02-20,0.02268552027324905,2026,60,momentum
2026-02-23,-0.01184137684862716,2026,60,momentum
2026-02-24,-0.024533484692495534,2026,60,momentum
2026-02-25,-0.020537190443204865,2026,60,momentum
2026-02-26,-0.007735695062342173,2026,60,momentum
2026-02-27,0.0047597794067506085,2026,60,momentum
2026-03-02,-0.02370229158654156,2026,60,momentum
2026-03-03,-0.007733310231454215,2026,60,momentum
2026-03-04,-0.0336746768399917,2026,60,momentum
2026-03-05,0.005712907066056461,2026,60,momentum
2026-03-06,0.0007682220908571073,2026,60,momentum
2026-03-09,0.01088258213467367,2026,60,momentum
2026-03-10,-0.00486225254602024,2026,60,momentum
2026-03-11,0.010188978261059179,2026,60,momentum
2026-03-12,0.01601208745185535,2026,60,momentum
2026-03-13,-0.005786899179451787,2026,60,momentum
2026-03-16,-0.007026269884827829,2026,60,momentum
2026-03-17,0.005837545714106284,2026,60,momentum
2026-03-18,-0.00908901207580054,2026,60,momentum
2026-03-19,-0.006442075038009355,2026,60,momentum
2026-03-20,0.005684560462743404,2026,60,momentum
2026-03-23,0.023484563758427265,2026,60,momentum
2026-03-24,0.009173329686810172,2026,60,momentum
2026-03-25,-0.012905733144519937,2026,60,momentum
2026-03-26,0.02392777267975342,2026,60,momentum
2026-03-27,-0.020681020813295214,2026,60,momentum
2026-03-30,-0.005254056534495687,2026,60,momentum
2026-03-31,-0.0009503976002343097,2026,60,momentum
2026-04-01,-0.006239273521703226,2026,60,momentum
2026-04-02,-0.00016407433261224068,2026,60,momentum
2026-04-06,-0.014208300503472483,2026,60,momentum
2026-04-07,0.007444683906236838,2026,60,momentum
2026-04-08,0.01276476458069784,2026,60,momentum
2026-04-09,0.0051502132821167335,2026,60,momentum
2026-04-10,-0.043425569265107426,2026,60,momentum
2026-04-13,0.002136340978961582,2026,60,momentum
2026-04-14,-0.020383607500862256,2026,60,momentum
2026-04-15,0.012515519974090195,2026,60,momentum
2026-04-16,-0.026471154020273537,2026,60,momentum
2026-04-17,0.004411454645029578,2026,60,momentum
2026-04-20,0.008288124323278901,2026,60,momentum
2026-04-21,0.009878389552484967,2026,60,momentum
2026-04-22,0.04315241148652997,2026,60,momentum
2026-04-23,0.0036636960109913902,2026,60,momentum
2026-04-24,-0.009066311944972472,2026,60,momentum
2026-04-27,-0.007089565882595084,2026,60,momentum
2026-04-28,0.014906933111575626,2026,60,momentum
2026-04-29,0.008381373688354442,2026,60,momentum
2026-04-30,0.00868492360506693,2026,60,momentum
2026-05-01,0.005222790283030998,2026,60,momentum
2026-05-04,0.022477184806149953,2026,60,momentum
2026-05-05,0.01451868879947572,2026,60,momentum
2026-05-06,-0.00958970639451251,2026,60,momentum
2026-05-07,0.0402129403187053,2026,60,momentum
2026-05-08,0.01652503054107448,2026,60,momentum
2026-05-11,-0.017131052341472042,2026,60,momentum
2026-05-12,0.026891620908241397,2026,60,momentum
2026-05-13,0.008225510121010015,2026,60,momentum
2026-05-14,0.003531892469525944,2026,60,momentum
2026-05-15,-0.005160468430282793,2026,60,momentum
2026-05-18,-0.006199792305518913,2026,60,momentum
2026-05-19,-0.008993662699189798,2026,60,momentum
2026-05-20,-0.003904784252846072,2026,60,momentum
2026-05-21,0.010585528626344376,2026,60,momentum
2026-05-22,0.0079430765112652,2026,60,momentum
2026-05-26,-0.01501808728915348,2026,60,momentum
2026-05-27,0.009934365957714552,2026,60,momentum
2026-05-28,0.02056735979331811,2026,60,momentum
2026-05-29,0.014565979430862673,2026,60,momentum
2026-06-01,0.02914635386014288,2026,60,momentum
2026-06-02,-0.007512741143201662,2026,60,momentum
2026-06-03,-0.02339390012138153,2026,60,momentum
2026-06-04,-0.05797222316785544,2026,60,momentum
2026-06-05,0.019146516191497775,2026,60,momentum
2026-06-08,-0.030968553518866192,2026,60,momentum
2026-06-09,-0.01670073636390866,2026,60,momentum
2026-06-10,0.004853279388019403,2026,60,momentum
2026-06-11,0.012285941628639663,2026,60,momentum
2026-06-12,0.003734757562836767,2026,60,momentum
2026-06-15,-0.021095979828029597,2026,60,momentum
2026-06-16,0.02313410395100638,2026,60,momentum
2026-06-17,0.035774744437129156,2026,60,momentum
2026-06-18,0.03120536756655249,2026,60,momentum
2026-06-22,-0.032912945443609655,2026,60,momentum
2026-06-23,-0.014271273000793738,2026,60,momentum
2026-06-24,0.027684683135303458,2026,60,momentum
2026-06-25,-0.03219793044581121,2026,60,momentum
2026-06-26,0.01862442154780595,2026,60,momentum
2026-06-29,0.010718814910327312,2026,60,momentum
2026-06-30,-0.03609194226230389,2026,60,momentum
2026-07-01,-0.027505118843798006,2026,60,momentum
2026-07-02,0.0068530536076407585,2026,60,momentum
2026-07-06,-0.016414946270825827,2026,60,momentum
2026-07-07,0.009936075660803534,2026,60,momentum
2026-07-08,0.0016042804926856054,2026,60,momentum
2026-07-09,0.0016471309328736417,2026,60,momentum
2026-07-10,-0.0022886477355230856,2026,60,momentum
2026-07-13,0.0068817832638291224,2026,60,momentum
2026-07-14,-0.023688910584785873,2026,60,momentum
2026-07-15,-0.01390477743398597,2026,60,momentum
2026-07-16,0.014643026054585884,2026,60,momentum
2026-07-17,-0.0032985979325916848,2026,60,momentum
2026-07-20,0.018015260650960395,2026,60,momentum
2026-07-21,0.0004303354305147611,2026,60,momentum
2026-07-22,0.022528762726931086,2026,60,momentum
2026-07-23,-0.004078129726316793,2026,60,momentum
2026-07-24,-0.015485821067781513,2026,60,momentum
2026-07-27,-0.012613716678514587,2026,60,momentum
2026-07-28,-0.0056774464146867355,2026,60,momentum
2026-07-29,-0.035603992977115737,2026,60,momentum
2026-07-30,-0.03304728622743158,2026,60,momentum
2026-07-31,-0.02482357167657693,2026,60,momentum
2026-08-03,-0.025615113150833587,2026,60,momentum
2026-08-04,0.016189041618356048,2026,60,momentum
2026-08-05,-0.0002605569524136819,2026,60,momentum
2026-08-06,-0.01455522557350466,2026,60,momentum
2026-08-07,0.014456223588590411,2026,60,momentum
2026-08-10,0.00903908739346534,2026,60,momentum
2026-08-11,-0.005583372609186333,2026,60,momentum
2026-08-12,-0.010806432825848478,2026,60,momentum
2026-08-13,0.007603006978590754,2026,60,momentum
2026-08-14,0.004946715641835742,2026,60,momentum
2026-08-17,0.02200399417110216,2026,60,momentum
2026-08-18,0.015605659633632897,2026,60,momentum
2026-08-19,-0.003615712844723463,2026,60,momentum
2026-08-20,0.0002503093926393262,2026,60,momentum
2026-08-21,0.01863107539596509,2026,60,momentum
2026-08-24,-0.011096884462074252,2026,60,momentum
2026-08-25,-0.016166002951384827,2026,60,momentum
2026-08-26,-0.02581270776122937,2026,60,momentum
2026-08-27,0.016537373701505112,2026,60,momentum
2026-08-28,-0.013848733696553582,2026,60,momentum
2026-08-31,0.012307280387177776,2026,60,momentum
2026-09-01,0.001565112171130101,2026,60,momentum
2026-09-02,-0.0030577959065624556,2026,60,momentum
2026-09-03,-0.02495732760389835,2026,60,momentum
2026-09-04,-0.031758780072474624,2026,60,momentum
2026-09-08,0.00879728329685644,2026,60,momentum
2026-09-09,0.00999077085816602,2026,60,momentum
2026-09-10,-0.009876969137032775,2026,60,momentum
2026-09-11,0.009857241490513846,2026,60,momentum
2026-09-14,0.010321030950674614,2026,60,momentum
2026-09-15,-0.011406280051671713,2026,60,momentum
2026-09-16,-0.009554619396020881,2026,60,momentum
2026-09-17,-0.008359247078165854,2026,60,momentum
